---------------------------------------------- Log begins on Sun Apr 19 11:05:32 2026 ----------------------------------------------
I           m3dapp.cpp[0088]19/04 11:05:32 Starting up...
I           m3dapp.cpp[1498]19/04 11:05:33 ExMachina - release version release build v1.02 (Dec 21 2005 12:15:10)
I      Stackwalker.cpp[0608]19/04 11:05:33 Stackwalker: log file name will be 'b:/exmachina.gm.mod.sdk_/exceptions/hta.exe0020.log'
I      Stackwalker.cpp[0609]19/04 11:05:33 Stackwalker: dump file name will be 'b:/exmachina.gm.mod.sdk_/exceptions/hta.exe0020.dmp'
I      Stackwalker.cpp[0610]19/04 11:05:33 Stackwalker: game log file name will be 'b:/exmachina.gm.mod.sdk_/exceptions/hta.exe0020_game.log'
I           m3dapp.cpp[1391]19/04 11:05:33 Path: B:\ExMachina.GM.mod.SDK_
I           m3dapp.cpp[1392]19/04 11:05:33 Exe: B:\ExMachina.GM.mod.SDK_\hta.exe
I           m3dapp.cpp[1401]19/04 11:05:33 Windows version: 6.2.9200
I           m3dapp.cpp[1410]19/04 11:05:33 Computer name: DESKTOP-QQPV5MQ
I           m3dapp.cpp[1430]19/04 11:05:33 Cpu: GenuineIntel
I           m3dapp.cpp[1434]19/04 11:05:33 Cpu clock: ~3302
I           m3dapp.cpp[1459]19/04 11:05:33 Processor is mmx able
I           m3dapp.cpp[1470]19/04 11:05:33 Physical memory: 4095 MB
I           m3dapp.cpp[1471]19/04 11:05:33 Total memory:    4095 MB
I           m3dapp.cpp[1472]19/04 11:05:33 Physical memory available: 4095 MB
I           m3dapp.cpp[1473]19/04 11:05:33 Total memory available:    3809 MB
I           m3dapp.cpp[2846]19/04 11:05:33 SetCodepage -- using codepage 1251 '1251  (ANSI - кириллица)'
I           m3dapp.cpp[2154]19/04 11:05:33 NOTE! renderer is bind to dxrender9.dll
I           m3dapp.cpp[1336]19/04 11:05:33 d3d: Given device behavior: 80
I           m3dapp.cpp[1336]19/04 11:05:33 d3d: Confirmed device behavior: 80
I           m3dapp.cpp[1336]19/04 11:05:33 d3d: Description: NVIDIA GeForce GTX 1650
I           m3dapp.cpp[1336]19/04 11:05:33 d3d: Driver:      nvldumd.dll
I           m3dapp.cpp[1336]19/04 11:05:33 d3d: VendorId:    0x10de
I           m3dapp.cpp[1336]19/04 11:05:33 d3d: DeviceId:    0x1f0a
I           m3dapp.cpp[1336]19/04 11:05:33 d3d: SubSysId:    0x145c1771
I           m3dapp.cpp[1336]19/04 11:05:33 d3d: Revision:    161
I           m3dapp.cpp[1336]19/04 11:05:33 d3d: Driver version info:
I           m3dapp.cpp[1336]19/04 11:05:33 d3d:   Product:    32
I           m3dapp.cpp[1336]19/04 11:05:33 d3d:   Version:    0
I           m3dapp.cpp[1336]19/04 11:05:33 d3d:   SubVersion: 15
I           m3dapp.cpp[1336]19/04 11:05:33 d3d:   Build:      8129
I           m3dapp.cpp[1336]19/04 11:05:33 d3d: WHQLLevel:    0
I           m3dapp.cpp[1336]19/04 11:05:33 d3d: Texture max size: 16384x16384
I           m3dapp.cpp[1336]19/04 11:05:33 d3d: Guard band: (-100000000.000,-100000000.000,100000000.000,100000000.000)
I           m3dapp.cpp[1336]19/04 11:05:33 d3d: MaxTextureBlendStages: 8
I           m3dapp.cpp[1336]19/04 11:05:33 d3d: MaxSimultaneousTextures: 8
I           m3dapp.cpp[1336]19/04 11:05:33 d3d: MaxActiveLights: 10
I           m3dapp.cpp[1336]19/04 11:05:33 d3d: MaxUserClipPlanes: 8
I           m3dapp.cpp[1336]19/04 11:05:33 d3d: VertexShaderVersion: 0xfffe0300
I           m3dapp.cpp[1336]19/04 11:05:33 d3d: PixelShaderVersion: 0xffff0300
I           m3dapp.cpp[1336]19/04 11:05:33 d3d: Geometry instancing: supported
I           m3dapp.cpp[1336]19/04 11:05:33 d3d: Depth bias supported: yes
I           m3dapp.cpp[1336]19/04 11:05:33 d3d: Slope-scale based depth bias supported: yes
I           m3dapp.cpp[1336]19/04 11:05:33 d3d: HwRasterization: true
I           m3dapp.cpp[1336]19/04 11:05:33 d3d: HwTnL: true
I           m3dapp.cpp[1336]19/04 11:05:33 d3d: PureDevice: true
I           m3dapp.cpp[1336]19/04 11:05:33 d3d: CubeMap: true
I           m3dapp.cpp[1336]19/04 11:05:33 d3d: VolumeMap: true
I           m3dapp.cpp[1336]19/04 11:05:33 d3d: TextureAddressCaps:
I           m3dapp.cpp[1336]19/04 11:05:33 d3d: 	wrap: true
I           m3dapp.cpp[1336]19/04 11:05:33 d3d: 	clamp: true
I           m3dapp.cpp[1336]19/04 11:05:33 d3d: 	border: true
I           m3dapp.cpp[1336]19/04 11:05:33 d3d: Projective textures: true
I           m3dapp.cpp[1336]19/04 11:05:33 d3d: MaxPointSize: 8192.000
I           m3dapp.cpp[1336]19/04 11:05:33 d3d: MaxPrimitiveCount: 16777215
I           m3dapp.cpp[1336]19/04 11:05:33 d3d: MaxVertexIndex: 16777215
I           m3dapp.cpp[1336]19/04 11:05:33 d3d: MaxStreams: 16
I           m3dapp.cpp[1336]19/04 11:05:33 d3d: MaxStreamsStride: 255
I           m3dapp.cpp[1336]19/04 11:05:33 d3d: MaxAnisotropy: 16
I           m3dapp.cpp[1336]19/04 11:05:33 d3d: MaxVertexBlendMatrices: 4
I           m3dapp.cpp[1336]19/04 11:05:33 d3d: MaxVertexBlendMatrixIndex: 8
I           m3dapp.cpp[1336]19/04 11:05:33 d3d: FullScreenGamma: true
I           m3dapp.cpp[1336]19/04 11:05:33 d3d: COLORWRITEENABLE: true
I           m3dapp.cpp[1336]19/04 11:05:33 d3d: MASKZ: true
I           m3dapp.cpp[1336]19/04 11:05:33 d3d: BLENDOP: true
I           m3dapp.cpp[1336]19/04 11:05:33 d3d: CLIPPLANESCALEDPOINTS: false
I           m3dapp.cpp[1336]19/04 11:05:33 d3d: CLIPTLVERTS: true
I           m3dapp.cpp[1336]19/04 11:05:33 d3d: TSSARGTEMP: true
I           m3dapp.cpp[1336]19/04 11:05:33 d3d: DIRECTIONALLIGHTS: true
I           m3dapp.cpp[1336]19/04 11:05:33 d3d: LOCALVIEWER: true
I           m3dapp.cpp[1336]19/04 11:05:33 d3d: POSITIONALLIGHTS: true
I           m3dapp.cpp[1336]19/04 11:05:33 d3d: TEXGEN:  true
I           m3dapp.cpp[1336]19/04 11:05:33 d3d: TWEENING:  true
I           m3dapp.cpp[1336]19/04 11:05:33 d3d: Dp3: true
I           m3dapp.cpp[1336]19/04 11:05:33 d3d: Lerp: true
I           m3dapp.cpp[1336]19/04 11:05:33 d3d: MaxNpatchTessellationLevel: 0.000
I           m3dapp.cpp[1336]19/04 11:05:33 d3d: Query VCACHE support: true
I           m3dapp.cpp[1336]19/04 11:05:33 d3d: Query EVENT support: true
I           m3dapp.cpp[1336]19/04 11:05:33 d3d: Query OCCLUSION support: true
I           m3dapp.cpp[1336]19/04 11:05:33 d3d: Query TIMESTAMP support: true
I           m3dapp.cpp[1336]19/04 11:05:33 d3d: Query TIMESTAMPDISJOINT support: true
I           m3dapp.cpp[1336]19/04 11:05:33 d3d: Query TIMESTAMPFREQ support: true
I           m3dapp.cpp[1336]19/04 11:05:33 d3d: Query PIPELINETIMINGS support: false
I           m3dapp.cpp[1336]19/04 11:05:33 d3d: Query INTERFACETIMINGS support: false
I           m3dapp.cpp[1336]19/04 11:05:33 d3d: Query VERTEXTIMINGS support: false
I           m3dapp.cpp[1336]19/04 11:05:33 d3d: Query PIXELTIMINGS support: false
I           m3dapp.cpp[1336]19/04 11:05:33 d3d: Query BANDWIDTHTIMINGS support: false
I           m3dapp.cpp[1336]19/04 11:05:33 d3d: Query CACHEUTILIZATION support: false
I           m3dapp.cpp[1336]19/04 11:05:33 d3d: Creating or resetting the device
I           m3dapp.cpp[1336]19/04 11:05:33 d3d: Back buffer format: X8R8G8B8
I           m3dapp.cpp[1336]19/04 11:05:33 d3d: Depth/stencil buffer format: D24S8
I           m3dapp.cpp[1336]19/04 11:05:33 d3d: Stenciling: off
I           m3dapp.cpp[1336]19/04 11:05:33 d3d: Rgba textures format: DXT5
I           m3dapp.cpp[1336]19/04 11:05:33 d3d: Rgba no c. textures format: A8R8G8B8
I           m3dapp.cpp[1336]19/04 11:05:33 d3d: RgbA textures format: DXT5
I           m3dapp.cpp[1336]19/04 11:05:33 d3d: RgbA no c. textures format: A4R4G4B4
I           m3dapp.cpp[1336]19/04 11:05:33 d3d: Rt textures format: A8R8G8B8
I           m3dapp.cpp[1336]19/04 11:05:33 d3d: Shadow textures format: R5G6B5
I           m3dapp.cpp[1336]19/04 11:05:33 d3d: Rt depth format: D16
I           m3dapp.cpp[2206]19/04 11:05:33 NOTE! input is bind to input_di8.dll
I           m3dapp.cpp[1938]19/04 11:05:33 NOTE! sound is bind to sound.dll
I           m3dapp.cpp[1343]19/04 11:05:33 snd: Max sound channels available: 128
I           m3dapp.cpp[1343]19/04 11:05:33 snd: Sound is inited successfully
I           m3dapp.cpp[1350]19/04 11:05:33 input: Joystick not found
I             font.cpp[0976]19/04 11:05:33 FontManager: fonts are loaded successfully
I           m3dapp.cpp[1336]19/04 11:05:33 d3d: Cannot open data\models\logos\fishmen.dds
I           m3dapp.cpp[1336]19/04 11:05:33 d3d: texmap failed to load: data\models\logos\fishmen.dds
E       DraftModel.cpp[1002]19/04 11:05:33 Error: Couldn't load texture data\models\logos\fishmen.dds for model logos.gam
I           m3dapp.cpp[1336]19/04 11:05:33 d3d: Cannot open data\models\logos\logo36.dds
I           m3dapp.cpp[1336]19/04 11:05:33 d3d: texmap failed to load: data\models\logos\logo36.dds
E       DraftModel.cpp[1002]19/04 11:05:33 Error: Couldn't load texture data\models\logos\logo36.dds for model logos.gam
I           m3dapp.cpp[1336]19/04 11:05:33 d3d: Cannot open data\models\logos\logo37.dds
I           m3dapp.cpp[1336]19/04 11:05:33 d3d: texmap failed to load: data\models\logos\logo37.dds
E       DraftModel.cpp[1002]19/04 11:05:33 Error: Couldn't load texture data\models\logos\logo37.dds for model logos.gam
I           m3dapp.cpp[1336]19/04 11:05:33 d3d: Cannot open data\models\logos\logo38.dds
I           m3dapp.cpp[1336]19/04 11:05:33 d3d: texmap failed to load: data\models\logos\logo38.dds
E       DraftModel.cpp[1002]19/04 11:05:33 Error: Couldn't load texture data\models\logos\logo38.dds for model logos.gam
I           m3dapp.cpp[1336]19/04 11:05:33 d3d: Cannot open data\models\logos\logo39.dds
I           m3dapp.cpp[1336]19/04 11:05:33 d3d: texmap failed to load: data\models\logos\logo39.dds
E       DraftModel.cpp[1002]19/04 11:05:33 Error: Couldn't load texture data\models\logos\logo39.dds for model logos.gam
I           m3dapp.cpp[1336]19/04 11:05:33 d3d: Cannot open data\models\logos\logo40.dds
I           m3dapp.cpp[1336]19/04 11:05:33 d3d: texmap failed to load: data\models\logos\logo40.dds
E       DraftModel.cpp[1002]19/04 11:05:33 Error: Couldn't load texture data\models\logos\logo40.dds for model logos.gam
I           m3dapp.cpp[1336]19/04 11:05:33 d3d: Cannot open data\models\logos\logo41.dds
I           m3dapp.cpp[1336]19/04 11:05:33 d3d: texmap failed to load: data\models\logos\logo41.dds
E       DraftModel.cpp[1002]19/04 11:05:33 Error: Couldn't load texture data\models\logos\logo41.dds for model logos.gam
I           m3dapp.cpp[1336]19/04 11:05:33 d3d: Cannot open data\models\logos\logo42.dds
I           m3dapp.cpp[1336]19/04 11:05:33 d3d: texmap failed to load: data\models\logos\logo42.dds
E       DraftModel.cpp[1002]19/04 11:05:33 Error: Couldn't load texture data\models\logos\logo42.dds for model logos.gam
I           m3dapp.cpp[1336]19/04 11:05:33 d3d: Cannot open data\models\logos\logo43.dds
I           m3dapp.cpp[1336]19/04 11:05:33 d3d: texmap failed to load: data\models\logos\logo43.dds
E       DraftModel.cpp[1002]19/04 11:05:33 Error: Couldn't load texture data\models\logos\logo43.dds for model logos.gam
I           m3dapp.cpp[1336]19/04 11:05:33 d3d: Cannot open data\models\logos\logo44.dds
I           m3dapp.cpp[1336]19/04 11:05:33 d3d: texmap failed to load: data\models\logos\logo44.dds
E       DraftModel.cpp[1002]19/04 11:05:33 Error: Couldn't load texture data\models\logos\logo44.dds for model logos.gam
I           m3dapp.cpp[1336]19/04 11:05:33 d3d: Cannot open data\models\logos\logo45.dds
I           m3dapp.cpp[1336]19/04 11:05:33 d3d: texmap failed to load: data\models\logos\logo45.dds
E       DraftModel.cpp[1002]19/04 11:05:33 Error: Couldn't load texture data\models\logos\logo45.dds for model logos.gam
I           m3dapp.cpp[1336]19/04 11:05:33 d3d: Cannot open data\models\logos\logo46.dds
I           m3dapp.cpp[1336]19/04 11:05:33 d3d: texmap failed to load: data\models\logos\logo46.dds
E       DraftModel.cpp[1002]19/04 11:05:33 Error: Couldn't load texture data\models\logos\logo46.dds for model logos.gam
I           m3dapp.cpp[1336]19/04 11:05:33 d3d: Cannot open data\models\logos\logo47.dds
I           m3dapp.cpp[1336]19/04 11:05:33 d3d: texmap failed to load: data\models\logos\logo47.dds
E       DraftModel.cpp[1002]19/04 11:05:33 Error: Couldn't load texture data\models\logos\logo47.dds for model logos.gam
I           m3dapp.cpp[1336]19/04 11:05:33 d3d: Cannot open data\models\logos\logo48.dds
I           m3dapp.cpp[1336]19/04 11:05:33 d3d: texmap failed to load: data\models\logos\logo48.dds
E       DraftModel.cpp[1002]19/04 11:05:33 Error: Couldn't load texture data\models\logos\logo48.dds for model logos.gam
I           m3dapp.cpp[1336]19/04 11:05:33 d3d: Cannot open data\models\logos\logo49.dds
I           m3dapp.cpp[1336]19/04 11:05:33 d3d: texmap failed to load: data\models\logos\logo49.dds
E       DraftModel.cpp[1002]19/04 11:05:33 Error: Couldn't load texture data\models\logos\logo49.dds for model logos.gam
I           m3dapp.cpp[1336]19/04 11:05:33 d3d: Cannot open data\models\logos\logo50.dds
I           m3dapp.cpp[1336]19/04 11:05:33 d3d: texmap failed to load: data\models\logos\logo50.dds
E       DraftModel.cpp[1002]19/04 11:05:33 Error: Couldn't load texture data\models\logos\logo50.dds for model logos.gam
I           m3dapp.cpp[1336]19/04 11:05:33 d3d: Cannot open data\models\logos\logo51.dds
I           m3dapp.cpp[1336]19/04 11:05:33 d3d: texmap failed to load: data\models\logos\logo51.dds
E       DraftModel.cpp[1002]19/04 11:05:33 Error: Couldn't load texture data\models\logos\logo51.dds for model logos.gam
I           m3dapp.cpp[1336]19/04 11:05:33 d3d: Cannot open data\models\logos\logo52.dds
I           m3dapp.cpp[1336]19/04 11:05:33 d3d: texmap failed to load: data\models\logos\logo52.dds
E       DraftModel.cpp[1002]19/04 11:05:33 Error: Couldn't load texture data\models\logos\logo52.dds for model logos.gam
I           m3dapp.cpp[1336]19/04 11:05:33 d3d: Cannot open data\models\logos\logo53.dds
I           m3dapp.cpp[1336]19/04 11:05:33 d3d: texmap failed to load: data\models\logos\logo53.dds
E       DraftModel.cpp[1002]19/04 11:05:33 Error: Couldn't load texture data\models\logos\logo53.dds for model logos.gam
I           m3dapp.cpp[1336]19/04 11:05:33 d3d: Cannot open data\models\logos\logo54.dds
I           m3dapp.cpp[1336]19/04 11:05:33 d3d: texmap failed to load: data\models\logos\logo54.dds
E       DraftModel.cpp[1002]19/04 11:05:33 Error: Couldn't load texture data\models\logos\logo54.dds for model logos.gam
I           m3dapp.cpp[1336]19/04 11:05:33 d3d: Cannot open data\models\logos\logo55.dds
I           m3dapp.cpp[1336]19/04 11:05:33 d3d: texmap failed to load: data\models\logos\logo55.dds
E       DraftModel.cpp[1002]19/04 11:05:33 Error: Couldn't load texture data\models\logos\logo55.dds for model logos.gam
I           m3dapp.cpp[1336]19/04 11:05:33 d3d: Cannot open data\models\logos\logo56.dds
I           m3dapp.cpp[1336]19/04 11:05:33 d3d: texmap failed to load: data\models\logos\logo56.dds
E       DraftModel.cpp[1002]19/04 11:05:33 Error: Couldn't load texture data\models\logos\logo56.dds for model logos.gam
I           m3dapp.cpp[1336]19/04 11:05:33 d3d: Cannot open data\models\logos\logo57.dds
I           m3dapp.cpp[1336]19/04 11:05:33 d3d: texmap failed to load: data\models\logos\logo57.dds
E       DraftModel.cpp[1002]19/04 11:05:33 Error: Couldn't load texture data\models\logos\logo57.dds for model logos.gam
I           m3dapp.cpp[1336]19/04 11:05:33 d3d: Cannot open data\models\logos\logo58.dds
I           m3dapp.cpp[1336]19/04 11:05:33 d3d: texmap failed to load: data\models\logos\logo58.dds
E       DraftModel.cpp[1002]19/04 11:05:33 Error: Couldn't load texture data\models\logos\logo58.dds for model logos.gam
I           m3dapp.cpp[1336]19/04 11:05:33 d3d: Cannot open data\models\logos\logo59.dds
I           m3dapp.cpp[1336]19/04 11:05:33 d3d: texmap failed to load: data\models\logos\logo59.dds
E       DraftModel.cpp[1002]19/04 11:05:33 Error: Couldn't load texture data\models\logos\logo59.dds for model logos.gam
I           m3dapp.cpp[1336]19/04 11:05:33 d3d: Cannot open data\models\logos\logo60.dds
I           m3dapp.cpp[1336]19/04 11:05:33 d3d: texmap failed to load: data\models\logos\logo60.dds
E       DraftModel.cpp[1002]19/04 11:05:33 Error: Couldn't load texture data\models\logos\logo60.dds for model logos.gam
I           m3dapp.cpp[1336]19/04 11:05:33 d3d: Cannot open data\models\logos\logo61.dds
I           m3dapp.cpp[1336]19/04 11:05:33 d3d: texmap failed to load: data\models\logos\logo61.dds
E       DraftModel.cpp[1002]19/04 11:05:33 Error: Couldn't load texture data\models\logos\logo61.dds for model logos.gam
I           m3dapp.cpp[1336]19/04 11:05:33 d3d: Cannot open data\models\logos\logo62.dds
I           m3dapp.cpp[1336]19/04 11:05:33 d3d: texmap failed to load: data\models\logos\logo62.dds
E       DraftModel.cpp[1002]19/04 11:05:33 Error: Couldn't load texture data\models\logos\logo62.dds for model logos.gam
I           m3dapp.cpp[1336]19/04 11:05:33 d3d: Cannot open data\models\logos\logo63.dds
I           m3dapp.cpp[1336]19/04 11:05:33 d3d: texmap failed to load: data\models\logos\logo63.dds
E       DraftModel.cpp[1002]19/04 11:05:33 Error: Couldn't load texture data\models\logos\logo63.dds for model logos.gam
I           m3dapp.cpp[1336]19/04 11:05:33 d3d: Cannot open data\models\logos\logo64.dds
I           m3dapp.cpp[1336]19/04 11:05:33 d3d: texmap failed to load: data\models\logos\logo64.dds
E       DraftModel.cpp[1002]19/04 11:05:33 Error: Couldn't load texture data\models\logos\logo64.dds for model logos.gam
I           m3dapp.cpp[1336]19/04 11:05:33 d3d: Cannot open data\models\logos\logo65.dds
I           m3dapp.cpp[1336]19/04 11:05:33 d3d: texmap failed to load: data\models\logos\logo65.dds
E       DraftModel.cpp[1002]19/04 11:05:33 Error: Couldn't load texture data\models\logos\logo65.dds for model logos.gam
I           m3dapp.cpp[1336]19/04 11:05:33 d3d: Cannot open data\models\logos\logo66.dds
I           m3dapp.cpp[1336]19/04 11:05:33 d3d: texmap failed to load: data\models\logos\logo66.dds
E       DraftModel.cpp[1002]19/04 11:05:33 Error: Couldn't load texture data\models\logos\logo66.dds for model logos.gam
I           m3dapp.cpp[1336]19/04 11:05:33 d3d: Cannot open data\models\logos\logo67.dds
I           m3dapp.cpp[1336]19/04 11:05:33 d3d: texmap failed to load: data\models\logos\logo67.dds
E       DraftModel.cpp[1002]19/04 11:05:33 Error: Couldn't load texture data\models\logos\logo67.dds for model logos.gam
I           m3dapp.cpp[1336]19/04 11:05:33 d3d: Cannot open data\models\logos\logo68.dds
I           m3dapp.cpp[1336]19/04 11:05:33 d3d: texmap failed to load: data\models\logos\logo68.dds
E       DraftModel.cpp[1002]19/04 11:05:33 Error: Couldn't load texture data\models\logos\logo68.dds for model logos.gam
I           m3dapp.cpp[1336]19/04 11:05:33 d3d: Cannot open data\models\logos\logo69.dds
I           m3dapp.cpp[1336]19/04 11:05:33 d3d: texmap failed to load: data\models\logos\logo69.dds
E       DraftModel.cpp[1002]19/04 11:05:33 Error: Couldn't load texture data\models\logos\logo69.dds for model logos.gam
I           m3dapp.cpp[1336]19/04 11:05:33 d3d: Cannot open data\models\logos\logo70.dds
I           m3dapp.cpp[1336]19/04 11:05:33 d3d: texmap failed to load: data\models\logos\logo70.dds
E       DraftModel.cpp[1002]19/04 11:05:33 Error: Couldn't load texture data\models\logos\logo70.dds for model logos.gam
I      gameimpulse.cpp[0288]19/04 11:05:33 Key bindings: were inited successfully
I           view32.cpp[0705]19/04 11:05:33 --- Init Media ---
I    GameUiManager.cpp[0303]19/04 11:05:33 Interface: is initializing...
I    GameUiManager.cpp[1580]19/04 11:05:33 Interface: clearing resource infos ...
I    GameUiManager.cpp[1491]19/04 11:05:33 Interface: loading resource infos ...
I    GameUiManager.cpp[1603]19/04 11:05:33 Interface: loading resources ...
I           m3dapp.cpp[1343]19/04 11:05:33 snd: Error: Can't Open SoundFile: 
I           m3dapp.cpp[1343]19/04 11:05:33 snd: Cannot open sound stream from file . Error: File not found, flags: 8272
I    GameUiManager.cpp[0395]19/04 11:05:33 Interface: is inited successfully
I        LevelInfo.cpp[0806]19/04 11:05:33 Level infos were loaded successfully from file data\if\diz\LevelInfo.xml
I        LevelInfo.cpp[0837]19/04 11:05:33 Error: could't open data\maps\r1m8.ssl file
E        LevelInfo.cpp[0749]19/04 11:05:33 LevelInfoManager was inited with errors
I   TruxxUiManager.cpp[0191]19/04 11:05:33 TruxxUiManager: was inited successfully
I      gameimpulse.cpp[0618]19/04 11:05:33 Key bindings: unbind all is done
I      gameimpulse.cpp[0324]19/04 11:05:33 Key bindings: were loaded successfully from file data\scripts\DefaultKeyBindings.lua
I      gameimpulse.cpp[1194]19/04 11:05:33 Key bindings: were bind from defaults
I            video.cpp[0704]19/04 11:05:33 Could not load specified video file: data\video\logobuka.wmv (hr = 80070003)
I     view32_video.cpp[0061]19/04 11:05:33 Error: couldn't load video 'data\video\logobuka.wmv'
I            video.cpp[0704]19/04 11:05:33 Could not load specified video file: data\video\logotargem.wmv (hr = 80070003)
I     view32_video.cpp[0061]19/04 11:05:33 Error: couldn't load video 'data\video\logotargem.wmv'
I            video.cpp[0704]19/04 11:05:33 Could not load specified video file: data\video\INTRO_RUS_FIELD.wmv (hr = 80070003)
I     view32_video.cpp[0061]19/04 11:05:33 Error: couldn't load video 'data\video\INTRO_RUS_FIELD.wmv'
I             core.lua[0013]19/04 11:05:33 IMPROVED STORYLINE V1.0.5.3 ORIGINAL BUILD 220422
I           m3dapp.cpp[1808]19/04 11:05:33 ----------------------- Engine inited in: 0
I          Profile.cpp[0602]19/04 11:05:33 Profile "RiverZone" set
I   TruxxUiManager.cpp[1422]19/04 11:05:33 Game mode changed. Old mode = 3, new mode = 2
I        SplashWnd.cpp[0244]19/04 11:05:33 Start splashing 11
I           view32.cpp[1048]19/04 11:05:33 -- Loading Level: data\maps\mainmenu.ssl --
I            world.cpp[0132]19/04 11:05:34 ----------------------- World Loading
F        landscape.cpp[1674]19/04 11:05:34  +- Enter function: Landscape::Load()
I        landscape.cpp[1911]19/04 11:05:34  |  ----------------------- Normal map loaded in: 0
I        landscape.cpp[1920]19/04 11:05:34  |  ----------------------- Tiles loaded in: 9
I        landscape.cpp[1944]19/04 11:05:34  |  ----------------------- ShoreLine loaded in: 0
F        landscape.cpp[1944]19/04 11:05:34  +- Exit function: Landscape::Load()
I            world.cpp[0169]19/04 11:05:34 ----------------------- Landscape loaded in: 46
I       DataServer.cpp[0587]19/04 11:05:34 Loading Servers: data\maps\MainMenu\servers.xml
I serverAnimatedModel.cpp[0630]19/04 11:05:34 ### Total time: 500, GAM time: 266
I       DataServer.cpp[0587]19/04 11:05:34 Loading Servers: data\models\commonservers.xml
E      serverMusic.cpp[0216]19/04 11:05:35 MusicServer: cannot read file: data\music\music.xml id = 'LaBelleTown'
E      serverMusic.cpp[0216]19/04 11:05:35 MusicServer: cannot read file: data\music\music.xml id = 'block6_driving2'
I            world.cpp[0210]19/04 11:05:35 ----------------------- Servers loaded in: 1666
I            world.cpp[0338]19/04 11:05:35 LoadWorld begin...
I            world.cpp[0350]19/04 11:05:35 %%%% read/parse xml: 6
I            world.cpp[0362]19/04 11:05:35 %%%% read from xml: 2
E    PlayerPassMap.cpp[0139]19/04 11:05:35 Couldn't load player pass map from file data\maps\MainMenu\player_passmap.xml
I            world.cpp[0444]19/04 11:05:35 %%%% link nodes: 8
I            world.cpp[0220]19/04 11:05:35 ----------------------- Nodes loaded in: 17
I            world.cpp[0228]19/04 11:05:35 ----------------------- Prefabs loaded in: 0
I            world.cpp[0247]19/04 11:05:35 ----------------------- World loaded in: 1801
I            world.cpp[0278]19/04 11:05:35 ----------------------- Roads loaded in: 60
I           view32.cpp[1078]19/04 11:05:35 Load Server begin...
I   TruxxUiManager.cpp[0974]19/04 11:05:35 Interface: is loaded successfully
I           server.cpp[0789]19/04 11:05:35 AI: Loading Server...
I           server.cpp[0796]19/04 11:05:35 	AI: Loading Relationship
I     Relationship.cpp[0134]19/04 11:05:35 		 File readed
I           server.cpp[0801]19/04 11:05:35 	AI: Loading SoilProps
I           server.cpp[0804]19/04 11:05:35 	AI: Loading ExternalPaths
I           server.cpp[0807]19/04 11:05:35 	AI: Loading PlayerPassMap
E    PlayerPassMap.cpp[0139]19/04 11:05:35 Couldn't load player pass map from file data\maps\MainMenu\player_passmap.xml
I           server.cpp[0813]19/04 11:05:35 	AI: Loading GameObjects
I           server.cpp[0816]19/04 11:05:35 	AI: Initializing VehicleGeneratorInfoCache
I           server.cpp[0820]19/04 11:05:35 	AI: Refreshing GameObjects
I           server.cpp[0824]19/04 11:05:36 	AI: Loading QuestStates
I       QuestState.cpp[0904]19/04 11:05:36 Quest 'Human1_Quest1' can be given now
I       QuestState.cpp[0904]19/04 11:05:36 Quest 'Human1_Quest2' can be given now
I       QuestState.cpp[0904]19/04 11:05:36 Quest 'BenGoodEnd' can be given now
I       QuestState.cpp[0904]19/04 11:05:36 Quest 'q_PlaceWithSign' can be given now
I       QuestState.cpp[0904]19/04 11:05:36 Quest 'r3m2_OracleMemory' can be given now
I       QuestState.cpp[0904]19/04 11:05:36 Quest 'r3m2_TalkWithLisa' can be given now
I       QuestState.cpp[0904]19/04 11:05:36 Quest 'r3m2_TalkWithBenAboutCarAfterOracul' can be given now
I       QuestState.cpp[0904]19/04 11:05:36 Quest 'r3m2_FindInfoAboutFather' can be given now
I       QuestState.cpp[0904]19/04 11:05:36 Quest 'r3m1_LureMainDriud' can be given now
I       QuestState.cpp[0904]19/04 11:05:36 Quest 'r3m1_ClearSanctuary' can be given now
I       QuestState.cpp[0904]19/04 11:05:36 Quest 'r3m1_KnowAboutUluk' can be given now
I       QuestState.cpp[0904]19/04 11:05:36 Quest 'r3m1_RescueUlukCivil' can be given now
I       QuestState.cpp[0904]19/04 11:05:36 Quest 'q_VisitDruid' can be given now
I       QuestState.cpp[0904]19/04 11:05:36 Quest 'r2m2_Znaki2_Quest' can be given now
I       QuestState.cpp[0904]19/04 11:05:36 Quest 'r2m2_HeadsHunterQuest' can be given now
I       QuestState.cpp[0904]19/04 11:05:36 Quest 'r2m2_OldDvigatel1_Quest' can be given now
I       QuestState.cpp[0904]19/04 11:05:36 Quest 'r2m2_OldDvigatel2_Quest' can be given now
I       QuestState.cpp[0904]19/04 11:05:36 Quest 'r2m2_FightFelix' can be given now
I       QuestState.cpp[0904]19/04 11:05:36 Quest 'r2m2_ReturnToMarecciaFromCastle' can be given now
I       QuestState.cpp[0904]19/04 11:05:36 Quest 'r2m2_FightWithAxelInArena_Quest' can be given now
I       QuestState.cpp[0904]19/04 11:05:36 Quest 'r2m2_FindLisAfterAxelAndFatherDie_Quest' can be given now
I       QuestState.cpp[0904]19/04 11:05:36 Quest 'r2m2_ToLisaToMonastir' can be given now
I       QuestState.cpp[0904]19/04 11:05:36 Quest 'r2m2_FightLisaToMonastir' can be given now
I       QuestState.cpp[0904]19/04 11:05:36 Quest 'r2m2_GiveDisk2ToOrakul' can be given now
I       QuestState.cpp[0904]19/04 11:05:36 Quest 'MrShlyapa3_Quest' can be given now
I       QuestState.cpp[0904]19/04 11:05:36 Quest 'r2m1_ArtAntipod_Quest' can be given now
I       QuestState.cpp[0904]19/04 11:05:36 Quest 'r2m1_TakeNarcotics_Quest' can be given now
I       QuestState.cpp[0904]19/04 11:05:36 Quest 'r2m1_KillGodFather_Quest' can be given now
I       QuestState.cpp[0904]19/04 11:05:36 Quest 'MrShlyapaSecret' can be given now
I       QuestState.cpp[0904]19/04 11:05:36 Quest 'd_GetSupportOneOfTheBands2_Quest' can be given now
I       QuestState.cpp[0904]19/04 11:05:36 Quest 'd_GetSupportOneOfTheBands1_Quest' can be given now
I       QuestState.cpp[0904]19/04 11:05:36 Quest 'd_FindVerbInAR_Quest' can be given now
I       QuestState.cpp[0904]19/04 11:05:36 Quest 'd_FindVerbInSNG_Quest' can be given now
I       QuestState.cpp[0904]19/04 11:05:36 Quest 'd_PatrulSideSNG_Quest' can be given now
I       QuestState.cpp[0904]19/04 11:05:36 Quest 'd_TakeGeneralOfBandits_Quest' can be given now
I       QuestState.cpp[0904]19/04 11:05:36 Quest 'r2m1_TW_AlienInShip' can be given now
I       QuestState.cpp[0904]19/04 11:05:36 Quest 'Podderzhka_Quest' can be given now
I       QuestState.cpp[0904]19/04 11:05:36 Quest 'Zashita_Quest' can be given now
I       QuestState.cpp[0904]19/04 11:05:36 Quest 'preEretik_Quest' can be given now
I       QuestState.cpp[0904]19/04 11:05:36 Quest 'ReturnQuest' can be given now
I       QuestState.cpp[0904]19/04 11:05:36 Quest 'd_FindVerbInAM_Quest' can be given now
I       QuestState.cpp[0904]19/04 11:05:36 Quest 'OdettIsDead_Quest' can be given now
I       QuestState.cpp[0904]19/04 11:05:36 Quest 'Disk2OrakulLisa' can be given now
I       QuestState.cpp[0904]19/04 11:05:36 Quest 'FindGomerB_Quest1' can be given now
I       QuestState.cpp[0904]19/04 11:05:36 Quest 'FreeExtremistLeader_Quest1' can be given now
I       QuestState.cpp[0904]19/04 11:05:36 Quest 'KillExtremist_Quest1' can be given now
I       QuestState.cpp[0904]19/04 11:05:36 Quest 'r1m4_TalkWithOldTraderAboutSecondDisk' can be given now
I       QuestState.cpp[0904]19/04 11:05:36 Quest 'q_FindHusbent' can be given now
I       QuestState.cpp[0904]19/04 11:05:36 Quest 'RybakToOlm_Quest' can be given now
I       QuestState.cpp[0904]19/04 11:05:36 Quest 'AnanagaTech_Quest' can be given now
I       QuestState.cpp[0904]19/04 11:05:36 Quest 'MrShlyapa2_Quest' can be given now
I       QuestState.cpp[0904]19/04 11:05:36 Quest 'ToCordanToTikhomir_Quest' can be given now
I       QuestState.cpp[0904]19/04 11:05:36 Quest 'r1m3_BonnyAndKlideQuest' can be given now
I       QuestState.cpp[0904]19/04 11:05:36 Quest 'r1m3_ArchHelp' can be given now
I       QuestState.cpp[0904]19/04 11:05:36 Quest 'r1m3_CrazyManQuest' can be given now
I       QuestState.cpp[0904]19/04 11:05:36 Quest 'r1m3_OldTownOutsiderCar2_Quest' can be given now
I       QuestState.cpp[0904]19/04 11:05:36 Quest 'FightForPesht' can be given now
I       QuestState.cpp[0904]19/04 11:05:36 Quest 'd_RideAcrossBase_Quest' can be given now
I       QuestState.cpp[0904]19/04 11:05:36 Quest 'd_GiveMoneyToBase_Quest' can be given now
I       QuestState.cpp[0904]19/04 11:05:36 Quest 'd_GetBomb_Quest' can be given now
I       QuestState.cpp[0904]19/04 11:05:36 Quest 'd_IntrigaOfMerMinin_Quest' can be given now
I       QuestState.cpp[0904]19/04 11:05:36 Quest 'd_MoveFreelancersToOilMine_Quest' can be given now
I       QuestState.cpp[0904]19/04 11:05:36 Quest 'd_MoveCanistraToMinin_Quest' can be given now
I       QuestState.cpp[0904]19/04 11:05:36 Quest 'd_OpenTunel_Quest' can be given now
I       QuestState.cpp[0904]19/04 11:05:36 Quest 'r1m3_TalkWithThiefFromFatherHouse' can be given now
I       QuestState.cpp[0904]19/04 11:05:36 Quest 'r1m3_MoveToOraculAfterThief' can be given now
I       QuestState.cpp[0904]19/04 11:05:36 Quest 'r1m3_ToLisaToAsgard' can be given now
I       QuestState.cpp[0904]19/04 11:05:36 Quest 'r1m3_TW_OralceAboutAlien' can be given now
I       QuestState.cpp[0904]19/04 11:05:36 Quest 'r1m3_DestroyRadiationSource' can be given now
I       QuestState.cpp[0904]19/04 11:05:36 Quest 'r2m1_DestroyAlienShip' can be given now
I       QuestState.cpp[0904]19/04 11:05:36 Quest 'd_PayWorkersMoney_Quest' can be given now
I       QuestState.cpp[0904]19/04 11:05:36 Quest 'r2m1_TW_SellsCivilian' can be given now
I       QuestState.cpp[0904]19/04 11:05:36 Quest 'MorskieVrata2_Quest' can be given now
I       QuestState.cpp[0904]19/04 11:05:36 Quest 'Zachisti1_Quest' can be given now
I       QuestState.cpp[0904]19/04 11:05:36 Quest 'LisaVPeshte' can be given now
I       QuestState.cpp[0904]19/04 11:05:36 Quest 'LisaUBena' can be given now
I       QuestState.cpp[0904]19/04 11:05:36 Quest 'WhereSigns_Quest' can be given now
I       QuestState.cpp[0904]19/04 11:05:36 Quest 'CombatInKollizey_Quest' can be given now
I       QuestState.cpp[0904]19/04 11:05:36 Quest 'BuyKollizey_Quest' can be given now
I       QuestState.cpp[0904]19/04 11:05:36 Quest 'Kollizey_Quest' can be given now
I       QuestState.cpp[0904]19/04 11:05:36 Quest 'HelpRuins_Quest' can be given now
I       QuestState.cpp[0904]19/04 11:05:36 Quest 'DestroyRuins_Quest' can be given now
I       QuestState.cpp[0904]19/04 11:05:36 Quest 'DestroyRuins2_Quest' can be given now
I       QuestState.cpp[0904]19/04 11:05:36 Quest 'Signs_Quest' can be given now
I       QuestState.cpp[0904]19/04 11:05:36 Quest 'MrShlyapa1_Quest' can be given now
I       QuestState.cpp[0904]19/04 11:05:36 Quest 'FindBen2_Quest' can be given now
I       QuestState.cpp[0904]19/04 11:05:36 Quest 'd_FindHouseOfBen_Quest' can be given now
I       QuestState.cpp[0904]19/04 11:05:36 Quest 'r1m2_TW_BanAboutAlien' can be given now
I       QuestState.cpp[0904]19/04 11:05:36 Quest 'r1m3_DestroyOracle' can be given now
I       QuestState.cpp[0904]19/04 11:05:36 Quest 'Pomiritsa_Quest' can be given now
I       QuestState.cpp[0904]19/04 11:05:36 Quest 'VYar_Quest' can be given now
I       QuestState.cpp[0904]19/04 11:05:36 Quest 'FindBenMZ_Quest' can be given now
I       QuestState.cpp[0904]19/04 11:05:36 Quest 'QuickFindBen' can be given now
I       QuestState.cpp[0904]19/04 11:05:36 Quest 'OpenMid_Quest' can be given now
I       QuestState.cpp[0904]19/04 11:05:36 Quest 'TalkBeforeDesert' can be given now
I       QuestState.cpp[0904]19/04 11:05:36 Quest 'ZashitaGotova' can be given now
I       QuestState.cpp[0904]19/04 11:05:36 Quest 'FakeQuest1' can be given now
I       QuestState.cpp[0904]19/04 11:05:36 Quest 'Chehly_Quest' can be given now
I       QuestState.cpp[0904]19/04 11:05:36 Quest 'WorkGiver_Quest1' can be given now
I       QuestState.cpp[0904]19/04 11:05:36 Quest 'd_PunishBandits_Quest' can be given now
I       QuestState.cpp[0904]19/04 11:05:36 Quest 'r1m1_Hospital_Quest' can be given now
I       QuestState.cpp[0904]19/04 11:05:36 Quest 'r1m1_Botanik_Quest' can be given now
I       QuestState.cpp[0904]19/04 11:05:36 Quest 'r1m1_FindBotanik_Quest' can be given now
I       QuestState.cpp[0904]19/04 11:05:36 Quest 'Buyer_Quest1' can be given now
I       QuestState.cpp[0904]19/04 11:05:36 Quest 'FirstTimePlay' can be given now
I       QuestState.cpp[0904]19/04 11:05:36 Quest 'TalkWithFather_Quest' can be given now
I       QuestState.cpp[0904]19/04 11:05:36 Quest 'LisaAtSouth' can be given now
I       QuestState.cpp[0904]19/04 11:05:36 Quest 'FindBen_Quest' can be given now
I       QuestState.cpp[0904]19/04 11:05:36 Quest 'FindBenAgain_Quest' can be given now
I       QuestState.cpp[0904]19/04 11:05:36 Quest 'd_SinFather_Quest' can be given now
I       QuestState.cpp[0904]19/04 11:05:36 Quest 'TalkToVasily' can be given now
I       QuestState.cpp[0904]19/04 11:05:36 Quest 'CheckTheEast' can be given now
I       QuestState.cpp[0904]19/04 11:05:36 Quest 'BenSouth_Quest' can be given now
I           server.cpp[0826]19/04 11:05:36 	AI: QuestStates loaded
I           server.cpp[0828]19/04 11:05:36 	AI: Loading DynamicScene
I     DynamicScene.cpp[1470]19/04 11:05:36 		 Scene loading begin
I     DynamicScene.cpp[1472]19/04 11:05:36 		 Scene loading end
I           server.cpp[0837]19/04 11:05:36 	AI: DynamicScene loaded
I           server.cpp[0852]19/04 11:05:36 	AI: Loading Triggers
E           server.cpp[1242]19/04 11:05:36 Error: cannot open data\maps\MainMenu\
I           server.cpp[0855]19/04 11:05:36 	AI: Triggers loaded
I           server.cpp[0857]19/04 11:05:36 	AI: Loading Object Names
E     ObjContainer.cpp[1104]19/04 11:05:36 Error: cannot open data\maps\MainMenu\object_names.xml
I           server.cpp[0868]19/04 11:05:36 	AI: Initing Player
I           server.cpp[0888]19/04 11:05:36 		Before first Update
I   TruxxUiManager.cpp[1422]19/04 11:05:36 Game mode changed. Old mode = 2, new mode = 1
I           server.cpp[0909]19/04 11:05:36 		After first Update
I           server.cpp[0911]19/04 11:05:36 AI: Finished Loading Server
I           view32.cpp[1106]19/04 11:05:36 Load server end
I        QuestInfo.cpp[0847]19/04 11:05:36 Quest infos were loaded successfully from file data\if\diz\QuestInfoGlobal.xml
I        QuestInfo.cpp[0783]19/04 11:05:36 QuestInfo manager was inited successfully
I       MsgManager.cpp[0391]19/04 11:05:36 Can't open file data\maps\MainMenu\strings.xml for read.
I    GameUiManager.cpp[0303]19/04 11:05:36 Interface: is initializing...
I    GameUiManager.cpp[0405]19/04 11:05:36 Interface: is clearing...
I    GameUiManager.cpp[0495]19/04 11:05:36 Interface: is cleared successfully
I    GameUiManager.cpp[0395]19/04 11:05:36 Interface: is inited successfully
I blockMusicManager.cpp[0199]19/04 11:05:36 BlockMusicManager: resetting
I      gameimpulse.cpp[0618]19/04 11:05:36 Key bindings: unbind all is done
I      gameimpulse.cpp[0618]19/04 11:05:36 Key bindings: unbind all is done
I      gameimpulse.cpp[0324]19/04 11:05:36 Key bindings: were loaded successfully from file data/profiles/riverzone\KeyBindings.lua
I      gameimpulse.cpp[1222]19/04 11:05:36 Key bindings: were loaded from profile
I        SplashWnd.cpp[0244]19/04 11:05:41 Start splashing 11
I   TruxxUiManager.cpp[1422]19/04 11:05:41 Game mode changed. Old mode = 1, new mode = 0
I    GameUiManager.cpp[0405]19/04 11:05:41 Interface: is clearing...
I    GameUiManager.cpp[0495]19/04 11:05:41 Interface: is cleared successfully
I           view32.cpp[1048]19/04 11:05:41 -- Loading Level: data\maps\r1m1.ssl --
I            world.cpp[0132]19/04 11:05:41 ----------------------- World Loading
F        landscape.cpp[1674]19/04 11:05:41  +- Enter function: Landscape::Load()
I        landscape.cpp[1911]19/04 11:05:41  |  ----------------------- Normal map loaded in: 1
I        landscape.cpp[1920]19/04 11:05:41  |  ----------------------- Tiles loaded in: 12
I        landscape.cpp[1944]19/04 11:05:41  |  ----------------------- ShoreLine loaded in: 0
F        landscape.cpp[1944]19/04 11:05:41  +- Exit function: Landscape::Load()
I            world.cpp[0169]19/04 11:05:41 ----------------------- Landscape loaded in: 58
I       DataServer.cpp[0587]19/04 11:05:41 Loading Servers: data\maps\r1m1\servers.xml
E       DraftModel.cpp[1002]19/04 11:05:42 Error: Couldn't load texture data\models\vehicles\belaz\cab01_mt.dds for model cargov1.gam
E       DraftModel.cpp[1002]19/04 11:05:42 Error: Couldn't load texture data\models\vehicles\belaz\cab01_mt.dds for model cargov1.gam
E       DraftModel.cpp[1002]19/04 11:05:42 Error: Couldn't load texture data\models\vehicles\belaz\cab01_mt.dds for model cargov1.gam
E       DraftModel.cpp[1002]19/04 11:05:42 Error: Couldn't load texture data\models\vehicles\belaz\cab01_mt.dds for model cargov1.gam
E       DraftModel.cpp[1002]19/04 11:05:42 Error: Couldn't load texture data\models\vehicles\belaz\cab01_mt.dds for model cargov1.gam
I serverAnimatedModel.cpp[0630]19/04 11:05:43 ### Total time: 1843, GAM time: 1578
I       DataServer.cpp[0587]19/04 11:05:43 Loading Servers: data\models\commonservers.xml
E      serverMusic.cpp[0216]19/04 11:05:44 MusicServer: cannot read file: data\music\music.xml id = 'LaBelleTown'
E      serverMusic.cpp[0216]19/04 11:05:44 MusicServer: cannot read file: data\music\music.xml id = 'block6_driving2'
I            world.cpp[0210]19/04 11:05:44 ----------------------- Servers loaded in: 2127
I            world.cpp[0338]19/04 11:05:44 LoadWorld begin...
I            world.cpp[0350]19/04 11:05:44 %%%% read/parse xml: 29
I            world.cpp[0362]19/04 11:05:44 %%%% read from xml: 15
I            world.cpp[0444]19/04 11:05:44 %%%% link nodes: 33
I            world.cpp[0220]19/04 11:05:44 ----------------------- Nodes loaded in: 79
I            world.cpp[0228]19/04 11:05:44 ----------------------- Prefabs loaded in: 0
I            world.cpp[0247]19/04 11:05:44 ----------------------- World loaded in: 2359
I            world.cpp[0278]19/04 11:05:44 ----------------------- Roads loaded in: 99
I           view32.cpp[1078]19/04 11:05:44 Load Server begin...
I            Reply.cpp[0415]19/04 11:05:44 Replies were loaded successfully from file data\if\diz\DialogsGlobal.xml
I            Reply.cpp[0415]19/04 11:05:44 Replies were loaded successfully from file data\if\diz\DynamicDialogsGlobal.xml
I            Reply.cpp[0343]19/04 11:05:44 RepliesManager was inited successfully
I    GameUiManager.cpp[1603]19/04 11:05:44 Interface: loading resources ...
I     ObjectsIcons.cpp[0198]19/04 11:05:44 ObjectsIcons::AddIcon warning - ico with id SpeedPointer already exists and wiil be replaced
I    GameUiManager.cpp[1603]19/04 11:05:44 Interface: loading resources ...
I   TruxxUiManager.cpp[0974]19/04 11:05:44 Interface: is loaded successfully
I           server.cpp[0789]19/04 11:05:44 AI: Loading Server...
I           server.cpp[0796]19/04 11:05:44 	AI: Loading Relationship
I     Relationship.cpp[0134]19/04 11:05:44 		 File readed
I           server.cpp[0801]19/04 11:05:44 	AI: Loading SoilProps
I           server.cpp[0804]19/04 11:05:44 	AI: Loading ExternalPaths
I           server.cpp[0807]19/04 11:05:44 	AI: Loading PlayerPassMap
I           server.cpp[0813]19/04 11:05:44 	AI: Loading GameObjects
I           server.cpp[0816]19/04 11:05:44 	AI: Initializing VehicleGeneratorInfoCache
I           server.cpp[0820]19/04 11:05:44 	AI: Refreshing GameObjects
E      VehiclePart.cpp[0138]19/04 11:05:45 Error: collision geom in vehicle part name = 'heavy_dot1' is not BOX
I           server.cpp[0824]19/04 11:05:45 	AI: Loading QuestStates
I       QuestState.cpp[0904]19/04 11:05:45 Quest 'Human1_Quest1' can be given now
I       QuestState.cpp[0904]19/04 11:05:45 Quest 'Human1_Quest2' can be given now
I       QuestState.cpp[0904]19/04 11:05:45 Quest 'BenGoodEnd' can be given now
I       QuestState.cpp[0904]19/04 11:05:45 Quest 'q_PlaceWithSign' can be given now
I       QuestState.cpp[0904]19/04 11:05:45 Quest 'r3m2_OracleMemory' can be given now
I       QuestState.cpp[0904]19/04 11:05:45 Quest 'r3m2_TalkWithLisa' can be given now
I       QuestState.cpp[0904]19/04 11:05:45 Quest 'r3m2_TalkWithBenAboutCarAfterOracul' can be given now
I       QuestState.cpp[0904]19/04 11:05:45 Quest 'r3m2_FindInfoAboutFather' can be given now
I       QuestState.cpp[0904]19/04 11:05:45 Quest 'r3m1_LureMainDriud' can be given now
I       QuestState.cpp[0904]19/04 11:05:45 Quest 'r3m1_ClearSanctuary' can be given now
I       QuestState.cpp[0904]19/04 11:05:45 Quest 'r3m1_KnowAboutUluk' can be given now
I       QuestState.cpp[0904]19/04 11:05:45 Quest 'r3m1_RescueUlukCivil' can be given now
I       QuestState.cpp[0904]19/04 11:05:45 Quest 'q_VisitDruid' can be given now
I       QuestState.cpp[0904]19/04 11:05:45 Quest 'r2m2_Znaki2_Quest' can be given now
I       QuestState.cpp[0904]19/04 11:05:45 Quest 'r2m2_HeadsHunterQuest' can be given now
I       QuestState.cpp[0904]19/04 11:05:45 Quest 'r2m2_OldDvigatel1_Quest' can be given now
I       QuestState.cpp[0904]19/04 11:05:45 Quest 'r2m2_OldDvigatel2_Quest' can be given now
I       QuestState.cpp[0904]19/04 11:05:45 Quest 'r2m2_FightFelix' can be given now
I       QuestState.cpp[0904]19/04 11:05:45 Quest 'r2m2_ReturnToMarecciaFromCastle' can be given now
I       QuestState.cpp[0904]19/04 11:05:45 Quest 'r2m2_FightWithAxelInArena_Quest' can be given now
I       QuestState.cpp[0904]19/04 11:05:45 Quest 'r2m2_FindLisAfterAxelAndFatherDie_Quest' can be given now
I       QuestState.cpp[0904]19/04 11:05:45 Quest 'r2m2_ToLisaToMonastir' can be given now
I       QuestState.cpp[0904]19/04 11:05:45 Quest 'r2m2_FightLisaToMonastir' can be given now
I       QuestState.cpp[0904]19/04 11:05:45 Quest 'r2m2_GiveDisk2ToOrakul' can be given now
I       QuestState.cpp[0904]19/04 11:05:45 Quest 'MrShlyapa3_Quest' can be given now
I       QuestState.cpp[0904]19/04 11:05:45 Quest 'r2m1_ArtAntipod_Quest' can be given now
I       QuestState.cpp[0904]19/04 11:05:45 Quest 'r2m1_TakeNarcotics_Quest' can be given now
I       QuestState.cpp[0904]19/04 11:05:45 Quest 'r2m1_KillGodFather_Quest' can be given now
I       QuestState.cpp[0904]19/04 11:05:45 Quest 'MrShlyapaSecret' can be given now
I       QuestState.cpp[0904]19/04 11:05:45 Quest 'd_GetSupportOneOfTheBands2_Quest' can be given now
I       QuestState.cpp[0904]19/04 11:05:45 Quest 'd_GetSupportOneOfTheBands1_Quest' can be given now
I       QuestState.cpp[0904]19/04 11:05:45 Quest 'd_FindVerbInAR_Quest' can be given now
I       QuestState.cpp[0904]19/04 11:05:45 Quest 'd_FindVerbInSNG_Quest' can be given now
I       QuestState.cpp[0904]19/04 11:05:45 Quest 'd_PatrulSideSNG_Quest' can be given now
I       QuestState.cpp[0904]19/04 11:05:45 Quest 'd_TakeGeneralOfBandits_Quest' can be given now
I       QuestState.cpp[0904]19/04 11:05:45 Quest 'r2m1_TW_AlienInShip' can be given now
I       QuestState.cpp[0904]19/04 11:05:45 Quest 'Podderzhka_Quest' can be given now
I       QuestState.cpp[0904]19/04 11:05:45 Quest 'Zashita_Quest' can be given now
I       QuestState.cpp[0904]19/04 11:05:45 Quest 'preEretik_Quest' can be given now
I       QuestState.cpp[0904]19/04 11:05:45 Quest 'ReturnQuest' can be given now
I       QuestState.cpp[0904]19/04 11:05:45 Quest 'd_FindVerbInAM_Quest' can be given now
I       QuestState.cpp[0904]19/04 11:05:45 Quest 'OdettIsDead_Quest' can be given now
I       QuestState.cpp[0904]19/04 11:05:45 Quest 'Disk2OrakulLisa' can be given now
I       QuestState.cpp[0904]19/04 11:05:45 Quest 'FindGomerB_Quest1' can be given now
I       QuestState.cpp[0904]19/04 11:05:45 Quest 'FreeExtremistLeader_Quest1' can be given now
I       QuestState.cpp[0904]19/04 11:05:45 Quest 'KillExtremist_Quest1' can be given now
I       QuestState.cpp[0904]19/04 11:05:45 Quest 'r1m4_TalkWithOldTraderAboutSecondDisk' can be given now
I       QuestState.cpp[0904]19/04 11:05:45 Quest 'q_FindHusbent' can be given now
I       QuestState.cpp[0904]19/04 11:05:45 Quest 'RybakToOlm_Quest' can be given now
I       QuestState.cpp[0904]19/04 11:05:45 Quest 'AnanagaTech_Quest' can be given now
I       QuestState.cpp[0904]19/04 11:05:45 Quest 'MrShlyapa2_Quest' can be given now
I       QuestState.cpp[0904]19/04 11:05:45 Quest 'ToCordanToTikhomir_Quest' can be given now
I       QuestState.cpp[0904]19/04 11:05:45 Quest 'r1m3_BonnyAndKlideQuest' can be given now
I       QuestState.cpp[0904]19/04 11:05:45 Quest 'r1m3_ArchHelp' can be given now
I       QuestState.cpp[0904]19/04 11:05:45 Quest 'r1m3_CrazyManQuest' can be given now
I       QuestState.cpp[0904]19/04 11:05:45 Quest 'r1m3_OldTownOutsiderCar2_Quest' can be given now
I       QuestState.cpp[0904]19/04 11:05:45 Quest 'FightForPesht' can be given now
I       QuestState.cpp[0904]19/04 11:05:45 Quest 'd_RideAcrossBase_Quest' can be given now
I       QuestState.cpp[0904]19/04 11:05:45 Quest 'd_GiveMoneyToBase_Quest' can be given now
I       QuestState.cpp[0904]19/04 11:05:45 Quest 'd_GetBomb_Quest' can be given now
I       QuestState.cpp[0904]19/04 11:05:45 Quest 'd_IntrigaOfMerMinin_Quest' can be given now
I       QuestState.cpp[0904]19/04 11:05:45 Quest 'd_MoveFreelancersToOilMine_Quest' can be given now
I       QuestState.cpp[0904]19/04 11:05:45 Quest 'd_MoveCanistraToMinin_Quest' can be given now
I       QuestState.cpp[0904]19/04 11:05:45 Quest 'd_OpenTunel_Quest' can be given now
I       QuestState.cpp[0904]19/04 11:05:45 Quest 'r1m3_TalkWithThiefFromFatherHouse' can be given now
I       QuestState.cpp[0904]19/04 11:05:45 Quest 'r1m3_MoveToOraculAfterThief' can be given now
I       QuestState.cpp[0904]19/04 11:05:45 Quest 'r1m3_ToLisaToAsgard' can be given now
I       QuestState.cpp[0904]19/04 11:05:45 Quest 'r1m3_TW_OralceAboutAlien' can be given now
I       QuestState.cpp[0904]19/04 11:05:45 Quest 'r1m3_DestroyRadiationSource' can be given now
I       QuestState.cpp[0904]19/04 11:05:45 Quest 'r2m1_DestroyAlienShip' can be given now
I       QuestState.cpp[0904]19/04 11:05:45 Quest 'd_PayWorkersMoney_Quest' can be given now
I       QuestState.cpp[0904]19/04 11:05:45 Quest 'r2m1_TW_SellsCivilian' can be given now
I       QuestState.cpp[0904]19/04 11:05:45 Quest 'MorskieVrata2_Quest' can be given now
I       QuestState.cpp[0904]19/04 11:05:45 Quest 'Zachisti1_Quest' can be given now
I       QuestState.cpp[0904]19/04 11:05:45 Quest 'LisaVPeshte' can be given now
I       QuestState.cpp[0904]19/04 11:05:45 Quest 'LisaUBena' can be given now
I       QuestState.cpp[0904]19/04 11:05:45 Quest 'WhereSigns_Quest' can be given now
I       QuestState.cpp[0904]19/04 11:05:45 Quest 'CombatInKollizey_Quest' can be given now
I       QuestState.cpp[0904]19/04 11:05:45 Quest 'BuyKollizey_Quest' can be given now
I       QuestState.cpp[0904]19/04 11:05:45 Quest 'Kollizey_Quest' can be given now
I       QuestState.cpp[0904]19/04 11:05:45 Quest 'HelpRuins_Quest' can be given now
I       QuestState.cpp[0904]19/04 11:05:45 Quest 'DestroyRuins_Quest' can be given now
I       QuestState.cpp[0904]19/04 11:05:45 Quest 'DestroyRuins2_Quest' can be given now
I       QuestState.cpp[0904]19/04 11:05:45 Quest 'Signs_Quest' can be given now
I       QuestState.cpp[0904]19/04 11:05:45 Quest 'MrShlyapa1_Quest' can be given now
I       QuestState.cpp[0904]19/04 11:05:45 Quest 'FindBen2_Quest' can be given now
I       QuestState.cpp[0904]19/04 11:05:45 Quest 'd_FindHouseOfBen_Quest' can be given now
I       QuestState.cpp[0904]19/04 11:05:45 Quest 'r1m2_TW_BanAboutAlien' can be given now
I       QuestState.cpp[0904]19/04 11:05:45 Quest 'r1m3_DestroyOracle' can be given now
I       QuestState.cpp[0904]19/04 11:05:45 Quest 'Pomiritsa_Quest' can be given now
I       QuestState.cpp[0904]19/04 11:05:45 Quest 'VYar_Quest' can be given now
I       QuestState.cpp[0904]19/04 11:05:45 Quest 'FindBenMZ_Quest' can be given now
I       QuestState.cpp[0904]19/04 11:05:45 Quest 'QuickFindBen' can be given now
I       QuestState.cpp[0904]19/04 11:05:45 Quest 'OpenMid_Quest' can be given now
I       QuestState.cpp[0904]19/04 11:05:45 Quest 'TalkBeforeDesert' can be given now
I       QuestState.cpp[0904]19/04 11:05:45 Quest 'ZashitaGotova' can be given now
I       QuestState.cpp[0904]19/04 11:05:45 Quest 'FakeQuest1' can be given now
I       QuestState.cpp[0904]19/04 11:05:45 Quest 'Chehly_Quest' can be given now
I       QuestState.cpp[0904]19/04 11:05:45 Quest 'WorkGiver_Quest1' can be given now
I       QuestState.cpp[0904]19/04 11:05:45 Quest 'd_PunishBandits_Quest' can be given now
I       QuestState.cpp[0904]19/04 11:05:45 Quest 'r1m1_Hospital_Quest' can be given now
I       QuestState.cpp[0904]19/04 11:05:45 Quest 'r1m1_Botanik_Quest' can be given now
I       QuestState.cpp[0904]19/04 11:05:45 Quest 'r1m1_FindBotanik_Quest' can be given now
I       QuestState.cpp[0904]19/04 11:05:45 Quest 'Buyer_Quest1' can be given now
I       QuestState.cpp[0904]19/04 11:05:45 Quest 'FirstTimePlay' can be given now
I       QuestState.cpp[0904]19/04 11:05:45 Quest 'TalkWithFather_Quest' can be given now
I       QuestState.cpp[0904]19/04 11:05:45 Quest 'LisaAtSouth' can be given now
I       QuestState.cpp[0904]19/04 11:05:45 Quest 'FindBen_Quest' can be given now
I       QuestState.cpp[0904]19/04 11:05:45 Quest 'FindBenAgain_Quest' can be given now
I       QuestState.cpp[0904]19/04 11:05:45 Quest 'd_SinFather_Quest' can be given now
I       QuestState.cpp[0904]19/04 11:05:45 Quest 'TalkToVasily' can be given now
I       QuestState.cpp[0904]19/04 11:05:45 Quest 'CheckTheEast' can be given now
I       QuestState.cpp[0904]19/04 11:05:45 Quest 'BenSouth_Quest' can be given now
I           server.cpp[0826]19/04 11:05:45 	AI: QuestStates loaded
I           server.cpp[0828]19/04 11:05:45 	AI: Loading DynamicScene
I     DynamicScene.cpp[1470]19/04 11:05:45 		 Scene loading begin
I     DynamicScene.cpp[1472]19/04 11:05:45 		 Scene loading end
I           server.cpp[0837]19/04 11:05:45 	AI: DynamicScene loaded
I           server.cpp[0852]19/04 11:05:45 	AI: Loading Triggers
I           server.cpp[0855]19/04 11:05:45 	AI: Triggers loaded
I           server.cpp[0857]19/04 11:05:45 	AI: Loading Object Names
I           server.cpp[0868]19/04 11:05:45 	AI: Initing Player
I           server.cpp[0888]19/04 11:05:45 		Before first Update
I DynamicQuestManager.cpp[0089]19/04 11:05:45 DynamicQuestHunt id = 5200 prototype = 'dynamicQuestHunt' created
I DynamicQuestManager.cpp[0090]19/04 11:05:45 targetName = 'MyCar', hirerName = 'TheTown', reward = 110
E              Gun.cpp[0866]19/04 11:05:45 Error: LoadPoint not found: LP_GUN for MinePusher id = 5203 prototype = 'minePusher', modelName = minoYkladchiK
E              Gun.cpp[0866]19/04 11:05:45 Error: LoadPoint not found: LP_GUN for MinePusher id = 5204 prototype = 'minePusher', modelName = minoYkladchiK
E              Gun.cpp[0866]19/04 11:05:45 Error: LoadPoint not found: LP_GUN for MinePusher id = 5209 prototype = 'minePusher', modelName = minoYkladchiK
E              Gun.cpp[0866]19/04 11:05:45 Error: LoadPoint not found: LP_GUN for MinePusher id = 5210 prototype = 'minePusher', modelName = minoYkladchiK
I DynamicQuestManager.cpp[0089]19/04 11:05:45 DynamicQuestHunt id = 5225 prototype = 'dynamicQuestHunt' created
I DynamicQuestManager.cpp[0090]19/04 11:05:45 targetName = 'MyCar', hirerName = 'TheGloohoe', reward = 110
E              Gun.cpp[0866]19/04 11:05:45 Error: LoadPoint not found: LP_GUN for MinePusher id = 5226 prototype = 'minePusher', modelName = minoYkladchiK
E              Gun.cpp[0866]19/04 11:05:45 Error: LoadPoint not found: LP_GUN for MinePusher id = 5227 prototype = 'minePusher', modelName = minoYkladchiK
E              Gun.cpp[0866]19/04 11:05:45 Error: LoadPoint not found: LP_GUN for MinePusher id = 5228 prototype = 'minePusher', modelName = minoYkladchiK
E              Gun.cpp[0866]19/04 11:05:45 Error: LoadPoint not found: LP_GUN for MinePusher id = 5229 prototype = 'minePusher', modelName = minoYkladchiK
E              Gun.cpp[0866]19/04 11:05:45 Error: LoadPoint not found: LP_GUN for MinePusher id = 5230 prototype = 'minePusher', modelName = minoYkladchiK
E              Gun.cpp[0866]19/04 11:05:45 Error: LoadPoint not found: LP_GUN for MinePusher id = 5231 prototype = 'minePusher', modelName = minoYkladchiK
I DynamicQuestManager.cpp[0089]19/04 11:05:45 DynamicQuestHunt id = 5232 prototype = 'dynamicQuestHunt' created
I DynamicQuestManager.cpp[0090]19/04 11:05:45 targetName = 'MyCar', hirerName = 'TheOilVillage', reward = 110
I DynamicQuestManager.cpp[0089]19/04 11:05:45 DynamicQuestHunt id = 5239 prototype = 'dynamicQuestHunt' created
I DynamicQuestManager.cpp[0090]19/04 11:05:45 targetName = 'MyCar', hirerName = 'TheContraVillage', reward = 110
I DynamicQuestManager.cpp[0089]19/04 11:05:45 DynamicQuestReach id = 5246 prototype = 'dynamicQuestReach' created
I DynamicQuestManager.cpp[0090]19/04 11:05:45 targetName = 'TheTown', hirerName = 'TheFreedom', reward = 434
I DynamicQuestManager.cpp[0089]19/04 11:05:45 DynamicQuestDestroy id = 5253 prototype = 'dynamicQuestDestroy' created
I DynamicQuestManager.cpp[0090]19/04 11:05:45 targetName = 'u6', hirerName = 'PetrolStationTown1', reward = 413
I DynamicQuestManager.cpp[0089]19/04 11:05:45 DynamicQuestReach id = 5254 prototype = 'dynamicQuestReach' created
I DynamicQuestManager.cpp[0090]19/04 11:05:45 targetName = 'TheGloohoe', hirerName = 'PetrolStationTown2', reward = 581
I   TruxxUiManager.cpp[1422]19/04 11:05:45 Game mode changed. Old mode = 0, new mode = 1
E          Vehicle.cpp[5160]19/04 11:05:45 Error: LoadPoint not found: LP_SSP03L for model 'dozerChassis'
I           server.cpp[0909]19/04 11:05:45 		After first Update
I           server.cpp[0911]19/04 11:05:45 AI: Finished Loading Server
I           view32.cpp[1106]19/04 11:05:45 Load server end
I        QuestInfo.cpp[0847]19/04 11:05:45 Quest infos were loaded successfully from file data\if\diz\QuestInfoGlobal.xml
I        QuestInfo.cpp[0783]19/04 11:05:45 QuestInfo manager was inited successfully
I    GameUiManager.cpp[0303]19/04 11:05:45 Interface: is initializing...
I    GameUiManager.cpp[0395]19/04 11:05:45 Interface: is inited successfully
I     GlobalMapWnd.cpp[0157]19/04 11:05:45 Make control error: control mainmenu_ico is not found or incorrect type
I     GlobalMapWnd.cpp[0157]19/04 11:05:45 Make control error: control r1m8_ico is not found or incorrect type
I     GlobalMapWnd.cpp[0157]19/04 11:05:45 Make control error: control r1m7_ico is not found or incorrect type
I     GlobalMapWnd.cpp[0157]19/04 11:05:45 Make control error: control r4m0_ico is not found or incorrect type
I     GlobalMapWnd.cpp[0157]19/04 11:05:45 Make control error: control r9m1_ico is not found or incorrect type
I     GlobalMapWnd.cpp[0203]19/04 11:05:45 GlobalMapWnd: error - fail to init because of a bad resource
I        FadingMsg.cpp[0199]19/04 11:05:45 Fading message: 'Нажмите гудок (%1m) для въезда в город'
I blockMusicManager.cpp[0185]19/04 11:05:45 BlockMusicManager: start playing new music: blockNum = 1, musicType = 0, name = 'block1_driving'
I   triggeratgrolikend[0011]19/04 11:05:45 KRAYCITY ADDON IS NOT INSTALLED.
I   TruxxUiManager.cpp[1422]19/04 11:05:46 Game mode changed. Old mode = 1, new mode = 0
I   TruxxUiManager.cpp[1422]19/04 11:05:46 Game mode changed. Old mode = 0, new mode = 0
I   TruxxUiManager.cpp[1422]19/04 11:05:46 Game mode changed. Old mode = 0, new mode = 1
I   TruxxUiManager.cpp[1422]19/04 11:05:46 Game mode changed. Old mode = 1, new mode = 1
I   TruxxUiManager.cpp[1422]19/04 11:05:46 Game mode changed. Old mode = 1, new mode = 1
I   TruxxUiManager.cpp[1422]19/04 11:05:46 Game mode changed. Old mode = 1, new mode = 1
I   TruxxUiManager.cpp[1422]19/04 11:05:46 Game mode changed. Old mode = 1, new mode = 1
I   TruxxUiManager.cpp[1422]19/04 11:05:46 Game mode changed. Old mode = 1, new mode = 1
I   TruxxUiManager.cpp[1422]19/04 11:05:46 Game mode changed. Old mode = 1, new mode = 1
I   TruxxUiManager.cpp[1422]19/04 11:05:46 Game mode changed. Old mode = 1, new mode = 1
I   TruxxUiManager.cpp[1422]19/04 11:05:46 Game mode changed. Old mode = 1, new mode = 1
I   TruxxUiManager.cpp[1422]19/04 11:05:46 Game mode changed. Old mode = 1, new mode = 1
I   TruxxUiManager.cpp[1422]19/04 11:05:46 Game mode changed. Old mode = 1, new mode = 1
I   TruxxUiManager.cpp[1422]19/04 11:05:46 Game mode changed. Old mode = 1, new mode = 1
I   TruxxUiManager.cpp[1422]19/04 11:05:46 Game mode changed. Old mode = 1, new mode = 1
I   TruxxUiManager.cpp[1422]19/04 11:05:46 Game mode changed. Old mode = 1, new mode = 1
I   TruxxUiManager.cpp[1422]19/04 11:05:46 Game mode changed. Old mode = 1, new mode = 1
I   TruxxUiManager.cpp[1422]19/04 11:05:46 Game mode changed. Old mode = 1, new mode = 1
I   TruxxUiManager.cpp[1422]19/04 11:05:46 Game mode changed. Old mode = 1, new mode = 1
I   TruxxUiManager.cpp[1422]19/04 11:05:46 Game mode changed. Old mode = 1, new mode = 1
I       QuestState.cpp[0881]19/04 11:05:46 Quest 'Buyer_Quest1' is taken
I       QuestState.cpp[0956]19/04 11:05:46 	Recalc begin...
I       QuestState.cpp[1004]19/04 11:05:46 	Recalc end...
I        FadingMsg.cpp[0199]19/04 11:05:46 Fading message: 'Вы получили новое задание.'
I        FadingMsg.cpp[0199]19/04 11:05:46 Fading message: 'Новая запись в дневнике.'
I   TruxxUiManager.cpp[1422]19/04 11:05:46 Game mode changed. Old mode = 1, new mode = 0
I blockMusicManager.cpp[0199]19/04 11:05:46 BlockMusicManager: resetting
I blockMusicManager.cpp[0185]19/04 11:05:46 BlockMusicManager: start playing new music: blockNum = 0, musicType = 0, name = 'block0_driving'
I        FadingMsg.cpp[0199]19/04 11:05:46 Fading message: 'Мистер Шляпа включен.'
I        FadingMsg.cpp[0199]19/04 11:05:46 Fading message: 'Нажмите гудок (%1m) для въезда в город'
I       console_string[0236]19/04 11:06:05 ---------------------- CHEAT WAS USED --------- ANTICHEAT -----------------
I        FadingMsg.cpp[0199]19/04 11:06:05 Fading message: '@FFFF1493Обнаружено использование чит-кодов. Система достижений @FFFF0000ЗАБЛОКИРОВАНА. @FFFF1493В техподдержке @FFFF0000ОТКАЗАНО.'
I        FadingMsg.cpp[0199]19/04 11:06:05 Fading message: '@FFFF1493Обнаружено использование чит-кодов. Система достижений @FFFF0000ЗАБЛОКИРОВАНА. @FFFF1493В техподдержке @FFFF0000ОТКАЗАНО.'
E ComplexPhysicObj.cpp[1428]19/04 11:06:05 Error: LoadPoint not found! Model = 'uralCab01', lp = LP_BIG01 for Vehicle id = 5327 prototype = 'Ural02'
E ComplexPhysicObj.cpp[1428]19/04 11:06:05 Error: LoadPoint not found! Model = 'uralCab01', lp = LP_BIG02 for Vehicle id = 5327 prototype = 'Ural02'
E ComplexPhysicObj.cpp[1428]19/04 11:06:05 Error: LoadPoint not found! Model = 'uralCab01', lp = LP_BIG02 for Vehicle id = 5327 prototype = 'Ural02'
E ComplexPhysicObj.cpp[1428]19/04 11:06:05 Error: LoadPoint not found! Model = 'molokovozCab01', lp = LP_SML01 for Vehicle id = 5370 prototype = 'Molokovoz02'
E ComplexPhysicObj.cpp[1428]19/04 11:06:05 Error: LoadPoint not found! Model = 'molokovozCargo01', lp = LP_BIG01 for Vehicle id = 5370 prototype = 'Molokovoz02'
I        FadingMsg.cpp[0199]19/04 11:06:08 Fading message: 'Смерть бандитам!'
I blockMusicManager.cpp[0185]19/04 11:06:08 BlockMusicManager: start playing new music: blockNum = 0, musicType = 1, name = 'block0_alarm'
I blockMusicManager.cpp[0185]19/04 11:06:15 BlockMusicManager: start playing new music: blockNum = 0, musicType = 2, name = 'block0_battle'
I WanderersManager.cpp[0641]19/04 11:06:15 Spawning caravan: WanderersManager id = 213 prototype = 'LiveCaravanManager' name = 'r1m1_CaravanGlobalObject' spawns CaravanTeam id = 70920 prototype = 'r1m1_CaravanOne'
I       console_string[0236]19/04 11:06:18 ---------------------- CHEAT WAS USED --------- ANTICHEAT -----------------
I        FadingMsg.cpp[0199]19/04 11:06:18 Fading message: '@FFFF1493Обнаружено использование чит-кодов. Система достижений @FFFF0000ЗАБЛОКИРОВАНА. @FFFF1493В техподдержке @FFFF0000ОТКАЗАНО.'
I        FadingMsg.cpp[0199]19/04 11:06:18 Fading message: '@FFFF1493Обнаружено использование чит-кодов. Система достижений @FFFF0000ЗАБЛОКИРОВАНА. @FFFF1493В техподдержке @FFFF0000ОТКАЗАНО.'
I        FadingMsg.cpp[0199]19/04 11:06:20 Fading message: 'Зацепило!'
I             util.cpp[0423]19/04 11:06:33 Maximum joint count reached: 21
I blockMusicManager.cpp[0199]19/04 11:06:38 BlockMusicManager: resetting
I blockMusicManager.cpp[0185]19/04 11:06:38 BlockMusicManager: start playing new music: blockNum = 0, musicType = 0, name = 'block0_driving'
I WanderersManager.cpp[0641]19/04 11:06:59 Spawning caravan: WanderersManager id = 213 prototype = 'LiveCaravanManager' name = 'r1m1_CaravanGlobalObject' spawns CaravanTeam id = 70869 prototype = 'r1m1_CaravanOne'
I     ObjContainer.cpp[1278]19/04 11:07:03 Passing to map 'r8m1', location 'FromR1M1', angle = -1, immediate = 0
I     DynamicQuest.cpp[0279]19/04 11:07:05 Dynamic quest id 5200 status changed to FORGOTTEN
I     DynamicQuest.cpp[0324]19/04 11:07:05 Dynamic quest id 5200 removed
I     DynamicQuest.cpp[0279]19/04 11:07:05 Dynamic quest id 5225 status changed to FORGOTTEN
I     DynamicQuest.cpp[0324]19/04 11:07:05 Dynamic quest id 5225 removed
I     DynamicQuest.cpp[0279]19/04 11:07:05 Dynamic quest id 5232 status changed to FORGOTTEN
I     DynamicQuest.cpp[0324]19/04 11:07:05 Dynamic quest id 5232 removed
I     DynamicQuest.cpp[0279]19/04 11:07:05 Dynamic quest id 5239 status changed to FORGOTTEN
I     DynamicQuest.cpp[0324]19/04 11:07:05 Dynamic quest id 5239 removed
I        PhysicObj.cpp[0313]19/04 11:07:05 Vehicle 'PlayerVehicle_0_1' id=21766 passes to another map
I       PhysicBody.cpp[1171]19/04 11:07:05 Object is  visible in SetPassed...
I       PhysicBody.cpp[1171]19/04 11:07:05 Object is  visible in SetPassed...
I       PhysicBody.cpp[1171]19/04 11:07:05 Object is  visible in SetPassed...
I       PhysicBody.cpp[1171]19/04 11:07:05 Object is  visible in SetPassed...
I       PhysicBody.cpp[1171]19/04 11:07:05 Object is  visible in SetPassed...
I        PhysicObj.cpp[0313]19/04 11:07:05 Wheel '' id=21760 passes to another map
I       PhysicBody.cpp[1171]19/04 11:07:05 Object is  visible in SetPassed...
I        PhysicObj.cpp[0313]19/04 11:07:05 Wheel '' id=21745 passes to another map
I       PhysicBody.cpp[1171]19/04 11:07:05 Object is  visible in SetPassed...
I        PhysicObj.cpp[0313]19/04 11:07:05 Wheel '' id=21752 passes to another map
I       PhysicBody.cpp[1171]19/04 11:07:05 Object is  visible in SetPassed...
I        PhysicObj.cpp[0313]19/04 11:07:05 Wheel '' id=21750 passes to another map
I       PhysicBody.cpp[1171]19/04 11:07:05 Object is  visible in SetPassed...
I        PhysicObj.cpp[0313]19/04 11:07:05 Wheel '' id=21751 passes to another map
I       PhysicBody.cpp[1171]19/04 11:07:05 Object is  visible in SetPassed...
I        PhysicObj.cpp[0313]19/04 11:07:05 Wheel '' id=21741 passes to another map
I       PhysicBody.cpp[1171]19/04 11:07:05 Object is  visible in SetPassed...
I        PhysicObj.cpp[0313]19/04 11:07:05 Wheel '' id=21749 passes to another map
I       PhysicBody.cpp[1171]19/04 11:07:05 Object is  visible in SetPassed...
I        PhysicObj.cpp[0313]19/04 11:07:05 Wheel '' id=21748 passes to another map
I       PhysicBody.cpp[1171]19/04 11:07:05 Object is  visible in SetPassed...
I        SplashWnd.cpp[0244]19/04 11:07:05 Start splashing 11
I   TruxxUiManager.cpp[1422]19/04 11:07:05 Game mode changed. Old mode = 0, new mode = 0
I    GameUiManager.cpp[0405]19/04 11:07:06 Interface: is clearing...
I    GameUiManager.cpp[0495]19/04 11:07:06 Interface: is cleared successfully
I           view32.cpp[1048]19/04 11:07:06 -- Loading Level: data\maps\r8m1.ssl --
I            world.cpp[0132]19/04 11:07:06 ----------------------- World Loading
F        landscape.cpp[1674]19/04 11:07:06  +- Enter function: Landscape::Load()
I        landscape.cpp[1911]19/04 11:07:06  |  ----------------------- Normal map loaded in: 2
I        landscape.cpp[1920]19/04 11:07:06  |  ----------------------- Tiles loaded in: 12
I        landscape.cpp[1944]19/04 11:07:06  |  ----------------------- ShoreLine loaded in: 1
F        landscape.cpp[1944]19/04 11:07:06  +- Exit function: Landscape::Load()
I            world.cpp[0169]19/04 11:07:06 ----------------------- Landscape loaded in: 62
I       DataServer.cpp[0587]19/04 11:07:06 Loading Servers: data\maps\r8m1\servers.xml
E       DraftModel.cpp[1002]19/04 11:07:06 Error: Couldn't load texture data\models\vehicles\belaz\cab01_mt.dds for model cargov1.gam
E       DraftModel.cpp[1002]19/04 11:07:06 Error: Couldn't load texture data\models\vehicles\belaz\cab01_mt.dds for model cargov1.gam
E       DraftModel.cpp[1002]19/04 11:07:06 Error: Couldn't load texture data\models\vehicles\belaz\cab01_mt.dds for model cargov1.gam
E       DraftModel.cpp[1002]19/04 11:07:06 Error: Couldn't load texture data\models\vehicles\belaz\cab01_mt.dds for model cargov1.gam
E serverAnimatedModel.cpp[0627]19/04 11:07:06 ServerAnimatedModels: cannot read file: file:data\models\AnimModels.xml id = barrel1_dyn
E serverAnimatedModel.cpp[0627]19/04 11:07:06 ServerAnimatedModels: cannot read file: file:data\models\AnimModels.xml id = barrel3_dyn
E serverAnimatedModel.cpp[0627]19/04 11:07:06 ServerAnimatedModels: cannot read file: file:data\models\AnimModels.xml id = brick_dot1gun
E serverAnimatedModel.cpp[0627]19/04 11:07:06 ServerAnimatedModels: cannot read file: file:data\models\AnimModels.xml id = brick_dot2gun
E serverAnimatedModel.cpp[0627]19/04 11:07:06 ServerAnimatedModels: cannot read file: file:data\models\AnimModels.xml id = data\models\Ammo\plasma01.gam
E serverAnimatedModel.cpp[0627]19/04 11:07:06 ServerAnimatedModels: cannot read file: file:data\models\AnimModels.xml id = data\models\ammo\shell_big_gun01.gam
E serverAnimatedModel.cpp[0627]19/04 11:07:06 ServerAnimatedModels: cannot read file: file:data\models\AnimModels.xml id = data\models\ammo\shell_big_gun02.gam
E serverAnimatedModel.cpp[0627]19/04 11:07:06 ServerAnimatedModels: cannot read file: file:data\models\AnimModels.xml id = data\models\ammo\shell_sml_pulemet01.gam
E serverAnimatedModel.cpp[0627]19/04 11:07:06 ServerAnimatedModels: cannot read file: file:data\models\AnimModels.xml id = data\models\buildings\region1\brick_debris1.gam
E serverAnimatedModel.cpp[0627]19/04 11:07:06 ServerAnimatedModels: cannot read file: file:data\models\AnimModels.xml id = data\models\buildings\region1\wood_debris1.gam
E serverAnimatedModel.cpp[0627]19/04 11:07:06 ServerAnimatedModels: cannot read file: file:data\models\AnimModels.xml id = dungeon_1
E serverAnimatedModel.cpp[0627]19/04 11:07:06 ServerAnimatedModels: cannot read file: file:data\models\AnimModels.xml id = dungeon_1_dead
E serverAnimatedModel.cpp[0627]19/04 11:07:06 ServerAnimatedModels: cannot read file: file:data\models\AnimModels.xml id = heavy_dot1gun
E serverAnimatedModel.cpp[0627]19/04 11:07:06 ServerAnimatedModels: cannot read file: file:data\models\AnimModels.xml id = heavy_dot2gun
E serverAnimatedModel.cpp[0627]19/04 11:07:06 ServerAnimatedModels: cannot read file: file:data\models\AnimModels.xml id = heavy_dot3gun
E serverAnimatedModel.cpp[0627]19/04 11:07:06 ServerAnimatedModels: cannot read file: file:data\models\AnimModels.xml id = heavy_dot4gun
E serverAnimatedModel.cpp[0627]19/04 11:07:06 ServerAnimatedModels: cannot read file: file:data\models\AnimModels.xml id = sack_dot1gun
E serverAnimatedModel.cpp[0627]19/04 11:07:06 ServerAnimatedModels: cannot read file: file:data\models\AnimModels.xml id = sack_dot2gun
E serverAnimatedModel.cpp[0627]19/04 11:07:06 ServerAnimatedModels: cannot read file: file:data\models\AnimModels.xml id = shell
E serverAnimatedModel.cpp[0627]19/04 11:07:06 ServerAnimatedModels: cannot read file: file:data\models\AnimModels.xml id = tankSusp01
I serverAnimatedModel.cpp[0630]19/04 11:07:06 ### Total time: 844, GAM time: 468
E      serverSound.cpp[0293]19/04 11:07:06 MusicServer: cannot read file: data\sounds\sounds.xml id = 'Fake_Sound_Do_Not_Use_It'
I       DataServer.cpp[0587]19/04 11:07:06 Loading Servers: data\models\commonservers.xml
E      serverMusic.cpp[0216]19/04 11:07:07 MusicServer: cannot read file: data\music\music.xml id = 'LaBelleTown'
E      serverMusic.cpp[0216]19/04 11:07:07 MusicServer: cannot read file: data\music\music.xml id = 'block6_driving2'
I            world.cpp[0210]19/04 11:07:07 ----------------------- Servers loaded in: 998
I            world.cpp[0338]19/04 11:07:07 LoadWorld begin...
I            world.cpp[0350]19/04 11:07:07 %%%% read/parse xml: 121
I            world.cpp[0362]19/04 11:07:07 %%%% read from xml: 198
I            world.cpp[0444]19/04 11:07:07 %%%% link nodes: 249
I            world.cpp[0220]19/04 11:07:07 ----------------------- Nodes loaded in: 571
I            world.cpp[0228]19/04 11:07:07 ----------------------- Prefabs loaded in: 1
I            world.cpp[0247]19/04 11:07:07 ----------------------- World loaded in: 1785
E        GamParser.cpp[0399]19/04 11:07:07 AnimatedModel::LoadGAM -- cannot open file data\models\roads\road_small_highway\small_highway_end.gam-
I      roadManager.cpp[0139]19/04 11:07:07 RoadManager error( model not loaded ): data\models\roads\road_small_highway\small_highway_end.gam-
I            world.cpp[0278]19/04 11:07:08 ----------------------- Roads loaded in: 758
I           view32.cpp[1078]19/04 11:07:08 Load Server begin...
I    GameUiManager.cpp[1603]19/04 11:07:08 Interface: loading resources ...
I   TruxxUiManager.cpp[0974]19/04 11:07:08 Interface: is loaded successfully
I           server.cpp[0789]19/04 11:07:08 AI: Loading Server...
I           server.cpp[0801]19/04 11:07:08 	AI: Loading SoilProps
I           server.cpp[0804]19/04 11:07:08 	AI: Loading ExternalPaths
I           server.cpp[0807]19/04 11:07:08 	AI: Loading PlayerPassMap
I           server.cpp[0820]19/04 11:07:08 	AI: Refreshing GameObjects
E      VehiclePart.cpp[0138]19/04 11:07:08 Error: collision geom in vehicle part name = 'heavy_dot1' is not BOX
I           server.cpp[0824]19/04 11:07:08 	AI: Loading QuestStates
I           server.cpp[0826]19/04 11:07:08 	AI: QuestStates loaded
I           server.cpp[0828]19/04 11:07:08 	AI: Loading DynamicScene
I     DynamicScene.cpp[1470]19/04 11:07:08 		 Scene loading begin
E     DynamicScene.cpp[1589]19/04 11:07:08 Attempting to load object Player1 of prototype player, but an object with this name already exists!
E     DynamicScene.cpp[1589]19/04 11:07:08 Attempting to load object Mariupol_Workshop of prototype workshop, but an object with this name already exists!
I      PassageData.cpp[0063]19/04 11:07:09 New position is set to passed vehicle: 429.292 218.079 1602.420
I     DynamicScene.cpp[1472]19/04 11:07:09 		 Scene loading end
I           server.cpp[0837]19/04 11:07:09 	AI: DynamicScene loaded
I           server.cpp[0852]19/04 11:07:09 	AI: Loading Triggers
I           server.cpp[0855]19/04 11:07:09 	AI: Triggers loaded
I           server.cpp[0857]19/04 11:07:09 	AI: Loading Object Names
I           server.cpp[0868]19/04 11:07:09 	AI: Initing Player
I           server.cpp[0888]19/04 11:07:09 		Before first Update
I DynamicQuestManager.cpp[0089]19/04 11:07:09 DynamicQuestReach id = 12878 prototype = 'dynamicQuestReach' created
I DynamicQuestManager.cpp[0090]19/04 11:07:09 targetName = 'Nikolskoe_Village', hirerName = 'PetrolStationTown6302', reward = 1009
I DynamicQuestManager.cpp[0089]19/04 11:07:09 DynamicQuestHunt id = 12879 prototype = 'dynamicQuestHunt' created
I DynamicQuestManager.cpp[0090]19/04 11:07:09 targetName = 'PlayerVehicle_0_1', hirerName = 'Zavod_NGP', reward = 1516
E           client.cpp[0082]19/04 11:07:09 Error: Cant find server item for name: 'minoYkladchiKGun'
E              Gun.cpp[0866]19/04 11:07:09 Error: LoadPoint not found: LP_GUN for MinePusher id = 12890 prototype = 'minePusher', modelName = minoYkladchiK
E           client.cpp[0082]19/04 11:07:09 Error: Cant find server item for name: 'minoYkladchiKGun'
E              Gun.cpp[0866]19/04 11:07:09 Error: LoadPoint not found: LP_GUN for MinePusher id = 12891 prototype = 'minePusher', modelName = minoYkladchiK
E           client.cpp[0082]19/04 11:07:09 Error: Cant find server item for name: 'minoYkladchiKGun'
E              Gun.cpp[0866]19/04 11:07:09 Error: LoadPoint not found: LP_GUN for MinePusher id = 12892 prototype = 'minePusher', modelName = minoYkladchiK
E           client.cpp[0082]19/04 11:07:09 Error: Cant find server item for name: 'minoYkladchiKGun'
E              Gun.cpp[0866]19/04 11:07:09 Error: LoadPoint not found: LP_GUN for MinePusher id = 12893 prototype = 'minePusher', modelName = minoYkladchiK
E           client.cpp[0082]19/04 11:07:09 Error: Cant find server item for name: 'minoYkladchiKGun'
E              Gun.cpp[0866]19/04 11:07:09 Error: LoadPoint not found: LP_GUN for MinePusher id = 12894 prototype = 'minePusher', modelName = minoYkladchiK
E           client.cpp[0082]19/04 11:07:09 Error: Cant find server item for name: 'minoYkladchiKGun'
E              Gun.cpp[0866]19/04 11:07:09 Error: LoadPoint not found: LP_GUN for MinePusher id = 12895 prototype = 'minePusher', modelName = minoYkladchiK
E           client.cpp[0082]19/04 11:07:09 Error: Cant find server item for name: 'minoYkladchiKGun'
E              Gun.cpp[0866]19/04 11:07:09 Error: LoadPoint not found: LP_GUN for MinePusher id = 12896 prototype = 'minePusher', modelName = minoYkladchiK
E           client.cpp[0082]19/04 11:07:09 Error: Cant find server item for name: 'minoYkladchiKGun'
E              Gun.cpp[0866]19/04 11:07:09 Error: LoadPoint not found: LP_GUN for MinePusher id = 12897 prototype = 'minePusher', modelName = minoYkladchiK
E           client.cpp[0082]19/04 11:07:09 Error: Cant find server item for name: 'minoYkladchiKGun'
E              Gun.cpp[0866]19/04 11:07:09 Error: LoadPoint not found: LP_GUN for MinePusher id = 12898 prototype = 'minePusher', modelName = minoYkladchiK
E           client.cpp[0082]19/04 11:07:09 Error: Cant find server item for name: 'minoYkladchiKGun'
E              Gun.cpp[0866]19/04 11:07:09 Error: LoadPoint not found: LP_GUN for MinePusher id = 12899 prototype = 'minePusher', modelName = minoYkladchiK
E           client.cpp[0082]19/04 11:07:09 Error: Cant find server item for name: 'minoYkladchiKGun'
E              Gun.cpp[0866]19/04 11:07:09 Error: LoadPoint not found: LP_GUN for MinePusher id = 12900 prototype = 'minePusher', modelName = minoYkladchiK
E           client.cpp[0082]19/04 11:07:09 Error: Cant find server item for name: 'minoYkladchiKGun'
E              Gun.cpp[0866]19/04 11:07:09 Error: LoadPoint not found: LP_GUN for MinePusher id = 12901 prototype = 'minePusher', modelName = minoYkladchiK
E           client.cpp[0082]19/04 11:07:09 Error: Cant find server item for name: 'minoYkladchiKGun'
E              Gun.cpp[0866]19/04 11:07:09 Error: LoadPoint not found: LP_GUN for MinePusher id = 12902 prototype = 'minePusher', modelName = minoYkladchiK
E           client.cpp[0082]19/04 11:07:09 Error: Cant find server item for name: 'minoYkladchiKGun'
E              Gun.cpp[0866]19/04 11:07:09 Error: LoadPoint not found: LP_GUN for MinePusher id = 12903 prototype = 'minePusher', modelName = minoYkladchiK
E           client.cpp[0082]19/04 11:07:09 Error: Cant find server item for name: 'minoYkladchiKGun'
E              Gun.cpp[0866]19/04 11:07:09 Error: LoadPoint not found: LP_GUN for MinePusher id = 12904 prototype = 'minePusher', modelName = minoYkladchiK
E           client.cpp[0082]19/04 11:07:09 Error: Cant find server item for name: 'minoYkladchiKGun'
E              Gun.cpp[0866]19/04 11:07:09 Error: LoadPoint not found: LP_GUN for MinePusher id = 12905 prototype = 'minePusher', modelName = minoYkladchiK
E           client.cpp[0082]19/04 11:07:09 Error: Cant find server item for name: 'minoYkladchiKGun'
E              Gun.cpp[0866]19/04 11:07:09 Error: LoadPoint not found: LP_GUN for MinePusher id = 12906 prototype = 'minePusher', modelName = minoYkladchiK
E           client.cpp[0082]19/04 11:07:09 Error: Cant find server item for name: 'minoYkladchiKGun'
E              Gun.cpp[0866]19/04 11:07:09 Error: LoadPoint not found: LP_GUN for MinePusher id = 12907 prototype = 'minePusher', modelName = minoYkladchiK
E           client.cpp[0082]19/04 11:07:09 Error: Cant find server item for name: 'minoYkladchiKGun'
E              Gun.cpp[0866]19/04 11:07:09 Error: LoadPoint not found: LP_GUN for MinePusher id = 12908 prototype = 'minePusher', modelName = minoYkladchiK
E           client.cpp[0082]19/04 11:07:09 Error: Cant find server item for name: 'minoYkladchiKGun'
E              Gun.cpp[0866]19/04 11:07:09 Error: LoadPoint not found: LP_GUN for MinePusher id = 12909 prototype = 'minePusher', modelName = minoYkladchiK
E           client.cpp[0082]19/04 11:07:09 Error: Cant find server item for name: 'minoYkladchiKGun'
E              Gun.cpp[0866]19/04 11:07:09 Error: LoadPoint not found: LP_GUN for MinePusher id = 12910 prototype = 'minePusher', modelName = minoYkladchiK
E           client.cpp[0082]19/04 11:07:09 Error: Cant find server item for name: 'minoYkladchiKGun'
E              Gun.cpp[0866]19/04 11:07:09 Error: LoadPoint not found: LP_GUN for MinePusher id = 12911 prototype = 'minePusher', modelName = minoYkladchiK
E           client.cpp[0082]19/04 11:07:09 Error: Cant find server item for name: 'minoYkladchiKGun'
E              Gun.cpp[0866]19/04 11:07:09 Error: LoadPoint not found: LP_GUN for MinePusher id = 12912 prototype = 'minePusher', modelName = minoYkladchiK
E           client.cpp[0082]19/04 11:07:09 Error: Cant find server item for name: 'minoYkladchiKGun'
E              Gun.cpp[0866]19/04 11:07:09 Error: LoadPoint not found: LP_GUN for MinePusher id = 12913 prototype = 'minePusher', modelName = minoYkladchiK
I DynamicQuestManager.cpp[0089]19/04 11:07:09 DynamicQuestHunt id = 12914 prototype = 'dynamicQuestHunt' created
I DynamicQuestManager.cpp[0090]19/04 11:07:09 targetName = 'PlayerVehicle_0_1', hirerName = 'Berdanskoe_Village', reward = 1516
E           client.cpp[0082]19/04 11:07:09 Error: Cant find server item for name: 'minoYkladchiKGun'
E              Gun.cpp[0866]19/04 11:07:09 Error: LoadPoint not found: LP_GUN for MinePusher id = 12915 prototype = 'minePusher', modelName = minoYkladchiK
E           client.cpp[0082]19/04 11:07:09 Error: Cant find server item for name: 'minoYkladchiKGun'
E              Gun.cpp[0866]19/04 11:07:09 Error: LoadPoint not found: LP_GUN for MinePusher id = 12916 prototype = 'minePusher', modelName = minoYkladchiK
E           client.cpp[0082]19/04 11:07:09 Error: Cant find server item for name: 'minoYkladchiKGun'
E              Gun.cpp[0866]19/04 11:07:09 Error: LoadPoint not found: LP_GUN for MinePusher id = 12917 prototype = 'minePusher', modelName = minoYkladchiK
E           client.cpp[0082]19/04 11:07:09 Error: Cant find server item for name: 'minoYkladchiKGun'
E              Gun.cpp[0866]19/04 11:07:09 Error: LoadPoint not found: LP_GUN for MinePusher id = 12918 prototype = 'minePusher', modelName = minoYkladchiK
E           client.cpp[0082]19/04 11:07:09 Error: Cant find server item for name: 'minoYkladchiKGun'
E              Gun.cpp[0866]19/04 11:07:09 Error: LoadPoint not found: LP_GUN for MinePusher id = 12919 prototype = 'minePusher', modelName = minoYkladchiK
E           client.cpp[0082]19/04 11:07:09 Error: Cant find server item for name: 'minoYkladchiKGun'
E              Gun.cpp[0866]19/04 11:07:09 Error: LoadPoint not found: LP_GUN for MinePusher id = 12920 prototype = 'minePusher', modelName = minoYkladchiK
E           client.cpp[0082]19/04 11:07:09 Error: Cant find server item for name: 'minoYkladchiKGun'
E              Gun.cpp[0866]19/04 11:07:09 Error: LoadPoint not found: LP_GUN for MinePusher id = 12921 prototype = 'minePusher', modelName = minoYkladchiK
E           client.cpp[0082]19/04 11:07:09 Error: Cant find server item for name: 'minoYkladchiKGun'
E              Gun.cpp[0866]19/04 11:07:09 Error: LoadPoint not found: LP_GUN for MinePusher id = 12922 prototype = 'minePusher', modelName = minoYkladchiK
E           client.cpp[0082]19/04 11:07:09 Error: Cant find server item for name: 'minoYkladchiKGun'
E              Gun.cpp[0866]19/04 11:07:09 Error: LoadPoint not found: LP_GUN for MinePusher id = 12923 prototype = 'minePusher', modelName = minoYkladchiK
E           client.cpp[0082]19/04 11:07:09 Error: Cant find server item for name: 'minoYkladchiKGun'
E              Gun.cpp[0866]19/04 11:07:09 Error: LoadPoint not found: LP_GUN for MinePusher id = 12924 prototype = 'minePusher', modelName = minoYkladchiK
E           client.cpp[0082]19/04 11:07:09 Error: Cant find server item for name: 'minoYkladchiKGun'
E              Gun.cpp[0866]19/04 11:07:09 Error: LoadPoint not found: LP_GUN for MinePusher id = 12925 prototype = 'minePusher', modelName = minoYkladchiK
E           client.cpp[0082]19/04 11:07:09 Error: Cant find server item for name: 'minoYkladchiKGun'
E              Gun.cpp[0866]19/04 11:07:09 Error: LoadPoint not found: LP_GUN for MinePusher id = 12926 prototype = 'minePusher', modelName = minoYkladchiK
I DynamicQuestManager.cpp[0089]19/04 11:07:09 DynamicQuestReach id = 12927 prototype = 'dynamicQuestReach' created
I DynamicQuestManager.cpp[0090]19/04 11:07:09 targetName = 'Zavod_NGP', hirerName = 'Nikolskoe_Village', reward = 4312
E           client.cpp[0082]19/04 11:07:09 Error: Cant find server item for name: 'minoYkladchiKGun'
E              Gun.cpp[0866]19/04 11:07:09 Error: LoadPoint not found: LP_GUN for MinePusher id = 12928 prototype = 'minePusher', modelName = minoYkladchiK
E           client.cpp[0082]19/04 11:07:09 Error: Cant find server item for name: 'minoYkladchiKGun'
E              Gun.cpp[0866]19/04 11:07:09 Error: LoadPoint not found: LP_GUN for MinePusher id = 12929 prototype = 'minePusher', modelName = minoYkladchiK
E           client.cpp[0082]19/04 11:07:09 Error: Cant find server item for name: 'minoYkladchiKGun'
E              Gun.cpp[0866]19/04 11:07:09 Error: LoadPoint not found: LP_GUN for MinePusher id = 12930 prototype = 'minePusher', modelName = minoYkladchiK
E           client.cpp[0082]19/04 11:07:09 Error: Cant find server item for name: 'minoYkladchiKGun'
E              Gun.cpp[0866]19/04 11:07:09 Error: LoadPoint not found: LP_GUN for MinePusher id = 12931 prototype = 'minePusher', modelName = minoYkladchiK
E           client.cpp[0082]19/04 11:07:09 Error: Cant find server item for name: 'minoYkladchiKGun'
E              Gun.cpp[0866]19/04 11:07:09 Error: LoadPoint not found: LP_GUN for MinePusher id = 12932 prototype = 'minePusher', modelName = minoYkladchiK
E           client.cpp[0082]19/04 11:07:09 Error: Cant find server item for name: 'minoYkladchiKGun'
E              Gun.cpp[0866]19/04 11:07:09 Error: LoadPoint not found: LP_GUN for MinePusher id = 12933 prototype = 'minePusher', modelName = minoYkladchiK
E           client.cpp[0082]19/04 11:07:09 Error: Cant find server item for name: 'minoYkladchiKGun'
E              Gun.cpp[0866]19/04 11:07:09 Error: LoadPoint not found: LP_GUN for MinePusher id = 12934 prototype = 'minePusher', modelName = minoYkladchiK
E           client.cpp[0082]19/04 11:07:09 Error: Cant find server item for name: 'minoYkladchiKGun'
E              Gun.cpp[0866]19/04 11:07:09 Error: LoadPoint not found: LP_GUN for MinePusher id = 12935 prototype = 'minePusher', modelName = minoYkladchiK
E           client.cpp[0082]19/04 11:07:09 Error: Cant find server item for name: 'minoYkladchiKGun'
E              Gun.cpp[0866]19/04 11:07:09 Error: LoadPoint not found: LP_GUN for MinePusher id = 12936 prototype = 'minePusher', modelName = minoYkladchiK
E           client.cpp[0082]19/04 11:07:09 Error: Cant find server item for name: 'minoYkladchiKGun'
E              Gun.cpp[0866]19/04 11:07:09 Error: LoadPoint not found: LP_GUN for MinePusher id = 12937 prototype = 'minePusher', modelName = minoYkladchiK
E           client.cpp[0082]19/04 11:07:09 Error: Cant find server item for name: 'minoYkladchiKGun'
E              Gun.cpp[0866]19/04 11:07:09 Error: LoadPoint not found: LP_GUN for MinePusher id = 12938 prototype = 'minePusher', modelName = minoYkladchiK
E           client.cpp[0082]19/04 11:07:09 Error: Cant find server item for name: 'minoYkladchiKGun'
E              Gun.cpp[0866]19/04 11:07:09 Error: LoadPoint not found: LP_GUN for MinePusher id = 12939 prototype = 'minePusher', modelName = minoYkladchiK
E           client.cpp[0082]19/04 11:07:09 Error: Cant find server item for name: 'minoYkladchiKGun'
E              Gun.cpp[0866]19/04 11:07:09 Error: LoadPoint not found: LP_GUN for MinePusher id = 12940 prototype = 'minePusher', modelName = minoYkladchiK
E           client.cpp[0082]19/04 11:07:09 Error: Cant find server item for name: 'minoYkladchiKGun'
E              Gun.cpp[0866]19/04 11:07:09 Error: LoadPoint not found: LP_GUN for MinePusher id = 12941 prototype = 'minePusher', modelName = minoYkladchiK
E           client.cpp[0082]19/04 11:07:09 Error: Cant find server item for name: 'minoYkladchiKGun'
E              Gun.cpp[0866]19/04 11:07:09 Error: LoadPoint not found: LP_GUN for MinePusher id = 12942 prototype = 'minePusher', modelName = minoYkladchiK
E           client.cpp[0082]19/04 11:07:09 Error: Cant find server item for name: 'minoYkladchiKGun'
E              Gun.cpp[0866]19/04 11:07:09 Error: LoadPoint not found: LP_GUN for MinePusher id = 12943 prototype = 'minePusher', modelName = minoYkladchiK
E           client.cpp[0082]19/04 11:07:09 Error: Cant find server item for name: 'minoYkladchiKGun'
E              Gun.cpp[0866]19/04 11:07:09 Error: LoadPoint not found: LP_GUN for MinePusher id = 12944 prototype = 'minePusher', modelName = minoYkladchiK
E           client.cpp[0082]19/04 11:07:09 Error: Cant find server item for name: 'minoYkladchiKGun'
E              Gun.cpp[0866]19/04 11:07:09 Error: LoadPoint not found: LP_GUN for MinePusher id = 12945 prototype = 'minePusher', modelName = minoYkladchiK
E           client.cpp[0082]19/04 11:07:09 Error: Cant find server item for name: 'minoYkladchiKGun'
E              Gun.cpp[0866]19/04 11:07:09 Error: LoadPoint not found: LP_GUN for MinePusher id = 12946 prototype = 'minePusher', modelName = minoYkladchiK
E           client.cpp[0082]19/04 11:07:09 Error: Cant find server item for name: 'minoYkladchiKGun'
E              Gun.cpp[0866]19/04 11:07:09 Error: LoadPoint not found: LP_GUN for MinePusher id = 12947 prototype = 'minePusher', modelName = minoYkladchiK
E           client.cpp[0082]19/04 11:07:09 Error: Cant find server item for name: 'minoYkladchiKGun'
E              Gun.cpp[0866]19/04 11:07:09 Error: LoadPoint not found: LP_GUN for MinePusher id = 12948 prototype = 'minePusher', modelName = minoYkladchiK
E           client.cpp[0082]19/04 11:07:09 Error: Cant find server item for name: 'minoYkladchiKGun'
E              Gun.cpp[0866]19/04 11:07:09 Error: LoadPoint not found: LP_GUN for MinePusher id = 12949 prototype = 'minePusher', modelName = minoYkladchiK
E           client.cpp[0082]19/04 11:07:09 Error: Cant find server item for name: 'minoYkladchiKGun'
E              Gun.cpp[0866]19/04 11:07:09 Error: LoadPoint not found: LP_GUN for MinePusher id = 12950 prototype = 'minePusher', modelName = minoYkladchiK
E           client.cpp[0082]19/04 11:07:09 Error: Cant find server item for name: 'minoYkladchiKGun'
E              Gun.cpp[0866]19/04 11:07:09 Error: LoadPoint not found: LP_GUN for MinePusher id = 12951 prototype = 'minePusher', modelName = minoYkladchiK
I       MsgManager.cpp[0483]19/04 11:07:09 MsgManager::ShowMsgBox error - MsgInfo for msg with id 8801 not found
I           server.cpp[0909]19/04 11:07:09 		After first Update
I           server.cpp[0911]19/04 11:07:09 AI: Finished Loading Server
I           view32.cpp[1106]19/04 11:07:09 Load server end
I    GameUiManager.cpp[0303]19/04 11:07:09 Interface: is initializing...
I    GameUiManager.cpp[0395]19/04 11:07:09 Interface: is inited successfully
I blockMusicManager.cpp[0199]19/04 11:07:09 BlockMusicManager: resetting
I blockMusicManager.cpp[0185]19/04 11:07:09 BlockMusicManager: start playing new music: blockNum = 16, musicType = 0, name = 'r8_2_driving'
E ComplexPhysicObj.cpp[1428]19/04 11:07:58 Error: LoadPoint not found! Model = 'fighterCab01', lp = LP_BIG01 for Vehicle id = 29326 prototype = 'Fighter02'
E ComplexPhysicObj.cpp[1428]19/04 11:07:58 Error: LoadPoint not found! Model = 'hunterCab01', lp = LP_BIG01 for Vehicle id = 29290 prototype = 'Hunter02'
E ComplexPhysicObj.cpp[1428]19/04 11:07:58 Error: LoadPoint not found! Model = 'hunterCab01', lp = LP_SML01 for Vehicle id = 29290 prototype = 'Hunter02'
E ComplexPhysicObj.cpp[1428]19/04 11:07:58 Error: LoadPoint not found! Model = 'hunterCab01', lp = LP_SML01 for Vehicle id = 29290 prototype = 'Hunter02'
E            Affix.cpp[0075]19/04 11:07:58 Error: attempt to apply affix 'with_laser_sight_gun' for property 'Accuracy' of RocketLauncher id = 29266 prototype = 'hunterLauncher'
E ComplexPhysicObj.cpp[1428]19/04 11:07:58 Error: LoadPoint not found! Model = 'fighterCab01', lp = LP_BIG01 for Vehicle id = 12955 prototype = 'Fighter02'
E            Affix.cpp[0075]19/04 11:07:58 Error: attempt to apply affix 'without_sight_gun' for property 'Accuracy' of RocketLauncher id = 12983 prototype = 'hunterLauncher'
E            Affix.cpp[0075]19/04 11:07:58 Error: attempt to apply affix 'rusty_gun' for property 'Accuracy' of RocketLauncher id = 12999 prototype = 'hunterLauncher'
E            Affix.cpp[0075]19/04 11:07:58 Error: attempt to apply affix 'useless_gun' for property 'Accuracy' of RocketLauncher id = 12999 prototype = 'hunterLauncher'
E            Affix.cpp[0075]19/04 11:07:58 Error: attempt to apply affix 'without_sight_gun' for property 'Accuracy' of RocketLauncher id = 13015 prototype = 'hunterLauncher'
E            Affix.cpp[0075]19/04 11:07:58 Error: attempt to apply affix 'useless_gun' for property 'Accuracy' of RocketLauncher id = 13015 prototype = 'hunterLauncher'
E            Affix.cpp[0075]19/04 11:07:58 Error: attempt to apply affix 'useless_gun' for property 'Accuracy' of RocketLauncher id = 13094 prototype = 'hunterLauncher'
E ComplexPhysicObj.cpp[1428]19/04 11:07:58 Error: LoadPoint not found! Model = 'uralCab01', lp = LP_BIG01 for Vehicle id = 13099 prototype = 'Ural01'
E ComplexPhysicObj.cpp[1428]19/04 11:07:58 Error: LoadPoint not found! Model = 'fighterCab01', lp = LP_BIG01 for Vehicle id = 13119 prototype = 'Fighter02'
E ComplexPhysicObj.cpp[1428]19/04 11:07:58 Error: LoadPoint not found! Model = 'fighterCab01', lp = LP_BIG01 for Vehicle id = 13136 prototype = 'Fighter02'
E ComplexPhysicObj.cpp[1428]19/04 11:07:58 Error: LoadPoint not found! Model = 'fighterCab01', lp = LP_BIG01 for Vehicle id = 13153 prototype = 'Fighter02'
I             util.cpp[0423]19/04 11:08:09 Maximum joint count reached: 32
I             util.cpp[0423]19/04 11:08:09 Maximum joint count reached: 34
I blockMusicManager.cpp[0185]19/04 11:08:17 BlockMusicManager: start playing new music: blockNum = 16, musicType = 1, name = 'r8_1_alarm'
I blockMusicManager.cpp[0185]19/04 11:08:20 BlockMusicManager: start playing new music: blockNum = 16, musicType = 2, name = 'r8_1_battle'
I blockMusicManager.cpp[0199]19/04 11:08:27 BlockMusicManager: resetting
I blockMusicManager.cpp[0185]19/04 11:08:27 BlockMusicManager: start playing new music: blockNum = 15, musicType = 0, name = 'r8_1_driving'
I        FadingMsg.cpp[0199]19/04 11:08:29 Fading message: 'Нажмите (%1m), чтобы поднять груз'
I        FadingMsg.cpp[0199]19/04 11:08:30 Fading message: 'Вы подняли предмет: %1s'
I        FadingMsg.cpp[0199]19/04 11:08:37 Fading message: 'Нажмите (%1m), чтобы поднять груз'
I        FadingMsg.cpp[0199]19/04 11:08:38 Fading message: 'Вы подняли предмет: %1s'
E ComplexPhysicObj.cpp[1428]19/04 11:08:43 Error: LoadPoint not found! Model = 'fighterCab01', lp = LP_BIG01 for Vehicle id = 62350 prototype = 'Fighter02'
E ComplexPhysicObj.cpp[1428]19/04 11:08:43 Error: LoadPoint not found! Model = 'hunterCab01', lp = LP_BIG01 for Vehicle id = 78430 prototype = 'Hunter02'
E ComplexPhysicObj.cpp[1428]19/04 11:08:43 Error: LoadPoint not found! Model = 'hunterCab01', lp = LP_SML01 for Vehicle id = 78430 prototype = 'Hunter02'
E ComplexPhysicObj.cpp[1428]19/04 11:08:43 Error: LoadPoint not found! Model = 'hunterCab01', lp = LP_SML01 for Vehicle id = 78430 prototype = 'Hunter02'
E            Affix.cpp[0075]19/04 11:08:43 Error: attempt to apply affix 'with_laser_sight_gun' for property 'Accuracy' of RocketLauncher id = 177058 prototype = 'hunterLauncher'
E ComplexPhysicObj.cpp[1428]19/04 11:08:43 Error: LoadPoint not found! Model = 'hunterCab01', lp = LP_BIG01 for Vehicle id = 455623 prototype = 'Hunter02'
E ComplexPhysicObj.cpp[1428]19/04 11:08:43 Error: LoadPoint not found! Model = 'hunterCab01', lp = LP_SML01 for Vehicle id = 455623 prototype = 'Hunter02'
E ComplexPhysicObj.cpp[1428]19/04 11:08:43 Error: LoadPoint not found! Model = 'hunterCab01', lp = LP_SML01 for Vehicle id = 455623 prototype = 'Hunter02'
E            Affix.cpp[0075]19/04 11:08:43 Error: attempt to apply affix 'rusty_gun' for property 'Accuracy' of RocketLauncher id = 62198 prototype = 'hunterLauncher'
E ComplexPhysicObj.cpp[1428]19/04 11:08:43 Error: LoadPoint not found! Model = 'uralCab01', lp = LP_BIG01 for Vehicle id = 177114 prototype = 'Ural01'
E ComplexPhysicObj.cpp[1428]19/04 11:08:43 Error: LoadPoint not found! Model = 'fighterCab01', lp = LP_BIG01 for Vehicle id = 29541 prototype = 'Fighter02'
E ComplexPhysicObj.cpp[1428]19/04 11:08:43 Error: LoadPoint not found! Model = 'uralCab01', lp = LP_BIG01 for Vehicle id = 29506 prototype = 'Ural02'
E ComplexPhysicObj.cpp[1428]19/04 11:08:43 Error: LoadPoint not found! Model = 'uralCab01', lp = LP_BIG02 for Vehicle id = 29506 prototype = 'Ural02'
E ComplexPhysicObj.cpp[1428]19/04 11:08:43 Error: LoadPoint not found! Model = 'uralCab01', lp = LP_BIG02 for Vehicle id = 29506 prototype = 'Ural02'
I        FadingMsg.cpp[0199]19/04 11:08:46 Fading message: 'Нажмите (%1m), чтобы поднять груз'
I        FadingMsg.cpp[0199]19/04 11:08:47 Fading message: 'Вы подняли предмет: %1s'
I blockMusicManager.cpp[0185]19/04 11:08:52 BlockMusicManager: start playing new music: blockNum = 15, musicType = 1, name = 'r8_1_alarm'
I blockMusicManager.cpp[0185]19/04 11:08:58 BlockMusicManager: start playing new music: blockNum = 15, musicType = 2, name = 'r8_1_battle'
I             util.cpp[0423]19/04 11:09:26 Maximum joint count reached: 42
I blockMusicManager.cpp[0199]19/04 11:09:30 BlockMusicManager: resetting
I blockMusicManager.cpp[0185]19/04 11:09:30 BlockMusicManager: start playing new music: blockNum = 16, musicType = 0, name = 'r8_2_driving'
I        FadingMsg.cpp[0199]19/04 11:09:36 Fading message: 'Нажмите (%1m), чтобы поднять груз'
I        FadingMsg.cpp[0199]19/04 11:09:37 Fading message: 'Вы подняли предмет: %1s'
I        FadingMsg.cpp[0199]19/04 11:09:37 Fading message: 'Не хватает места в кузове. Для вызова окна снаряжения нажмите %1m'
E ComplexPhysicObj.cpp[1428]19/04 11:09:48 Error: LoadPoint not found! Model = 'fighterCab01', lp = LP_BIG01 for Vehicle id = 586515 prototype = 'Fighter02'
E ComplexPhysicObj.cpp[1428]19/04 11:09:48 Error: LoadPoint not found! Model = 'fighterCab01', lp = LP_BIG01 for Vehicle id = 29799 prototype = 'Fighter02'
I blockMusicManager.cpp[0185]19/04 11:09:52 BlockMusicManager: start playing new music: blockNum = 16, musicType = 1, name = 'r8_1_alarm'
I blockMusicManager.cpp[0199]19/04 11:09:54 BlockMusicManager: resetting
I blockMusicManager.cpp[0185]19/04 11:09:54 BlockMusicManager: start playing new music: blockNum = 17, musicType = 0, name = 'r8_3_driving'
I blockMusicManager.cpp[0185]19/04 11:09:55 BlockMusicManager: start playing new music: blockNum = 17, musicType = 1, name = 'r8_1_alarm'
I blockMusicManager.cpp[0199]19/04 11:09:58 BlockMusicManager: resetting
I blockMusicManager.cpp[0185]19/04 11:09:58 BlockMusicManager: start playing new music: blockNum = 15, musicType = 0, name = 'r8_1_driving'
I        FadingMsg.cpp[0199]19/04 11:10:05 Fading message: 'Нажмите гудок (%1m) для въезда в город'
I townMusicManager.cpp[0096]19/04 11:10:10 TownMusicManager: start playing new music: 'Donb_town_g5'
I blockMusicManager.cpp[0199]19/04 11:11:14 BlockMusicManager: resetting
I        FadingMsg.cpp[0199]19/04 11:11:14 Fading message: 'Начался тяжелый трудовой день.'
I blockMusicManager.cpp[0185]19/04 11:11:14 BlockMusicManager: start playing new music: blockNum = 16, musicType = 0, name = 'r8_2_driving'
E ComplexPhysicObj.cpp[1428]19/04 11:11:22 Error: LoadPoint not found! Model = 'fighterCab01', lp = LP_BIG01 for Vehicle id = 127938 prototype = 'Fighter02'
E ComplexPhysicObj.cpp[1428]19/04 11:11:22 Error: LoadPoint not found! Model = 'fighterCab01', lp = LP_BIG01 for Vehicle id = 1651700 prototype = 'Fighter02'
E ComplexPhysicObj.cpp[1428]19/04 11:11:46 Error: LoadPoint not found! Model = 'fighterCab01', lp = LP_BIG01 for Vehicle id = 684964 prototype = 'Fighter02'
E ComplexPhysicObj.cpp[1428]19/04 11:11:46 Error: LoadPoint not found! Model = 'fighterCab01', lp = LP_BIG01 for Vehicle id = 111501 prototype = 'Fighter02'
I        FadingMsg.cpp[0199]19/04 11:12:12 Fading message: 'Нажмите гудок (%1m) для въезда в город'
I townMusicManager.cpp[0096]19/04 11:12:14 TownMusicManager: start playing new music: 'Donb_town_g5'
I blockMusicManager.cpp[0199]19/04 11:12:30 BlockMusicManager: resetting
I blockMusicManager.cpp[0185]19/04 11:12:30 BlockMusicManager: start playing new music: blockNum = 16, musicType = 0, name = 'r8_2_driving'
E ComplexPhysicObj.cpp[1428]19/04 11:12:30 Error: LoadPoint not found! Model = 'hunterCab01', lp = LP_BIG01 for Vehicle id = 1061835 prototype = 'Hunter02'
E ComplexPhysicObj.cpp[1428]19/04 11:12:30 Error: LoadPoint not found! Model = 'hunterCab01', lp = LP_SML01 for Vehicle id = 1061835 prototype = 'Hunter02'
E ComplexPhysicObj.cpp[1428]19/04 11:12:30 Error: LoadPoint not found! Model = 'hunterCab01', lp = LP_SML01 for Vehicle id = 1061835 prototype = 'Hunter02'
E ComplexPhysicObj.cpp[1428]19/04 11:12:30 Error: LoadPoint not found! Model = 'fighterCab01', lp = LP_BIG01 for Vehicle id = 78927 prototype = 'Fighter02'
E            Affix.cpp[0075]19/04 11:12:30 Error: attempt to apply affix 'rusty_gun' for property 'Accuracy' of RocketLauncher id = 111410 prototype = 'hunterLauncher'
E ComplexPhysicObj.cpp[1428]19/04 11:12:30 Error: LoadPoint not found! Model = 'fighterCab01', lp = LP_BIG01 for Vehicle id = 242266 prototype = 'Fighter02'
E ComplexPhysicObj.cpp[1428]19/04 11:12:58 Error: LoadPoint not found! Model = 'hunterCab01', lp = LP_BIG01 for Vehicle id = 2192203 prototype = 'Hunter02'
E ComplexPhysicObj.cpp[1428]19/04 11:12:58 Error: LoadPoint not found! Model = 'hunterCab01', lp = LP_SML01 for Vehicle id = 2192203 prototype = 'Hunter02'
E ComplexPhysicObj.cpp[1428]19/04 11:12:58 Error: LoadPoint not found! Model = 'hunterCab01', lp = LP_SML01 for Vehicle id = 2192203 prototype = 'Hunter02'
E ComplexPhysicObj.cpp[1428]19/04 11:12:58 Error: LoadPoint not found! Model = 'fighterCab01', lp = LP_BIG01 for Vehicle id = 111727 prototype = 'Fighter02'
E ComplexPhysicObj.cpp[1428]19/04 11:12:58 Error: LoadPoint not found! Model = 'uralCab01', lp = LP_BIG01 for Vehicle id = 144400 prototype = 'Ural01'
E ComplexPhysicObj.cpp[1428]19/04 11:12:58 Error: LoadPoint not found! Model = 'uralCab01', lp = LP_BIG01 for Vehicle id = 95028 prototype = 'Ural01'
E ComplexPhysicObj.cpp[1428]19/04 11:12:58 Error: LoadPoint not found! Model = 'uralCab01', lp = LP_BIG01 for Vehicle id = 1471483 prototype = 'Ural02'
E ComplexPhysicObj.cpp[1428]19/04 11:12:58 Error: LoadPoint not found! Model = 'uralCab01', lp = LP_BIG02 for Vehicle id = 1471483 prototype = 'Ural02'
E ComplexPhysicObj.cpp[1428]19/04 11:12:58 Error: LoadPoint not found! Model = 'uralCab01', lp = LP_BIG02 for Vehicle id = 1471483 prototype = 'Ural02'
E ComplexPhysicObj.cpp[1428]19/04 11:13:46 Error: LoadPoint not found! Model = 'fighterCab01', lp = LP_BIG01 for Vehicle id = 2093760 prototype = 'Fighter02'
E ComplexPhysicObj.cpp[1428]19/04 11:13:46 Error: LoadPoint not found! Model = 'hunterCab01', lp = LP_BIG01 for Vehicle id = 111711 prototype = 'Hunter02'
E ComplexPhysicObj.cpp[1428]19/04 11:13:46 Error: LoadPoint not found! Model = 'hunterCab01', lp = LP_SML01 for Vehicle id = 111711 prototype = 'Hunter02'
E ComplexPhysicObj.cpp[1428]19/04 11:13:46 Error: LoadPoint not found! Model = 'hunterCab01', lp = LP_SML01 for Vehicle id = 111711 prototype = 'Hunter02'
E ComplexPhysicObj.cpp[1428]19/04 11:13:46 Error: LoadPoint not found! Model = 'hunterCab01', lp = LP_BIG01 for Vehicle id = 127874 prototype = 'Hunter02'
E ComplexPhysicObj.cpp[1428]19/04 11:13:46 Error: LoadPoint not found! Model = 'hunterCab01', lp = LP_SML01 for Vehicle id = 127874 prototype = 'Hunter02'
E ComplexPhysicObj.cpp[1428]19/04 11:13:46 Error: LoadPoint not found! Model = 'hunterCab01', lp = LP_SML01 for Vehicle id = 127874 prototype = 'Hunter02'
E ComplexPhysicObj.cpp[1428]19/04 11:13:46 Error: LoadPoint not found! Model = 'uralCab01', lp = LP_BIG01 for Vehicle id = 160891 prototype = 'Ural01'
E ComplexPhysicObj.cpp[1428]19/04 11:13:46 Error: LoadPoint not found! Model = 'uralCab01', lp = LP_BIG01 for Vehicle id = 275478 prototype = 'Ural01'
E ComplexPhysicObj.cpp[1428]19/04 11:13:46 Error: LoadPoint not found! Model = 'uralCab01', lp = LP_BIG01 for Vehicle id = 160476 prototype = 'Ural02'
E ComplexPhysicObj.cpp[1428]19/04 11:13:46 Error: LoadPoint not found! Model = 'uralCab01', lp = LP_BIG02 for Vehicle id = 160476 prototype = 'Ural02'
E ComplexPhysicObj.cpp[1428]19/04 11:13:46 Error: LoadPoint not found! Model = 'uralCab01', lp = LP_BIG02 for Vehicle id = 160476 prototype = 'Ural02'
E ComplexPhysicObj.cpp[1428]19/04 11:13:46 Error: LoadPoint not found! Model = 'uralCab01', lp = LP_BIG01 for Vehicle id = 144415 prototype = 'Ural02'
E ComplexPhysicObj.cpp[1428]19/04 11:13:46 Error: LoadPoint not found! Model = 'uralCab01', lp = LP_BIG02 for Vehicle id = 144415 prototype = 'Ural02'
E ComplexPhysicObj.cpp[1428]19/04 11:13:46 Error: LoadPoint not found! Model = 'uralCab01', lp = LP_BIG02 for Vehicle id = 144415 prototype = 'Ural02'
E ComplexPhysicObj.cpp[1428]19/04 11:13:46 Error: LoadPoint not found! Model = 'fighterCab01', lp = LP_BIG01 for Vehicle id = 422492 prototype = 'Fighter02'
E ComplexPhysicObj.cpp[1428]19/04 11:13:56 Error: LoadPoint not found! Model = 'fighterCab01', lp = LP_BIG01 for Vehicle id = 734009 prototype = 'Fighter02'
E ComplexPhysicObj.cpp[1428]19/04 11:13:56 Error: LoadPoint not found! Model = 'hunterCab01', lp = LP_BIG01 for Vehicle id = 193209 prototype = 'Hunter02'
E ComplexPhysicObj.cpp[1428]19/04 11:13:56 Error: LoadPoint not found! Model = 'hunterCab01', lp = LP_SML01 for Vehicle id = 193209 prototype = 'Hunter02'
E ComplexPhysicObj.cpp[1428]19/04 11:13:56 Error: LoadPoint not found! Model = 'hunterCab01', lp = LP_SML01 for Vehicle id = 193209 prototype = 'Hunter02'
E ComplexPhysicObj.cpp[1428]19/04 11:13:56 Error: LoadPoint not found! Model = 'hunterCab01', lp = LP_BIG01 for Vehicle id = 46267 prototype = 'Hunter02'
E ComplexPhysicObj.cpp[1428]19/04 11:13:56 Error: LoadPoint not found! Model = 'hunterCab01', lp = LP_SML01 for Vehicle id = 46267 prototype = 'Hunter02'
E ComplexPhysicObj.cpp[1428]19/04 11:13:56 Error: LoadPoint not found! Model = 'hunterCab01', lp = LP_SML01 for Vehicle id = 46267 prototype = 'Hunter02'
E            Affix.cpp[0075]19/04 11:13:56 Error: attempt to apply affix 'without_sight_gun' for property 'Accuracy' of RocketLauncher id = 29861 prototype = 'hunterLauncher'
E            Affix.cpp[0075]19/04 11:13:56 Error: attempt to apply affix 'without_sight_gun' for property 'Accuracy' of RocketLauncher id = 242660 prototype = 'hunterLauncher'
E            Affix.cpp[0075]19/04 11:13:56 Error: attempt to apply affix 'without_sight_gun' for property 'Accuracy' of RocketLauncher id = 242436 prototype = 'hunterLauncher'
E            Affix.cpp[0075]19/04 11:13:56 Error: attempt to apply affix 'useless_gun' for property 'Accuracy' of RocketLauncher id = 242436 prototype = 'hunterLauncher'
E ComplexPhysicObj.cpp[1428]19/04 11:13:56 Error: LoadPoint not found! Model = 'uralCab01', lp = LP_BIG01 for Vehicle id = 1913545 prototype = 'Ural01'
E ComplexPhysicObj.cpp[1428]19/04 11:13:56 Error: LoadPoint not found! Model = 'fighterCab01', lp = LP_BIG01 for Vehicle id = 29872 prototype = 'Fighter02'
I blockMusicManager.cpp[0185]19/04 11:13:56 BlockMusicManager: start playing new music: blockNum = 16, musicType = 1, name = 'r8_1_alarm'
I blockMusicManager.cpp[0199]19/04 11:14:02 BlockMusicManager: resetting
I blockMusicManager.cpp[0185]19/04 11:14:02 BlockMusicManager: start playing new music: blockNum = 17, musicType = 0, name = 'r8_3_driving'
I        FadingMsg.cpp[0199]19/04 11:14:11 Fading message: 'Нажмите (%1m), чтобы поднять груз'
I blockMusicManager.cpp[0185]19/04 11:14:16 BlockMusicManager: start playing new music: blockNum = 17, musicType = 1, name = 'r8_1_alarm'
I blockMusicManager.cpp[0185]19/04 11:14:17 BlockMusicManager: start playing new music: blockNum = 17, musicType = 2, name = 'r8_1_battle'
I        FadingMsg.cpp[0199]19/04 11:14:24 Fading message: 'Нажмите гудок (%1m) для въезда в город'
I townMusicManager.cpp[0096]19/04 11:14:26 TownMusicManager: start playing new music: 'Donb_town_g3'
I blockMusicManager.cpp[0199]19/04 11:14:31 BlockMusicManager: resetting
I blockMusicManager.cpp[0185]19/04 11:14:31 BlockMusicManager: start playing new music: blockNum = 16, musicType = 2, name = 'r8_1_battle'
I blockMusicManager.cpp[0199]19/04 11:14:32 BlockMusicManager: resetting
I blockMusicManager.cpp[0185]19/04 11:14:32 BlockMusicManager: start playing new music: blockNum = 17, musicType = 0, name = 'r8_3_driving'
I        FadingMsg.cpp[0199]19/04 11:14:37 Fading message: 'Нажмите (%1m), чтобы поднять груз'
I        FadingMsg.cpp[0199]19/04 11:14:37 Fading message: 'Вы подняли предмет: %1s'
I        FadingMsg.cpp[0199]19/04 11:14:43 Fading message: 'Нажмите гудок (%1m) для въезда в город'
E ComplexPhysicObj.cpp[1428]19/04 11:14:46 Error: LoadPoint not found! Model = 'fighterCab01', lp = LP_BIG01 for Vehicle id = 226219 prototype = 'Fighter02'
E ComplexPhysicObj.cpp[1428]19/04 11:14:46 Error: LoadPoint not found! Model = 'fighterCab01', lp = LP_BIG01 for Vehicle id = 603000 prototype = 'Fighter02'
E ComplexPhysicObj.cpp[1428]19/04 11:14:46 Error: LoadPoint not found! Model = 'hunterCab01', lp = LP_BIG01 for Vehicle id = 160468 prototype = 'Hunter02'
E ComplexPhysicObj.cpp[1428]19/04 11:14:46 Error: LoadPoint not found! Model = 'hunterCab01', lp = LP_SML01 for Vehicle id = 160468 prototype = 'Hunter02'
E ComplexPhysicObj.cpp[1428]19/04 11:14:46 Error: LoadPoint not found! Model = 'hunterCab01', lp = LP_SML01 for Vehicle id = 160468 prototype = 'Hunter02'
E            Affix.cpp[0075]19/04 11:14:46 Error: attempt to apply affix 'with_laser_sight_gun' for property 'Accuracy' of RocketLauncher id = 160496 prototype = 'hunterLauncher'
E            Affix.cpp[0075]19/04 11:14:46 Error: attempt to apply affix 'excellent_gun' for property 'Accuracy' of RocketLauncher id = 160496 prototype = 'hunterLauncher'
E ComplexPhysicObj.cpp[1428]19/04 11:14:46 Error: LoadPoint not found! Model = 'uralCab01', lp = LP_BIG01 for Vehicle id = 1340466 prototype = 'Ural01'
E ComplexPhysicObj.cpp[1428]19/04 11:14:46 Error: LoadPoint not found! Model = 'uralCab01', lp = LP_BIG01 for Vehicle id = 79044 prototype = 'Ural02'
E ComplexPhysicObj.cpp[1428]19/04 11:14:46 Error: LoadPoint not found! Model = 'uralCab01', lp = LP_BIG02 for Vehicle id = 79044 prototype = 'Ural02'
E ComplexPhysicObj.cpp[1428]19/04 11:14:46 Error: LoadPoint not found! Model = 'uralCab01', lp = LP_BIG02 for Vehicle id = 79044 prototype = 'Ural02'
E ComplexPhysicObj.cpp[1428]19/04 11:14:46 Error: LoadPoint not found! Model = 'fighterCab01', lp = LP_BIG01 for Vehicle id = 2782053 prototype = 'Fighter02'
E ComplexPhysicObj.cpp[1428]19/04 11:14:46 Error: LoadPoint not found! Model = 'fighterCab01', lp = LP_BIG01 for Vehicle id = 488028 prototype = 'Fighter02'
I blockMusicManager.cpp[0185]19/04 11:14:52 BlockMusicManager: start playing new music: blockNum = 17, musicType = 1, name = 'r8_1_alarm'
I townMusicManager.cpp[0096]19/04 11:14:55 TownMusicManager: start playing new music: 'Donb_town_g3'
I blockMusicManager.cpp[0199]19/04 11:14:59 BlockMusicManager: resetting
I blockMusicManager.cpp[0185]19/04 11:14:59 BlockMusicManager: start playing new music: blockNum = 16, musicType = 1, name = 'r8_1_alarm'
I blockMusicManager.cpp[0199]19/04 11:15:02 BlockMusicManager: resetting
I blockMusicManager.cpp[0185]19/04 11:15:02 BlockMusicManager: start playing new music: blockNum = 16, musicType = 0, name = 'r8_2_driving'
I        FadingMsg.cpp[0199]19/04 11:15:06 Fading message: 'Нажмите (%1m), чтобы поднять груз'
I        FadingMsg.cpp[0199]19/04 11:15:08 Fading message: 'Вы подняли предмет: %1s'
I        FadingMsg.cpp[0199]19/04 11:15:08 Fading message: 'Вы подняли предмет: %1s'
I        FadingMsg.cpp[0199]19/04 11:15:18 Fading message: 'Нажмите гудок (%1m) для въезда в город'
E ComplexPhysicObj.cpp[1428]19/04 11:15:22 Error: LoadPoint not found! Model = 'fighterCab01', lp = LP_BIG01 for Vehicle id = 2585255 prototype = 'Fighter02'
E ComplexPhysicObj.cpp[1428]19/04 11:15:22 Error: LoadPoint not found! Model = 'hunterCab01', lp = LP_BIG01 for Vehicle id = 553868 prototype = 'Hunter02'
E ComplexPhysicObj.cpp[1428]19/04 11:15:22 Error: LoadPoint not found! Model = 'hunterCab01', lp = LP_SML01 for Vehicle id = 553868 prototype = 'Hunter02'
E ComplexPhysicObj.cpp[1428]19/04 11:15:22 Error: LoadPoint not found! Model = 'hunterCab01', lp = LP_SML01 for Vehicle id = 553868 prototype = 'Hunter02'
E            Affix.cpp[0075]19/04 11:15:22 Error: attempt to apply affix 'with_laser_sight_gun' for property 'Accuracy' of RocketLauncher id = 111782 prototype = 'hunterLauncher'
E ComplexPhysicObj.cpp[1428]19/04 11:15:22 Error: LoadPoint not found! Model = 'fighterCab01', lp = LP_BIG01 for Vehicle id = 1232599 prototype = 'Fighter02'
I townMusicManager.cpp[0096]19/04 11:15:26 TownMusicManager: start playing new music: 'Donb_town_g3'
I blockMusicManager.cpp[0199]19/04 11:15:31 BlockMusicManager: resetting
I blockMusicManager.cpp[0185]19/04 11:15:31 BlockMusicManager: start playing new music: blockNum = 17, musicType = 0, name = 'r8_3_driving'
I blockMusicManager.cpp[0185]19/04 11:15:32 BlockMusicManager: start playing new music: blockNum = 17, musicType = 1, name = 'r8_1_alarm'
I blockMusicManager.cpp[0185]19/04 11:15:36 BlockMusicManager: start playing new music: blockNum = 17, musicType = 2, name = 'r8_1_battle'
I        FadingMsg.cpp[0199]19/04 11:15:43 Fading message: 'Нажмите (%1m), чтобы поднять груз'
I        FadingMsg.cpp[0199]19/04 11:15:44 Fading message: 'Вы подняли предмет: %1s'
I        FadingMsg.cpp[0199]19/04 11:15:44 Fading message: 'Вы подняли предмет: %1s'
I blockMusicManager.cpp[0185]19/04 11:15:44 BlockMusicManager: start playing new music: blockNum = 17, musicType = 1, name = 'r8_1_alarm'
I blockMusicManager.cpp[0199]19/04 11:15:53 BlockMusicManager: resetting
I blockMusicManager.cpp[0185]19/04 11:15:53 BlockMusicManager: start playing new music: blockNum = 17, musicType = 0, name = 'r8_3_driving'
E ComplexPhysicObj.cpp[1428]19/04 11:16:09 Error: LoadPoint not found! Model = 'fighterCab01', lp = LP_BIG01 for Vehicle id = 439551 prototype = 'Fighter02'
E ComplexPhysicObj.cpp[1428]19/04 11:16:09 Error: LoadPoint not found! Model = 'hunterCab01', lp = LP_BIG01 for Vehicle id = 897844 prototype = 'Hunter02'
E ComplexPhysicObj.cpp[1428]19/04 11:16:09 Error: LoadPoint not found! Model = 'hunterCab01', lp = LP_SML01 for Vehicle id = 897844 prototype = 'Hunter02'
E ComplexPhysicObj.cpp[1428]19/04 11:16:09 Error: LoadPoint not found! Model = 'hunterCab01', lp = LP_SML01 for Vehicle id = 897844 prototype = 'Hunter02'
E ComplexPhysicObj.cpp[1428]19/04 11:16:09 Error: LoadPoint not found! Model = 'hunterCab01', lp = LP_BIG01 for Vehicle id = 26143 prototype = 'Hunter02'
E ComplexPhysicObj.cpp[1428]19/04 11:16:09 Error: LoadPoint not found! Model = 'hunterCab01', lp = LP_SML01 for Vehicle id = 26143 prototype = 'Hunter02'
E ComplexPhysicObj.cpp[1428]19/04 11:16:09 Error: LoadPoint not found! Model = 'hunterCab01', lp = LP_SML01 for Vehicle id = 26143 prototype = 'Hunter02'
E ComplexPhysicObj.cpp[1428]19/04 11:16:09 Error: LoadPoint not found! Model = 'uralCab01', lp = LP_BIG01 for Vehicle id = 537652 prototype = 'Ural01'
E            Affix.cpp[0075]19/04 11:16:09 Error: attempt to apply affix 'without_sight_gun' for property 'Accuracy' of RocketLauncher id = 324580 prototype = 'hunterLauncher'
E ComplexPhysicObj.cpp[1428]19/04 11:16:09 Error: LoadPoint not found! Model = 'uralCab01', lp = LP_BIG01 for Vehicle id = 1561811 prototype = 'Ural02'
E ComplexPhysicObj.cpp[1428]19/04 11:16:09 Error: LoadPoint not found! Model = 'uralCab01', lp = LP_BIG02 for Vehicle id = 1561811 prototype = 'Ural02'
E ComplexPhysicObj.cpp[1428]19/04 11:16:09 Error: LoadPoint not found! Model = 'uralCab01', lp = LP_BIG02 for Vehicle id = 1561811 prototype = 'Ural02'
E ComplexPhysicObj.cpp[1428]19/04 11:16:09 Error: LoadPoint not found! Model = 'fighterCab01', lp = LP_BIG01 for Vehicle id = 1651340 prototype = 'Fighter02'
E ComplexPhysicObj.cpp[1428]19/04 11:16:45 Error: LoadPoint not found! Model = 'fighterCab01', lp = LP_BIG01 for Vehicle id = 27106 prototype = 'Fighter02'
E ComplexPhysicObj.cpp[1428]19/04 11:16:45 Error: LoadPoint not found! Model = 'fighterCab01', lp = LP_BIG01 for Vehicle id = 701153 prototype = 'Fighter02'
E            Affix.cpp[0075]19/04 11:16:45 Error: attempt to apply affix 'without_sight_gun' for property 'Accuracy' of RocketLauncher id = 26247 prototype = 'hunterLauncher'
E            Affix.cpp[0075]19/04 11:16:45 Error: attempt to apply affix 'useless_gun' for property 'Accuracy' of RocketLauncher id = 26247 prototype = 'hunterLauncher'
E ComplexPhysicObj.cpp[1428]19/04 11:16:45 Error: LoadPoint not found! Model = 'uralCab01', lp = LP_BIG01 for Vehicle id = 144594 prototype = 'Ural01'
E ComplexPhysicObj.cpp[1428]19/04 11:16:45 Error: LoadPoint not found! Model = 'uralCab01', lp = LP_BIG01 for Vehicle id = 832183 prototype = 'Ural01'
E ComplexPhysicObj.cpp[1428]19/04 11:16:45 Error: LoadPoint not found! Model = 'fighterCab01', lp = LP_BIG01 for Vehicle id = 1979081 prototype = 'Fighter02'
E ComplexPhysicObj.cpp[1428]19/04 11:16:45 Error: LoadPoint not found! Model = 'uralCab01', lp = LP_BIG01 for Vehicle id = 1766310 prototype = 'Ural02'
E ComplexPhysicObj.cpp[1428]19/04 11:16:45 Error: LoadPoint not found! Model = 'uralCab01', lp = LP_BIG02 for Vehicle id = 1766310 prototype = 'Ural02'
E ComplexPhysicObj.cpp[1428]19/04 11:16:45 Error: LoadPoint not found! Model = 'uralCab01', lp = LP_BIG02 for Vehicle id = 1766310 prototype = 'Ural02'
I        FadingMsg.cpp[0199]19/04 11:17:15 Fading message: 'Нажмите гудок (%1m) для въезда в город'
I townMusicManager.cpp[0096]19/04 11:17:16 TownMusicManager: start playing new music: 'techno_town1'
I     DynamicQuest.cpp[0279]19/04 11:17:56 Dynamic quest id 12879 status changed to PROCESSING
I blockMusicManager.cpp[0199]19/04 11:18:21 BlockMusicManager: resetting
I blockMusicManager.cpp[0185]19/04 11:18:21 BlockMusicManager: start playing new music: blockNum = 15, musicType = 0, name = 'r8_1_driving'
E ComplexPhysicObj.cpp[1428]19/04 11:19:09 Error: LoadPoint not found! Model = 'fighterCab01', lp = LP_BIG01 for Vehicle id = 193339 prototype = 'Fighter02'
E ComplexPhysicObj.cpp[1428]19/04 11:19:09 Error: LoadPoint not found! Model = 'fighterCab01', lp = LP_BIG01 for Vehicle id = 210156 prototype = 'Fighter02'
E ComplexPhysicObj.cpp[1428]19/04 11:19:09 Error: LoadPoint not found! Model = 'hunterCab01', lp = LP_BIG01 for Vehicle id = 79165 prototype = 'Hunter02'
E ComplexPhysicObj.cpp[1428]19/04 11:19:09 Error: LoadPoint not found! Model = 'hunterCab01', lp = LP_SML01 for Vehicle id = 79165 prototype = 'Hunter02'
E ComplexPhysicObj.cpp[1428]19/04 11:19:09 Error: LoadPoint not found! Model = 'hunterCab01', lp = LP_SML01 for Vehicle id = 79165 prototype = 'Hunter02'
E            Affix.cpp[0075]19/04 11:19:09 Error: attempt to apply affix 'without_sight_gun' for property 'Accuracy' of RocketLauncher id = 144568 prototype = 'hunterLauncher'
E ComplexPhysicObj.cpp[1428]19/04 11:19:09 Error: LoadPoint not found! Model = 'fighterCab01', lp = LP_BIG01 for Vehicle id = 292073 prototype = 'Fighter02'
E ComplexPhysicObj.cpp[1428]19/04 11:19:09 Error: LoadPoint not found! Model = 'fighterCab01', lp = LP_BIG01 for Vehicle id = 210036 prototype = 'Fighter02'
I        FadingMsg.cpp[0199]19/04 11:19:19 Fading message: 'Нажмите гудок (%1m) для въезда в город'
I townMusicManager.cpp[0096]19/04 11:19:21 TownMusicManager: start playing new music: 'Donb_town1'
I     DynamicQuest.cpp[0279]19/04 11:19:43 Dynamic quest id 12927 status changed to PROCESSING
I blockMusicManager.cpp[0199]19/04 11:20:01 BlockMusicManager: resetting
I        FadingMsg.cpp[0199]19/04 11:20:01 Fading message: 'Наступил вечер.'
I blockMusicManager.cpp[0185]19/04 11:20:01 BlockMusicManager: start playing new music: blockNum = 16, musicType = 0, name = 'r8_2_driving'
E ComplexPhysicObj.cpp[1428]19/04 11:20:04 Error: LoadPoint not found! Model = 'hunterCab01', lp = LP_BIG01 for Vehicle id = 242698 prototype = 'Hunter02'
E ComplexPhysicObj.cpp[1428]19/04 11:20:04 Error: LoadPoint not found! Model = 'hunterCab01', lp = LP_SML01 for Vehicle id = 242698 prototype = 'Hunter02'
E ComplexPhysicObj.cpp[1428]19/04 11:20:04 Error: LoadPoint not found! Model = 'hunterCab01', lp = LP_SML01 for Vehicle id = 242698 prototype = 'Hunter02'
E ComplexPhysicObj.cpp[1428]19/04 11:20:04 Error: LoadPoint not found! Model = 'hunterCab01', lp = LP_BIG01 for Vehicle id = 2192194 prototype = 'Hunter02'
E ComplexPhysicObj.cpp[1428]19/04 11:20:04 Error: LoadPoint not found! Model = 'hunterCab01', lp = LP_SML01 for Vehicle id = 2192194 prototype = 'Hunter02'
E ComplexPhysicObj.cpp[1428]19/04 11:20:04 Error: LoadPoint not found! Model = 'hunterCab01', lp = LP_SML01 for Vehicle id = 2192194 prototype = 'Hunter02'
E            Affix.cpp[0075]19/04 11:20:04 Error: attempt to apply affix 'with_laser_sight_gun' for property 'Accuracy' of RocketLauncher id = 226540 prototype = 'hunterLauncher'
E ComplexPhysicObj.cpp[1428]19/04 11:20:04 Error: LoadPoint not found! Model = 'hunterCab01', lp = LP_BIG01 for Vehicle id = 59873 prototype = 'Hunter02'
E ComplexPhysicObj.cpp[1428]19/04 11:20:04 Error: LoadPoint not found! Model = 'hunterCab01', lp = LP_SML01 for Vehicle id = 59873 prototype = 'Hunter02'
E ComplexPhysicObj.cpp[1428]19/04 11:20:04 Error: LoadPoint not found! Model = 'hunterCab01', lp = LP_SML01 for Vehicle id = 59873 prototype = 'Hunter02'
E            Affix.cpp[0075]19/04 11:20:04 Error: attempt to apply affix 'with_laser_sight_gun' for property 'Accuracy' of RocketLauncher id = 307996 prototype = 'hunterLauncher'
E            Affix.cpp[0075]19/04 11:20:04 Error: attempt to apply affix 'without_sight_gun' for property 'Accuracy' of RocketLauncher id = 2994990 prototype = 'hunterLauncher'
E            Affix.cpp[0075]19/04 11:20:04 Error: attempt to apply affix 'useless_gun' for property 'Accuracy' of RocketLauncher id = 2994990 prototype = 'hunterLauncher'
E ComplexPhysicObj.cpp[1428]19/04 11:20:04 Error: LoadPoint not found! Model = 'uralCab01', lp = LP_BIG01 for Vehicle id = 226063 prototype = 'Ural01'
E ComplexPhysicObj.cpp[1428]19/04 11:20:04 Error: LoadPoint not found! Model = 'fighterCab01', lp = LP_BIG01 for Vehicle id = 2290684 prototype = 'Fighter02'
E ComplexPhysicObj.cpp[1428]19/04 11:20:04 Error: LoadPoint not found! Model = 'uralCab01', lp = LP_BIG01 for Vehicle id = 30035 prototype = 'Ural02'
E ComplexPhysicObj.cpp[1428]19/04 11:20:04 Error: LoadPoint not found! Model = 'uralCab01', lp = LP_BIG02 for Vehicle id = 30035 prototype = 'Ural02'
E ComplexPhysicObj.cpp[1428]19/04 11:20:04 Error: LoadPoint not found! Model = 'uralCab01', lp = LP_BIG02 for Vehicle id = 30035 prototype = 'Ural02'
I        FadingMsg.cpp[0199]19/04 11:20:21 Fading message: 'Нажмите гудок (%1m) для въезда в город'
I townMusicManager.cpp[0096]19/04 11:20:23 TownMusicManager: start playing new music: 'Donb_town_g4'
I blockMusicManager.cpp[0199]19/04 11:20:31 BlockMusicManager: resetting
I blockMusicManager.cpp[0185]19/04 11:20:31 BlockMusicManager: start playing new music: blockNum = 15, musicType = 0, name = 'r8_1_driving'
E ComplexPhysicObj.cpp[1428]19/04 11:20:53 Error: LoadPoint not found! Model = 'fighterCab01', lp = LP_BIG01 for Vehicle id = 193716 prototype = 'Fighter02'
E ComplexPhysicObj.cpp[1428]19/04 11:20:53 Error: LoadPoint not found! Model = 'fighterCab01', lp = LP_BIG01 for Vehicle id = 210131 prototype = 'Fighter02'
E ComplexPhysicObj.cpp[1428]19/04 11:20:53 Error: LoadPoint not found! Model = 'fighterCab01', lp = LP_BIG01 for Vehicle id = 1487922 prototype = 'Fighter02'
E            Affix.cpp[0075]19/04 11:20:53 Error: attempt to apply affix 'without_sight_gun' for property 'Accuracy' of RocketLauncher id = 1684554 prototype = 'hunterLauncher'
E ComplexPhysicObj.cpp[1428]19/04 11:20:53 Error: LoadPoint not found! Model = 'uralCab01', lp = LP_BIG01 for Vehicle id = 111930 prototype = 'Ural01'
E ComplexPhysicObj.cpp[1428]19/04 11:20:53 Error: LoadPoint not found! Model = 'uralCab01', lp = LP_BIG01 for Vehicle id = 1209286 prototype = 'Ural01'
E            Affix.cpp[0075]19/04 11:20:53 Error: attempt to apply affix 'rusty_gun' for property 'Accuracy' of Mortar id = 308483 prototype = 'bumblebee01'
E ComplexPhysicObj.cpp[1428]19/04 11:20:53 Error: LoadPoint not found! Model = 'uralCab01', lp = LP_BIG01 for Vehicle id = 210127 prototype = 'Ural01'
E ComplexPhysicObj.cpp[1428]19/04 11:20:53 Error: LoadPoint not found! Model = 'uralCab01', lp = LP_BIG01 for Vehicle id = 1389186 prototype = 'Ural02'
E ComplexPhysicObj.cpp[1428]19/04 11:20:53 Error: LoadPoint not found! Model = 'uralCab01', lp = LP_BIG02 for Vehicle id = 1389186 prototype = 'Ural02'
E ComplexPhysicObj.cpp[1428]19/04 11:20:53 Error: LoadPoint not found! Model = 'uralCab01', lp = LP_BIG02 for Vehicle id = 1389186 prototype = 'Ural02'
E ComplexPhysicObj.cpp[1428]19/04 11:20:53 Error: LoadPoint not found! Model = 'uralCab01', lp = LP_BIG01 for Vehicle id = 193693 prototype = 'Ural02'
E ComplexPhysicObj.cpp[1428]19/04 11:20:53 Error: LoadPoint not found! Model = 'uralCab01', lp = LP_BIG02 for Vehicle id = 193693 prototype = 'Ural02'
E ComplexPhysicObj.cpp[1428]19/04 11:20:53 Error: LoadPoint not found! Model = 'uralCab01', lp = LP_BIG02 for Vehicle id = 193693 prototype = 'Ural02'
E ComplexPhysicObj.cpp[1428]19/04 11:21:11 Error: LoadPoint not found! Model = 'hunterCab01', lp = LP_BIG01 for Vehicle id = 28213 prototype = 'Hunter02'
E ComplexPhysicObj.cpp[1428]19/04 11:21:11 Error: LoadPoint not found! Model = 'hunterCab01', lp = LP_SML01 for Vehicle id = 28213 prototype = 'Hunter02'
E ComplexPhysicObj.cpp[1428]19/04 11:21:11 Error: LoadPoint not found! Model = 'hunterCab01', lp = LP_SML01 for Vehicle id = 28213 prototype = 'Hunter02'
E ComplexPhysicObj.cpp[1428]19/04 11:21:11 Error: LoadPoint not found! Model = 'hunterCab01', lp = LP_BIG01 for Vehicle id = 1192979 prototype = 'Hunter02'
E ComplexPhysicObj.cpp[1428]19/04 11:21:11 Error: LoadPoint not found! Model = 'hunterCab01', lp = LP_SML01 for Vehicle id = 1192979 prototype = 'Hunter02'
E ComplexPhysicObj.cpp[1428]19/04 11:21:11 Error: LoadPoint not found! Model = 'hunterCab01', lp = LP_SML01 for Vehicle id = 1192979 prototype = 'Hunter02'
E ComplexPhysicObj.cpp[1428]19/04 11:21:11 Error: LoadPoint not found! Model = 'hunterCab01', lp = LP_BIG01 for Vehicle id = 504529 prototype = 'Hunter02'
E ComplexPhysicObj.cpp[1428]19/04 11:21:11 Error: LoadPoint not found! Model = 'hunterCab01', lp = LP_SML01 for Vehicle id = 504529 prototype = 'Hunter02'
E ComplexPhysicObj.cpp[1428]19/04 11:21:11 Error: LoadPoint not found! Model = 'hunterCab01', lp = LP_SML01 for Vehicle id = 504529 prototype = 'Hunter02'
E ComplexPhysicObj.cpp[1428]19/04 11:21:11 Error: LoadPoint not found! Model = 'uralCab01', lp = LP_BIG01 for Vehicle id = 389908 prototype = 'Ural01'
E ComplexPhysicObj.cpp[1428]19/04 11:21:11 Error: LoadPoint not found! Model = 'uralCab01', lp = LP_BIG01 for Vehicle id = 422963 prototype = 'Ural02'
E ComplexPhysicObj.cpp[1428]19/04 11:21:11 Error: LoadPoint not found! Model = 'uralCab01', lp = LP_BIG02 for Vehicle id = 422963 prototype = 'Ural02'
E ComplexPhysicObj.cpp[1428]19/04 11:21:11 Error: LoadPoint not found! Model = 'uralCab01', lp = LP_BIG02 for Vehicle id = 422963 prototype = 'Ural02'
E ComplexPhysicObj.cpp[1428]19/04 11:21:11 Error: LoadPoint not found! Model = 'fighterCab01', lp = LP_BIG01 for Vehicle id = 2175616 prototype = 'Fighter02'
I        FadingMsg.cpp[0199]19/04 11:21:23 Fading message: 'Нажмите гудок (%1m) для въезда в город'
I townMusicManager.cpp[0096]19/04 11:21:29 TownMusicManager: start playing new music: 'Donb_town_g1'
I blockMusicManager.cpp[0199]19/04 11:21:50 BlockMusicManager: resetting
I blockMusicManager.cpp[0185]19/04 11:21:50 BlockMusicManager: start playing new music: blockNum = 16, musicType = 0, name = 'r8_2_driving'
E ComplexPhysicObj.cpp[1428]19/04 11:22:18 Error: LoadPoint not found! Model = 'hunterCab01', lp = LP_BIG01 for Vehicle id = 2995677 prototype = 'Hunter02'
E ComplexPhysicObj.cpp[1428]19/04 11:22:18 Error: LoadPoint not found! Model = 'hunterCab01', lp = LP_SML01 for Vehicle id = 2995677 prototype = 'Hunter02'
E ComplexPhysicObj.cpp[1428]19/04 11:22:18 Error: LoadPoint not found! Model = 'hunterCab01', lp = LP_SML01 for Vehicle id = 2995677 prototype = 'Hunter02'
E ComplexPhysicObj.cpp[1428]19/04 11:22:18 Error: LoadPoint not found! Model = 'hunterCab01', lp = LP_BIG01 for Vehicle id = 6795906 prototype = 'Hunter02'
E ComplexPhysicObj.cpp[1428]19/04 11:22:18 Error: LoadPoint not found! Model = 'hunterCab01', lp = LP_SML01 for Vehicle id = 6795906 prototype = 'Hunter02'
E ComplexPhysicObj.cpp[1428]19/04 11:22:18 Error: LoadPoint not found! Model = 'hunterCab01', lp = LP_SML01 for Vehicle id = 6795906 prototype = 'Hunter02'
E            Affix.cpp[0075]19/04 11:22:18 Error: attempt to apply affix 'without_sight_gun' for property 'Accuracy' of RocketLauncher id = 30144 prototype = 'hunterLauncher'
E            Affix.cpp[0075]19/04 11:22:18 Error: attempt to apply affix 'rusty_gun' for property 'Accuracy' of RocketLauncher id = 30144 prototype = 'hunterLauncher'
E ComplexPhysicObj.cpp[1428]19/04 11:22:18 Error: LoadPoint not found! Model = 'fighterCab01', lp = LP_BIG01 for Vehicle id = 111888 prototype = 'Fighter02'
E ComplexPhysicObj.cpp[1428]19/04 11:22:18 Error: LoadPoint not found! Model = 'uralCab01', lp = LP_BIG01 for Vehicle id = 496852 prototype = 'Ural02'
E ComplexPhysicObj.cpp[1428]19/04 11:22:18 Error: LoadPoint not found! Model = 'uralCab01', lp = LP_BIG02 for Vehicle id = 496852 prototype = 'Ural02'
E ComplexPhysicObj.cpp[1428]19/04 11:22:18 Error: LoadPoint not found! Model = 'uralCab01', lp = LP_BIG02 for Vehicle id = 496852 prototype = 'Ural02'
I     DynamicQuest.cpp[0279]19/04 11:22:31 Dynamic quest id 12879 status changed to COMPLETE
I        FadingMsg.cpp[0199]19/04 11:22:31 Fading message: 'Охота завершена. Каждый уничтоженный грузовик был оплачен.'
I DynamicQuestManager.cpp[0089]19/04 11:22:31 DynamicQuestReach id = 734607 prototype = 'dynamicQuestReach' created
I DynamicQuestManager.cpp[0090]19/04 11:22:31 targetName = 'Mariupol_Village', hirerName = 'Zavod_NGP', reward = 8301
E ComplexPhysicObj.cpp[1428]19/04 11:22:34 Error: LoadPoint not found! Model = 'fighterCab01', lp = LP_BIG01 for Vehicle id = 46510 prototype = 'Fighter02'
E ComplexPhysicObj.cpp[1428]19/04 11:22:34 Error: LoadPoint not found! Model = 'hunterCab01', lp = LP_BIG01 for Vehicle id = 95588 prototype = 'Hunter02'
E ComplexPhysicObj.cpp[1428]19/04 11:22:34 Error: LoadPoint not found! Model = 'hunterCab01', lp = LP_SML01 for Vehicle id = 95588 prototype = 'Hunter02'
E ComplexPhysicObj.cpp[1428]19/04 11:22:34 Error: LoadPoint not found! Model = 'hunterCab01', lp = LP_SML01 for Vehicle id = 95588 prototype = 'Hunter02'
E ComplexPhysicObj.cpp[1428]19/04 11:22:34 Error: LoadPoint not found! Model = 'hunterCab01', lp = LP_BIG01 for Vehicle id = 62850 prototype = 'Hunter02'
E ComplexPhysicObj.cpp[1428]19/04 11:22:34 Error: LoadPoint not found! Model = 'hunterCab01', lp = LP_SML01 for Vehicle id = 62850 prototype = 'Hunter02'
E ComplexPhysicObj.cpp[1428]19/04 11:22:34 Error: LoadPoint not found! Model = 'hunterCab01', lp = LP_SML01 for Vehicle id = 62850 prototype = 'Hunter02'
E ComplexPhysicObj.cpp[1428]19/04 11:22:34 Error: LoadPoint not found! Model = 'hunterCab01', lp = LP_BIG01 for Vehicle id = 2962253 prototype = 'Hunter02'
E ComplexPhysicObj.cpp[1428]19/04 11:22:34 Error: LoadPoint not found! Model = 'hunterCab01', lp = LP_SML01 for Vehicle id = 2962253 prototype = 'Hunter02'
E ComplexPhysicObj.cpp[1428]19/04 11:22:34 Error: LoadPoint not found! Model = 'hunterCab01', lp = LP_SML01 for Vehicle id = 2962253 prototype = 'Hunter02'
E            Affix.cpp[0075]19/04 11:22:34 Error: attempt to apply affix 'useless_gun' for property 'Accuracy' of RocketLauncher id = 46530 prototype = 'hunterLauncher'
E            Affix.cpp[0075]19/04 11:22:34 Error: attempt to apply affix 'without_sight_gun' for property 'Accuracy' of RocketLauncher id = 46530 prototype = 'hunterLauncher'
E            Affix.cpp[0075]19/04 11:22:34 Error: attempt to apply affix 'rusty_gun' for property 'Accuracy' of RocketLauncher id = 46530 prototype = 'hunterLauncher'
E            Affix.cpp[0075]19/04 11:22:34 Error: attempt to apply affix 'rusty_gun' for property 'Accuracy' of RocketLauncher id = 6108268 prototype = 'hunterLauncher'
E ComplexPhysicObj.cpp[1428]19/04 11:22:34 Error: LoadPoint not found! Model = 'uralCab01', lp = LP_BIG01 for Vehicle id = 46494 prototype = 'Ural02'
E ComplexPhysicObj.cpp[1428]19/04 11:22:34 Error: LoadPoint not found! Model = 'uralCab01', lp = LP_BIG02 for Vehicle id = 46494 prototype = 'Ural02'
E ComplexPhysicObj.cpp[1428]19/04 11:22:34 Error: LoadPoint not found! Model = 'uralCab01', lp = LP_BIG02 for Vehicle id = 46494 prototype = 'Ural02'
E ComplexPhysicObj.cpp[1428]19/04 11:22:34 Error: LoadPoint not found! Model = 'uralCab01', lp = LP_BIG01 for Vehicle id = 210055 prototype = 'Ural02'
E ComplexPhysicObj.cpp[1428]19/04 11:22:34 Error: LoadPoint not found! Model = 'uralCab01', lp = LP_BIG02 for Vehicle id = 210055 prototype = 'Ural02'
E ComplexPhysicObj.cpp[1428]19/04 11:22:34 Error: LoadPoint not found! Model = 'uralCab01', lp = LP_BIG02 for Vehicle id = 210055 prototype = 'Ural02'
E ComplexPhysicObj.cpp[1428]19/04 11:22:34 Error: LoadPoint not found! Model = 'fighterCab01', lp = LP_BIG01 for Vehicle id = 373993 prototype = 'Fighter02'
E ComplexPhysicObj.cpp[1428]19/04 11:22:34 Error: LoadPoint not found! Model = 'fighterCab01', lp = LP_BIG01 for Vehicle id = 3060526 prototype = 'Fighter02'
E ComplexPhysicObj.cpp[1428]19/04 11:22:34 Error: LoadPoint not found! Model = 'fighterCab01', lp = LP_BIG01 for Vehicle id = 128274 prototype = 'Fighter02'
E ComplexPhysicObj.cpp[1428]19/04 11:22:34 Error: LoadPoint not found! Model = 'molokovozCab01', lp = LP_SML01 for Vehicle id = 668854 prototype = 'Molokovoz02'
E ComplexPhysicObj.cpp[1428]19/04 11:22:34 Error: LoadPoint not found! Model = 'molokovozCargo01', lp = LP_BIG01 for Vehicle id = 668854 prototype = 'Molokovoz02'
E ComplexPhysicObj.cpp[1428]19/04 11:22:34 Error: LoadPoint not found! Model = 'molokovozCab01', lp = LP_SML01 for Vehicle id = 258875 prototype = 'Molokovoz02'
E ComplexPhysicObj.cpp[1428]19/04 11:22:34 Error: LoadPoint not found! Model = 'molokovozCargo01', lp = LP_BIG01 for Vehicle id = 258875 prototype = 'Molokovoz02'
E ComplexPhysicObj.cpp[1428]19/04 11:22:34 Error: LoadPoint not found! Model = 'belazCab05', lp = LP_SML01 for Vehicle id = 406588 prototype = 'Belaz01'
E            Affix.cpp[0075]19/04 11:22:34 Error: attempt to apply affix 'without_sight_gun' for property 'Accuracy' of Mortar id = 1504338 prototype = 'bumblebee01'
E            Affix.cpp[0075]19/04 11:22:34 Error: attempt to apply affix 'rusty_gun' for property 'Accuracy' of Mortar id = 1504338 prototype = 'bumblebee01'
E            Affix.cpp[0075]19/04 11:22:34 Error: attempt to apply affix 'rusty_gun' for property 'Accuracy' of RocketLauncher id = 472293 prototype = 'hunterLauncher'
E            Affix.cpp[0075]19/04 11:22:34 Error: attempt to apply affix 'useless_gun' for property 'Accuracy' of RocketLauncher id = 472293 prototype = 'hunterLauncher'
E            Affix.cpp[0075]19/04 11:22:34 Error: attempt to apply affix 'without_sight_gun' for property 'Accuracy' of RocketLauncher id = 472293 prototype = 'hunterLauncher'
E ComplexPhysicObj.cpp[1428]19/04 11:22:34 Error: LoadPoint not found! Model = 'belazCab05', lp = LP_SML01 for Vehicle id = 291509 prototype = 'Belaz01'
E ComplexPhysicObj.cpp[1428]19/04 11:22:34 Error: LoadPoint not found! Model = 'hunterCab01', lp = LP_BIG01 for Vehicle id = 504579 prototype = 'Hunter02'
E ComplexPhysicObj.cpp[1428]19/04 11:22:34 Error: LoadPoint not found! Model = 'hunterCab01', lp = LP_SML01 for Vehicle id = 504579 prototype = 'Hunter02'
E ComplexPhysicObj.cpp[1428]19/04 11:22:34 Error: LoadPoint not found! Model = 'hunterCab01', lp = LP_SML01 for Vehicle id = 504579 prototype = 'Hunter02'
I blockMusicManager.cpp[0185]19/04 11:22:48 BlockMusicManager: start playing new music: blockNum = 16, musicType = 1, name = 'r8_1_alarm'
I blockMusicManager.cpp[0185]19/04 11:22:55 BlockMusicManager: start playing new music: blockNum = 16, musicType = 2, name = 'r8_1_battle'
I blockMusicManager.cpp[0199]19/04 11:23:36 BlockMusicManager: resetting
I blockMusicManager.cpp[0185]19/04 11:23:36 BlockMusicManager: start playing new music: blockNum = 17, musicType = 0, name = 'r8_3_driving'
E ComplexPhysicObj.cpp[1428]19/04 11:23:45 Error: LoadPoint not found! Model = 'fighterCab01', lp = LP_BIG01 for Vehicle id = 422611 prototype = 'Fighter02'
E ComplexPhysicObj.cpp[1428]19/04 11:23:45 Error: LoadPoint not found! Model = 'fighterCab01', lp = LP_BIG01 for Vehicle id = 3142309 prototype = 'Fighter02'
E ComplexPhysicObj.cpp[1428]19/04 11:23:45 Error: LoadPoint not found! Model = 'hunterCab01', lp = LP_BIG01 for Vehicle id = 324792 prototype = 'Hunter02'
E ComplexPhysicObj.cpp[1428]19/04 11:23:45 Error: LoadPoint not found! Model = 'hunterCab01', lp = LP_SML01 for Vehicle id = 324792 prototype = 'Hunter02'
E ComplexPhysicObj.cpp[1428]19/04 11:23:45 Error: LoadPoint not found! Model = 'hunterCab01', lp = LP_SML01 for Vehicle id = 324792 prototype = 'Hunter02'
E ComplexPhysicObj.cpp[1428]19/04 11:23:45 Error: LoadPoint not found! Model = 'hunterCab01', lp = LP_BIG01 for Vehicle id = 357757 prototype = 'Hunter02'
E ComplexPhysicObj.cpp[1428]19/04 11:23:45 Error: LoadPoint not found! Model = 'hunterCab01', lp = LP_SML01 for Vehicle id = 357757 prototype = 'Hunter02'
E ComplexPhysicObj.cpp[1428]19/04 11:23:45 Error: LoadPoint not found! Model = 'hunterCab01', lp = LP_SML01 for Vehicle id = 357757 prototype = 'Hunter02'
E            Affix.cpp[0075]19/04 11:23:45 Error: attempt to apply affix 'without_sight_gun' for property 'Accuracy' of RocketLauncher id = 1340420 prototype = 'hunterLauncher'
E            Affix.cpp[0075]19/04 11:23:45 Error: attempt to apply affix 'useless_gun' for property 'Accuracy' of RocketLauncher id = 1340420 prototype = 'hunterLauncher'
E ComplexPhysicObj.cpp[1428]19/04 11:23:45 Error: LoadPoint not found! Model = 'uralCab01', lp = LP_BIG01 for Vehicle id = 1930015 prototype = 'Ural01'
E ComplexPhysicObj.cpp[1428]19/04 11:23:45 Error: LoadPoint not found! Model = 'fighterCab01', lp = LP_BIG01 for Vehicle id = 2176125 prototype = 'Fighter02'
E ComplexPhysicObj.cpp[1428]19/04 11:23:45 Error: LoadPoint not found! Model = 'fighterCab01', lp = LP_BIG01 for Vehicle id = 144757 prototype = 'Fighter02'
E ComplexPhysicObj.cpp[1428]19/04 11:23:45 Error: LoadPoint not found! Model = 'molokovozCab01', lp = LP_SML01 for Vehicle id = 128418 prototype = 'Molokovoz02'
E ComplexPhysicObj.cpp[1428]19/04 11:23:45 Error: LoadPoint not found! Model = 'molokovozCargo01', lp = LP_BIG01 for Vehicle id = 128418 prototype = 'Molokovoz02'
E ComplexPhysicObj.cpp[1428]19/04 11:23:45 Error: LoadPoint not found! Model = 'hunterCab01', lp = LP_BIG01 for Vehicle id = 1176230 prototype = 'Hunter02'
E ComplexPhysicObj.cpp[1428]19/04 11:23:45 Error: LoadPoint not found! Model = 'hunterCab01', lp = LP_SML01 for Vehicle id = 1176230 prototype = 'Hunter02'
E ComplexPhysicObj.cpp[1428]19/04 11:23:45 Error: LoadPoint not found! Model = 'hunterCab01', lp = LP_SML01 for Vehicle id = 1176230 prototype = 'Hunter02'
E            Affix.cpp[0075]19/04 11:23:45 Error: attempt to apply affix 'rusty_gun' for property 'Accuracy' of RocketLauncher id = 6141407 prototype = 'hunterLauncher'
E            Affix.cpp[0075]19/04 11:23:45 Error: attempt to apply affix 'useless_gun' for property 'Accuracy' of RocketLauncher id = 6141407 prototype = 'hunterLauncher'
E            Affix.cpp[0075]19/04 11:23:45 Error: attempt to apply affix 'without_sight_gun' for property 'Accuracy' of RocketLauncher id = 6141407 prototype = 'hunterLauncher'
E ComplexPhysicObj.cpp[1428]19/04 11:23:45 Error: LoadPoint not found! Model = 'hunterCab01', lp = LP_BIG01 for Vehicle id = 504990 prototype = 'Hunter02'
E ComplexPhysicObj.cpp[1428]19/04 11:23:45 Error: LoadPoint not found! Model = 'hunterCab01', lp = LP_SML01 for Vehicle id = 504990 prototype = 'Hunter02'
E ComplexPhysicObj.cpp[1428]19/04 11:23:45 Error: LoadPoint not found! Model = 'hunterCab01', lp = LP_SML01 for Vehicle id = 504990 prototype = 'Hunter02'
E            Affix.cpp[0075]19/04 11:24:30 Error: attempt to apply affix 'excellent_gun' for property 'Accuracy' of RocketLauncher id = 177394 prototype = 'hunterLauncher'
E ComplexPhysicObj.cpp[1428]19/04 11:24:30 Error: LoadPoint not found! Model = 'fighterCab01', lp = LP_BIG01 for Vehicle id = 144819 prototype = 'Fighter02'
E          Vehicle.cpp[5160]19/04 11:24:30 Error: LoadPoint not found: LP_SSP03L for model 'dozerChassis'
E          Vehicle.cpp[5160]19/04 11:24:30 Error: LoadPoint not found: LP_SSP03L for model 'dozerChassis'
E ComplexPhysicObj.cpp[1428]19/04 11:24:30 Error: LoadPoint not found! Model = 'hunterCab01', lp = LP_BIG01 for Vehicle id = 521374 prototype = 'Hunter02'
E ComplexPhysicObj.cpp[1428]19/04 11:24:30 Error: LoadPoint not found! Model = 'hunterCab01', lp = LP_SML01 for Vehicle id = 521374 prototype = 'Hunter02'
E ComplexPhysicObj.cpp[1428]19/04 11:24:30 Error: LoadPoint not found! Model = 'hunterCab01', lp = LP_SML01 for Vehicle id = 521374 prototype = 'Hunter02'
E            Affix.cpp[0075]19/04 11:24:30 Error: attempt to apply affix 'without_sight_gun' for property 'Accuracy' of RocketLauncher id = 636171 prototype = 'hunterLauncher'
E ComplexPhysicObj.cpp[1428]19/04 11:24:30 Error: LoadPoint not found! Model = 'uralCab01', lp = LP_BIG01 for Vehicle id = 161141 prototype = 'Ural01'
E ComplexPhysicObj.cpp[1428]19/04 11:24:30 Error: LoadPoint not found! Model = 'uralCab01', lp = LP_BIG01 for Vehicle id = 340909 prototype = 'Ural01'
E ComplexPhysicObj.cpp[1428]19/04 11:24:30 Error: LoadPoint not found! Model = 'fighterCab01', lp = LP_BIG01 for Vehicle id = 226579 prototype = 'Fighter02'
E ComplexPhysicObj.cpp[1428]19/04 11:24:30 Error: LoadPoint not found! Model = 'uralCab01', lp = LP_BIG01 for Vehicle id = 6992976 prototype = 'Ural02'
E ComplexPhysicObj.cpp[1428]19/04 11:24:30 Error: LoadPoint not found! Model = 'uralCab01', lp = LP_BIG02 for Vehicle id = 6992976 prototype = 'Ural02'
E ComplexPhysicObj.cpp[1428]19/04 11:24:30 Error: LoadPoint not found! Model = 'uralCab01', lp = LP_BIG02 for Vehicle id = 6992976 prototype = 'Ural02'
E ComplexPhysicObj.cpp[1428]19/04 11:24:30 Error: LoadPoint not found! Model = 'fighterCab01', lp = LP_BIG01 for Vehicle id = 177466 prototype = 'Fighter02'
E ComplexPhysicObj.cpp[1428]19/04 11:24:30 Error: LoadPoint not found! Model = 'molokovozCab01', lp = LP_SML01 for Vehicle id = 750735 prototype = 'Molokovoz02'
E ComplexPhysicObj.cpp[1428]19/04 11:24:30 Error: LoadPoint not found! Model = 'molokovozCargo01', lp = LP_BIG01 for Vehicle id = 750735 prototype = 'Molokovoz02'
E ComplexPhysicObj.cpp[1428]19/04 11:24:30 Error: LoadPoint not found! Model = 'fighterCab01', lp = LP_BIG01 for Vehicle id = 144854 prototype = 'Fighter02'
E ComplexPhysicObj.cpp[1428]19/04 11:24:30 Error: LoadPoint not found! Model = 'fighterCab01', lp = LP_BIG01 for Vehicle id = 144762 prototype = 'Fighter02'
E ComplexPhysicObj.cpp[1428]19/04 11:24:30 Error: LoadPoint not found! Model = 'hunterCab01', lp = LP_BIG01 for Vehicle id = 537850 prototype = 'Hunter02'
E ComplexPhysicObj.cpp[1428]19/04 11:24:30 Error: LoadPoint not found! Model = 'hunterCab01', lp = LP_SML01 for Vehicle id = 537850 prototype = 'Hunter02'
E ComplexPhysicObj.cpp[1428]19/04 11:24:30 Error: LoadPoint not found! Model = 'hunterCab01', lp = LP_SML01 for Vehicle id = 537850 prototype = 'Hunter02'
E            Affix.cpp[0075]19/04 11:24:30 Error: attempt to apply affix 'rusty_gun' for property 'Accuracy' of RocketLauncher id = 996748 prototype = 'hunterLauncher'
E ComplexPhysicObj.cpp[1428]19/04 11:24:30 Error: LoadPoint not found! Model = 'hunterCab01', lp = LP_BIG01 for Vehicle id = 128390 prototype = 'Hunter02'
E ComplexPhysicObj.cpp[1428]19/04 11:24:30 Error: LoadPoint not found! Model = 'hunterCab01', lp = LP_SML01 for Vehicle id = 128390 prototype = 'Hunter02'
E ComplexPhysicObj.cpp[1428]19/04 11:24:30 Error: LoadPoint not found! Model = 'hunterCab01', lp = LP_SML01 for Vehicle id = 128390 prototype = 'Hunter02'
E ComplexPhysicObj.cpp[1428]19/04 11:24:30 Error: LoadPoint not found! Model = 'hunterCab01', lp = LP_BIG01 for Vehicle id = 357872 prototype = 'Hunter02'
E ComplexPhysicObj.cpp[1428]19/04 11:24:30 Error: LoadPoint not found! Model = 'hunterCab01', lp = LP_SML01 for Vehicle id = 357872 prototype = 'Hunter02'
E ComplexPhysicObj.cpp[1428]19/04 11:24:30 Error: LoadPoint not found! Model = 'hunterCab01', lp = LP_SML01 for Vehicle id = 357872 prototype = 'Hunter02'
E ComplexPhysicObj.cpp[1428]19/04 11:24:30 Error: LoadPoint not found! Model = 'belazCab05', lp = LP_SML01 for Vehicle id = 324932 prototype = 'Belaz01'
I blockMusicManager.cpp[0185]19/04 11:24:56 BlockMusicManager: start playing new music: blockNum = 17, musicType = 1, name = 'r8_1_alarm'
I blockMusicManager.cpp[0199]19/04 11:24:56 BlockMusicManager: resetting
I blockMusicManager.cpp[0185]19/04 11:24:56 BlockMusicManager: start playing new music: blockNum = 17, musicType = 0, name = 'r8_3_driving'
I             util.cpp[0423]19/04 11:25:57 Maximum joint count reached: 43
I             util.cpp[0423]19/04 11:25:59 Maximum joint count reached: 45
I       console_string[0236]19/04 11:26:15 ---------------------- CHEAT WAS USED --------- ANTICHEAT -----------------
I        FadingMsg.cpp[0199]19/04 11:26:15 Fading message: '@FFFF1493Обнаружено использование чит-кодов. Система достижений @FFFF0000ЗАБЛОКИРОВАНА. @FFFF1493В техподдержке @FFFF0000ОТКАЗАНО.'
I        FadingMsg.cpp[0199]19/04 11:26:15 Fading message: '@FFFF1493Обнаружено использование чит-кодов. Система достижений @FFFF0000ЗАБЛОКИРОВАНА. @FFFF1493В техподдержке @FFFF0000ОТКАЗАНО.'
I     ObjContainer.cpp[1278]19/04 11:26:36 Passing to map 'r4m0', location 'FromR8M1', angle = -1, immediate = 0
I     DynamicQuest.cpp[0279]19/04 11:26:38 Dynamic quest id 12914 status changed to FORGOTTEN
I     DynamicQuest.cpp[0324]19/04 11:26:38 Dynamic quest id 12914 removed
I     DynamicQuest.cpp[0279]19/04 11:26:38 Dynamic quest id 12927 status changed to FORGOTTEN
I     DynamicQuest.cpp[0324]19/04 11:26:38 Dynamic quest id 12927 removed
I        PhysicObj.cpp[0313]19/04 11:26:38 Vehicle 'PlayerVehicle_0_1' id=21766 passes to another map
I       PhysicBody.cpp[1171]19/04 11:26:38 Object is  visible in SetPassed...
I       PhysicBody.cpp[1171]19/04 11:26:38 Object is  visible in SetPassed...
I       PhysicBody.cpp[1171]19/04 11:26:38 Object is  visible in SetPassed...
I       PhysicBody.cpp[1171]19/04 11:26:38 Object is  visible in SetPassed...
I       PhysicBody.cpp[1171]19/04 11:26:38 Object is  visible in SetPassed...
I        PhysicObj.cpp[0313]19/04 11:26:38 Wheel '' id=21760 passes to another map
I       PhysicBody.cpp[1171]19/04 11:26:38 Object is  visible in SetPassed...
I        PhysicObj.cpp[0313]19/04 11:26:38 Wheel '' id=21745 passes to another map
I       PhysicBody.cpp[1171]19/04 11:26:38 Object is  visible in SetPassed...
I        PhysicObj.cpp[0313]19/04 11:26:38 Wheel '' id=21752 passes to another map
I       PhysicBody.cpp[1171]19/04 11:26:38 Object is  visible in SetPassed...
I        PhysicObj.cpp[0313]19/04 11:26:38 Wheel '' id=21750 passes to another map
I       PhysicBody.cpp[1171]19/04 11:26:38 Object is  visible in SetPassed...
I        PhysicObj.cpp[0313]19/04 11:26:38 Wheel '' id=21751 passes to another map
I       PhysicBody.cpp[1171]19/04 11:26:38 Object is  visible in SetPassed...
I        PhysicObj.cpp[0313]19/04 11:26:38 Wheel '' id=21741 passes to another map
I       PhysicBody.cpp[1171]19/04 11:26:38 Object is  visible in SetPassed...
I        PhysicObj.cpp[0313]19/04 11:26:38 Wheel '' id=21749 passes to another map
I       PhysicBody.cpp[1171]19/04 11:26:38 Object is  visible in SetPassed...
I        PhysicObj.cpp[0313]19/04 11:26:38 Wheel '' id=21748 passes to another map
I       PhysicBody.cpp[1171]19/04 11:26:38 Object is  visible in SetPassed...
I        SplashWnd.cpp[0244]19/04 11:26:38 Start splashing 11
I   TruxxUiManager.cpp[1422]19/04 11:26:38 Game mode changed. Old mode = 0, new mode = 0
I    GameUiManager.cpp[0405]19/04 11:26:39 Interface: is clearing...
I    GameUiManager.cpp[0495]19/04 11:26:39 Interface: is cleared successfully
I           view32.cpp[1048]19/04 11:26:39 -- Loading Level: data\maps\r4m0.ssl --
I            world.cpp[0132]19/04 11:26:39 ----------------------- World Loading
F        landscape.cpp[1674]19/04 11:26:39  +- Enter function: Landscape::Load()
I        landscape.cpp[1911]19/04 11:26:39  |  ----------------------- Normal map loaded in: 27
I        landscape.cpp[1920]19/04 11:26:39  |  ----------------------- Tiles loaded in: 59
I        landscape.cpp[1944]19/04 11:26:39  |  ----------------------- ShoreLine loaded in: 0
F        landscape.cpp[1944]19/04 11:26:39  +- Exit function: Landscape::Load()
I            world.cpp[0169]19/04 11:26:39 ----------------------- Landscape loaded in: 164
I       DataServer.cpp[0587]19/04 11:26:39 Loading Servers: data\maps\r4m0\servers.xml
E serverAnimatedModel.cpp[0627]19/04 11:26:40 ServerAnimatedModels: cannot read file: file:data\models\AnimModels.xml id = well_col
I serverAnimatedModel.cpp[0630]19/04 11:26:40 ### Total time: 687, GAM time: 577
I       DataServer.cpp[0587]19/04 11:26:40 Loading Servers: data\models\commonservers.xml
E      serverMusic.cpp[0216]19/04 11:26:40 MusicServer: cannot read file: data\music\music.xml id = 'LaBelleTown'
E      serverMusic.cpp[0216]19/04 11:26:40 MusicServer: cannot read file: data\music\music.xml id = 'block6_driving2'
I            world.cpp[0210]19/04 11:26:40 ----------------------- Servers loaded in: 911
I            world.cpp[0338]19/04 11:26:40 LoadWorld begin...
I            world.cpp[0350]19/04 11:26:40 %%%% read/parse xml: 17
I    serialization.cpp[0374]19/04 11:26:40 ReadFromXmlNode: GetItemByName for name = metal_tube1 failed for node Object76483153. Taking a 0 model.
I    serialization.cpp[0374]19/04 11:26:40 ReadFromXmlNode: GetItemByName for name = long_vertical_tube failed for node Object76483178. Taking a 0 model.
I    serialization.cpp[0374]19/04 11:26:40 ReadFromXmlNode: GetItemByName for name = r3_junglebush1 failed for node Object76483218. Taking a 0 model.
I            world.cpp[0362]19/04 11:26:40 %%%% read from xml: 1
I            world.cpp[0444]19/04 11:26:40 %%%% link nodes: 24
I            world.cpp[0220]19/04 11:26:40 ----------------------- Nodes loaded in: 44
I            world.cpp[0228]19/04 11:26:40 ----------------------- Prefabs loaded in: 0
I            world.cpp[0247]19/04 11:26:40 ----------------------- World loaded in: 1332
E        GamParser.cpp[0399]19/04 11:26:40 AnimatedModel::LoadGAM -- cannot open file data\models\roads\road_small_highway\small_highway_end.gam-
I      roadManager.cpp[0139]19/04 11:26:40 RoadManager error( model not loaded ): data\models\roads\road_small_highway\small_highway_end.gam-
I            world.cpp[0278]19/04 11:26:40 ----------------------- Roads loaded in: 79
I           view32.cpp[1078]19/04 11:26:40 Load Server begin...
I    GameUiManager.cpp[1603]19/04 11:26:40 Interface: loading resources ...
I   TruxxUiManager.cpp[0974]19/04 11:26:40 Interface: is loaded successfully
I           server.cpp[0789]19/04 11:26:40 AI: Loading Server...
I           server.cpp[0801]19/04 11:26:40 	AI: Loading SoilProps
I           server.cpp[0804]19/04 11:26:40 	AI: Loading ExternalPaths
I           server.cpp[0807]19/04 11:26:40 	AI: Loading PlayerPassMap
I           server.cpp[0820]19/04 11:26:40 	AI: Refreshing GameObjects
E      VehiclePart.cpp[0138]19/04 11:26:40 Error: collision geom in vehicle part name = 'heavy_dot1' is not BOX
I           server.cpp[0824]19/04 11:26:40 	AI: Loading QuestStates
I           server.cpp[0826]19/04 11:26:40 	AI: QuestStates loaded
I           server.cpp[0828]19/04 11:26:40 	AI: Loading DynamicScene
I     DynamicScene.cpp[1470]19/04 11:26:40 		 Scene loading begin
E     DynamicScene.cpp[1589]19/04 11:26:40 Attempting to load object Player1 of prototype player, but an object with this name already exists!
I      PassageData.cpp[0063]19/04 11:26:40 New position is set to passed vehicle: 1599.109 287.028 3790.769
I     DynamicScene.cpp[1472]19/04 11:26:40 		 Scene loading end
I           server.cpp[0837]19/04 11:26:40 	AI: DynamicScene loaded
I           server.cpp[0852]19/04 11:26:40 	AI: Loading Triggers
I           server.cpp[0855]19/04 11:26:40 	AI: Triggers loaded
I           server.cpp[0857]19/04 11:26:40 	AI: Loading Object Names
I           server.cpp[0868]19/04 11:26:40 	AI: Initing Player
I           server.cpp[0888]19/04 11:26:40 		Before first Update
I DynamicQuestManager.cpp[0089]19/04 11:26:40 DynamicQuestHunt id = 120 prototype = 'dynamicQuestHunt' created
I DynamicQuestManager.cpp[0090]19/04 11:26:40 targetName = 'PlayerVehicle_0_1', hirerName = 'CrazyDeadDesert_Village', reward = 2279
E              Gun.cpp[0866]19/04 11:26:40 Error: LoadPoint not found: LP_GUN for MinePusher id = 121 prototype = 'minePusher', modelName = minoYkladchiK
E              Gun.cpp[0866]19/04 11:26:40 Error: LoadPoint not found: LP_GUN for MinePusher id = 122 prototype = 'minePusher', modelName = minoYkladchiK
E              Gun.cpp[0866]19/04 11:26:40 Error: LoadPoint not found: LP_GUN for MinePusher id = 123 prototype = 'minePusher', modelName = minoYkladchiK
E              Gun.cpp[0866]19/04 11:26:40 Error: LoadPoint not found: LP_GUN for MinePusher id = 124 prototype = 'minePusher', modelName = minoYkladchiK
E              Gun.cpp[0866]19/04 11:26:40 Error: LoadPoint not found: LP_GUN for MinePusher id = 125 prototype = 'minePusher', modelName = minoYkladchiK
E              Gun.cpp[0866]19/04 11:26:40 Error: LoadPoint not found: LP_GUN for MinePusher id = 126 prototype = 'minePusher', modelName = minoYkladchiK
E              Gun.cpp[0866]19/04 11:26:40 Error: LoadPoint not found: LP_GUN for MinePusher id = 127 prototype = 'minePusher', modelName = minoYkladchiK
E              Gun.cpp[0866]19/04 11:26:40 Error: LoadPoint not found: LP_GUN for MinePusher id = 128 prototype = 'minePusher', modelName = minoYkladchiK
E              Gun.cpp[0866]19/04 11:26:40 Error: LoadPoint not found: LP_GUN for MinePusher id = 129 prototype = 'minePusher', modelName = minoYkladchiK
E              Gun.cpp[0866]19/04 11:26:40 Error: LoadPoint not found: LP_GUN for MinePusher id = 130 prototype = 'minePusher', modelName = minoYkladchiK
E              Gun.cpp[0866]19/04 11:26:40 Error: LoadPoint not found: LP_GUN for MinePusher id = 131 prototype = 'minePusher', modelName = minoYkladchiK
E              Gun.cpp[0866]19/04 11:26:40 Error: LoadPoint not found: LP_GUN for MinePusher id = 132 prototype = 'minePusher', modelName = minoYkladchiK
I       MsgManager.cpp[0483]19/04 11:26:40 MsgManager::ShowMsgBox error - MsgInfo for msg with id 8801 not found
I           server.cpp[0909]19/04 11:26:40 		After first Update
I           server.cpp[0911]19/04 11:26:40 AI: Finished Loading Server
I           view32.cpp[1106]19/04 11:26:40 Load server end
I    GameUiManager.cpp[0303]19/04 11:26:40 Interface: is initializing...
I    GameUiManager.cpp[0395]19/04 11:26:40 Interface: is inited successfully
I blockMusicManager.cpp[0199]19/04 11:26:40 BlockMusicManager: resetting
I blockMusicManager.cpp[0185]19/04 11:26:40 BlockMusicManager: start playing new music: blockNum = 9, musicType = 0, name = 'r4_0_driving'
I           m3dapp.cpp[1350]19/04 11:26:53 input: CInput_di8::GetLastKbdEvent() error - cannot translate key wit scan code 731
I           m3dapp.cpp[1350]19/04 11:26:53 input: CInput_di8::GetLastKbdEvent() error - cannot translate key wit scan code 219
I           m3dapp.cpp[1336]19/04 11:27:33 d3d: Device reset ok
E ComplexPhysicObj.cpp[1428]19/04 11:28:24 Error: LoadPoint not found! Model = 'fighterCab01', lp = LP_BIG01 for Vehicle id = 16515 prototype = 'Fighter02'
E ComplexPhysicObj.cpp[1428]19/04 11:28:24 Error: LoadPoint not found! Model = 'fighterCab01', lp = LP_BIG01 for Vehicle id = 144 prototype = 'Fighter02'
E ComplexPhysicObj.cpp[1428]19/04 11:28:24 Error: LoadPoint not found! Model = 'hunterCab01', lp = LP_BIG01 for Vehicle id = 158 prototype = 'Hunter02'
E ComplexPhysicObj.cpp[1428]19/04 11:28:24 Error: LoadPoint not found! Model = 'hunterCab01', lp = LP_SML01 for Vehicle id = 158 prototype = 'Hunter02'
E ComplexPhysicObj.cpp[1428]19/04 11:28:24 Error: LoadPoint not found! Model = 'hunterCab01', lp = LP_SML01 for Vehicle id = 158 prototype = 'Hunter02'
E            Affix.cpp[0075]19/04 11:28:24 Error: attempt to apply affix 'rusty_gun' for property 'Accuracy' of RocketLauncher id = 170 prototype = 'hunterLauncher'
E            Affix.cpp[0075]19/04 11:28:24 Error: attempt to apply affix 'without_sight_gun' for property 'Accuracy' of RocketLauncher id = 170 prototype = 'hunterLauncher'
E            Affix.cpp[0075]19/04 11:28:24 Error: attempt to apply affix 'useless_gun' for property 'Accuracy' of RocketLauncher id = 170 prototype = 'hunterLauncher'
E          Vehicle.cpp[5160]19/04 11:28:24 Error: LoadPoint not found: LP_SSP03L for model 'dozerChassis'
E ComplexPhysicObj.cpp[1428]19/04 11:28:24 Error: LoadPoint not found! Model = 'uralCab01', lp = LP_BIG01 for Vehicle id = 202 prototype = 'Ural01'
E ComplexPhysicObj.cpp[1428]19/04 11:28:24 Error: LoadPoint not found! Model = 'uralCab01', lp = LP_BIG01 for Vehicle id = 219 prototype = 'Ural02'
E ComplexPhysicObj.cpp[1428]19/04 11:28:24 Error: LoadPoint not found! Model = 'uralCab01', lp = LP_BIG02 for Vehicle id = 219 prototype = 'Ural02'
E ComplexPhysicObj.cpp[1428]19/04 11:28:24 Error: LoadPoint not found! Model = 'uralCab01', lp = LP_BIG02 for Vehicle id = 219 prototype = 'Ural02'
E ComplexPhysicObj.cpp[1428]19/04 11:28:24 Error: LoadPoint not found! Model = 'uralCab01', lp = LP_BIG01 for Vehicle id = 236 prototype = 'Ural02'
E ComplexPhysicObj.cpp[1428]19/04 11:28:24 Error: LoadPoint not found! Model = 'uralCab01', lp = LP_BIG02 for Vehicle id = 236 prototype = 'Ural02'
E ComplexPhysicObj.cpp[1428]19/04 11:28:24 Error: LoadPoint not found! Model = 'uralCab01', lp = LP_BIG02 for Vehicle id = 236 prototype = 'Ural02'
E ComplexPhysicObj.cpp[1428]19/04 11:28:24 Error: LoadPoint not found! Model = 'fighterCab01', lp = LP_BIG01 for Vehicle id = 266 prototype = 'Fighter02'
E ComplexPhysicObj.cpp[1428]19/04 11:28:24 Error: LoadPoint not found! Model = 'hunterCab01', lp = LP_BIG01 for Vehicle id = 280 prototype = 'Hunter02'
E ComplexPhysicObj.cpp[1428]19/04 11:28:24 Error: LoadPoint not found! Model = 'hunterCab01', lp = LP_SML01 for Vehicle id = 280 prototype = 'Hunter02'
E ComplexPhysicObj.cpp[1428]19/04 11:28:24 Error: LoadPoint not found! Model = 'hunterCab01', lp = LP_SML01 for Vehicle id = 280 prototype = 'Hunter02'
E ComplexPhysicObj.cpp[1428]19/04 11:28:24 Error: LoadPoint not found! Model = 'belazCab05', lp = LP_SML01 for Vehicle id = 307 prototype = 'Belaz01'
I blockMusicManager.cpp[0185]19/04 11:28:25 BlockMusicManager: start playing new music: blockNum = 9, musicType = 1, name = 'r4_1_alarm'
I blockMusicManager.cpp[0199]19/04 11:28:28 BlockMusicManager: resetting
I blockMusicManager.cpp[0185]19/04 11:28:28 BlockMusicManager: start playing new music: blockNum = 9, musicType = 0, name = 'r4_0_driving'
I blockMusicManager.cpp[0185]19/04 11:28:28 BlockMusicManager: start playing new music: blockNum = 9, musicType = 1, name = 'r4_1_alarm'
I blockMusicManager.cpp[0185]19/04 11:28:32 BlockMusicManager: start playing new music: blockNum = 9, musicType = 2, name = 'r4_1_battle'
I             util.cpp[0423]19/04 11:28:38 Maximum joint count reached: 47
I             util.cpp[0423]19/04 11:28:38 Maximum joint count reached: 48
I blockMusicManager.cpp[0199]19/04 11:28:52 BlockMusicManager: resetting
I blockMusicManager.cpp[0185]19/04 11:28:52 BlockMusicManager: start playing new music: blockNum = 9, musicType = 0, name = 'r4_0_driving'
I        FadingMsg.cpp[0199]19/04 11:28:54 Fading message: 'Нажмите (%1m), чтобы поднять груз'
E ComplexPhysicObj.cpp[1428]19/04 11:28:55 Error: LoadPoint not found! Model = 'fighterCab01', lp = LP_BIG01 for Vehicle id = 65952 prototype = 'Fighter02'
E ComplexPhysicObj.cpp[1428]19/04 11:28:55 Error: LoadPoint not found! Model = 'fighterCab01', lp = LP_BIG01 for Vehicle id = 65966 prototype = 'Fighter02'
E          Vehicle.cpp[5160]19/04 11:28:55 Error: LoadPoint not found: LP_SSP03L for model 'dozerChassis'
E ComplexPhysicObj.cpp[1428]19/04 11:28:55 Error: LoadPoint not found! Model = 'hunterCab01', lp = LP_BIG01 for Vehicle id = 82133 prototype = 'Hunter02'
E ComplexPhysicObj.cpp[1428]19/04 11:28:55 Error: LoadPoint not found! Model = 'hunterCab01', lp = LP_SML01 for Vehicle id = 82133 prototype = 'Hunter02'
E ComplexPhysicObj.cpp[1428]19/04 11:28:55 Error: LoadPoint not found! Model = 'hunterCab01', lp = LP_SML01 for Vehicle id = 82133 prototype = 'Hunter02'
E          Vehicle.cpp[5160]19/04 11:28:55 Error: LoadPoint not found: LP_SSP03L for model 'dozerChassis'
E ComplexPhysicObj.cpp[1428]19/04 11:28:55 Error: LoadPoint not found! Model = 'uralCab01', lp = LP_BIG01 for Vehicle id = 82078 prototype = 'Ural01'
E ComplexPhysicObj.cpp[1428]19/04 11:28:55 Error: LoadPoint not found! Model = 'uralCab01', lp = LP_BIG01 for Vehicle id = 82061 prototype = 'Ural01'
E            Affix.cpp[0075]19/04 11:28:55 Error: attempt to apply affix 'useless_gun' for property 'Accuracy' of RocketLauncher id = 82189 prototype = 'hunterLauncher'
E            Affix.cpp[0075]19/04 11:28:55 Error: attempt to apply affix 'without_sight_gun' for property 'Accuracy' of RocketLauncher id = 82189 prototype = 'hunterLauncher'
E ComplexPhysicObj.cpp[1428]19/04 11:28:55 Error: LoadPoint not found! Model = 'uralCab01', lp = LP_BIG01 for Vehicle id = 82176 prototype = 'Ural02'
E ComplexPhysicObj.cpp[1428]19/04 11:28:55 Error: LoadPoint not found! Model = 'uralCab01', lp = LP_BIG02 for Vehicle id = 82176 prototype = 'Ural02'
E ComplexPhysicObj.cpp[1428]19/04 11:28:55 Error: LoadPoint not found! Model = 'uralCab01', lp = LP_BIG02 for Vehicle id = 82176 prototype = 'Ural02'
E ComplexPhysicObj.cpp[1428]19/04 11:28:55 Error: LoadPoint not found! Model = 'uralCab01', lp = LP_BIG01 for Vehicle id = 82175 prototype = 'Ural02'
E ComplexPhysicObj.cpp[1428]19/04 11:28:55 Error: LoadPoint not found! Model = 'uralCab01', lp = LP_BIG02 for Vehicle id = 82175 prototype = 'Ural02'
E ComplexPhysicObj.cpp[1428]19/04 11:28:55 Error: LoadPoint not found! Model = 'uralCab01', lp = LP_BIG02 for Vehicle id = 82175 prototype = 'Ural02'
E ComplexPhysicObj.cpp[1428]19/04 11:28:55 Error: LoadPoint not found! Model = 'fighterCab01', lp = LP_BIG01 for Vehicle id = 82065 prototype = 'Fighter02'
E ComplexPhysicObj.cpp[1428]19/04 11:28:55 Error: LoadPoint not found! Model = 'molokovozCab01', lp = LP_SML01 for Vehicle id = 82068 prototype = 'Molokovoz02'
E ComplexPhysicObj.cpp[1428]19/04 11:28:55 Error: LoadPoint not found! Model = 'molokovozCargo01', lp = LP_BIG01 for Vehicle id = 82068 prototype = 'Molokovoz02'
E ComplexPhysicObj.cpp[1428]19/04 11:28:55 Error: LoadPoint not found! Model = 'molokovozCab01', lp = LP_SML01 for Vehicle id = 65891 prototype = 'Molokovoz02'
E ComplexPhysicObj.cpp[1428]19/04 11:28:55 Error: LoadPoint not found! Model = 'molokovozCargo01', lp = LP_BIG01 for Vehicle id = 65891 prototype = 'Molokovoz02'
E ComplexPhysicObj.cpp[1428]19/04 11:28:55 Error: LoadPoint not found! Model = 'molokovozCab01', lp = LP_SML01 for Vehicle id = 65905 prototype = 'Molokovoz02'
E ComplexPhysicObj.cpp[1428]19/04 11:28:55 Error: LoadPoint not found! Model = 'molokovozCargo01', lp = LP_BIG01 for Vehicle id = 65905 prototype = 'Molokovoz02'
E ComplexPhysicObj.cpp[1428]19/04 11:28:55 Error: LoadPoint not found! Model = 'hunterCab01', lp = LP_BIG01 for Vehicle id = 65934 prototype = 'Hunter02'
E ComplexPhysicObj.cpp[1428]19/04 11:28:55 Error: LoadPoint not found! Model = 'hunterCab01', lp = LP_SML01 for Vehicle id = 65934 prototype = 'Hunter02'
E ComplexPhysicObj.cpp[1428]19/04 11:28:55 Error: LoadPoint not found! Model = 'hunterCab01', lp = LP_SML01 for Vehicle id = 65934 prototype = 'Hunter02'
E            Affix.cpp[0075]19/04 11:28:55 Error: attempt to apply affix 'rusty_gun' for property 'Accuracy' of RocketLauncher id = 65960 prototype = 'hunterLauncher'
E            Affix.cpp[0075]19/04 11:28:55 Error: attempt to apply affix 'without_sight_gun' for property 'Accuracy' of RocketLauncher id = 65960 prototype = 'hunterLauncher'
E ComplexPhysicObj.cpp[1428]19/04 11:28:55 Error: LoadPoint not found! Model = 'molokovozCab01', lp = LP_SML01 for Vehicle id = 65948 prototype = 'Molokovoz02'
E ComplexPhysicObj.cpp[1428]19/04 11:28:55 Error: LoadPoint not found! Model = 'molokovozCargo01', lp = LP_BIG01 for Vehicle id = 65948 prototype = 'Molokovoz02'
E ComplexPhysicObj.cpp[1428]19/04 11:28:55 Error: LoadPoint not found! Model = 'molokovozCab01', lp = LP_SML01 for Vehicle id = 65962 prototype = 'Molokovoz02'
E ComplexPhysicObj.cpp[1428]19/04 11:28:55 Error: LoadPoint not found! Model = 'molokovozCargo01', lp = LP_BIG01 for Vehicle id = 65962 prototype = 'Molokovoz02'
E ComplexPhysicObj.cpp[1428]19/04 11:28:55 Error: LoadPoint not found! Model = 'belazCab05', lp = LP_SML01 for Vehicle id = 327938 prototype = 'Belaz01'
E            Affix.cpp[0075]19/04 11:28:55 Error: attempt to apply affix 'without_sight_gun' for property 'Accuracy' of RocketLauncher id = 82214 prototype = 'hunterLauncher'
E ComplexPhysicObj.cpp[1428]19/04 11:28:55 Error: LoadPoint not found! Model = 'belazCab05', lp = LP_SML01 for Vehicle id = 98603 prototype = 'Belaz01'
E ComplexPhysicObj.cpp[1428]19/04 11:28:55 Error: LoadPoint not found! Model = 'belazCab05', lp = LP_SML01 for Vehicle id = 262484 prototype = 'Belaz01'
I        FadingMsg.cpp[0199]19/04 11:28:56 Fading message: 'Вы подняли предмет: %1s'
I        FadingMsg.cpp[0199]19/04 11:29:00 Fading message: 'Нажмите (%1m), чтобы поднять груз'
I        FadingMsg.cpp[0199]19/04 11:29:01 Fading message: 'Вы подняли предмет: %1s'
E              Gun.cpp[0866]19/04 11:30:00 Error: LoadPoint not found: LP_GUN for ThunderboltLauncher id = 115018 prototype = 'zeus01L' name = 'BASKET_SIDE_GUN_L', modelName = zeus01L
E              Gun.cpp[0866]19/04 11:30:00 Error: LoadPoint not found: LP_GUN for ThunderboltLauncher id = 114968 prototype = 'zeus01R' name = 'BASKET_SIDE_GUN_R', modelName = zeus01R
E            Affix.cpp[0075]19/04 11:30:07 Error: attempt to apply affix 'excellent_gun' for property 'Accuracy' of RocketLauncher id = 33253 prototype = 'hunterLauncher'
E ComplexPhysicObj.cpp[1428]19/04 11:30:07 Error: LoadPoint not found! Model = 'fighterCab01', lp = LP_BIG01 for Vehicle id = 131417 prototype = 'Fighter02'
E ComplexPhysicObj.cpp[1428]19/04 11:30:07 Error: LoadPoint not found! Model = 'fighterCab01', lp = LP_BIG01 for Vehicle id = 16865 prototype = 'Fighter02'
E ComplexPhysicObj.cpp[1428]19/04 11:30:07 Error: LoadPoint not found! Model = 'hunterCab01', lp = LP_BIG01 for Vehicle id = 114987 prototype = 'Hunter02'
E ComplexPhysicObj.cpp[1428]19/04 11:30:07 Error: LoadPoint not found! Model = 'hunterCab01', lp = LP_SML01 for Vehicle id = 114987 prototype = 'Hunter02'
E ComplexPhysicObj.cpp[1428]19/04 11:30:07 Error: LoadPoint not found! Model = 'hunterCab01', lp = LP_SML01 for Vehicle id = 114987 prototype = 'Hunter02'
E ComplexPhysicObj.cpp[1428]19/04 11:30:07 Error: LoadPoint not found! Model = 'hunterCab01', lp = LP_BIG01 for Vehicle id = 114976 prototype = 'Hunter02'
E ComplexPhysicObj.cpp[1428]19/04 11:30:07 Error: LoadPoint not found! Model = 'hunterCab01', lp = LP_SML01 for Vehicle id = 114976 prototype = 'Hunter02'
E ComplexPhysicObj.cpp[1428]19/04 11:30:07 Error: LoadPoint not found! Model = 'hunterCab01', lp = LP_SML01 for Vehicle id = 114976 prototype = 'Hunter02'
E          Vehicle.cpp[5160]19/04 11:30:07 Error: LoadPoint not found: LP_SSP03L for model 'dozerChassis'
E ComplexPhysicObj.cpp[1428]19/04 11:30:07 Error: LoadPoint not found! Model = 'uralCab01', lp = LP_BIG01 for Vehicle id = 98573 prototype = 'Ural01'
E ComplexPhysicObj.cpp[1428]19/04 11:30:07 Error: LoadPoint not found! Model = 'uralCab01', lp = LP_BIG01 for Vehicle id = 98627 prototype = 'Ural02'
E ComplexPhysicObj.cpp[1428]19/04 11:30:07 Error: LoadPoint not found! Model = 'uralCab01', lp = LP_BIG02 for Vehicle id = 98627 prototype = 'Ural02'
E ComplexPhysicObj.cpp[1428]19/04 11:30:07 Error: LoadPoint not found! Model = 'uralCab01', lp = LP_BIG02 for Vehicle id = 98627 prototype = 'Ural02'
E ComplexPhysicObj.cpp[1428]19/04 11:30:07 Error: LoadPoint not found! Model = 'fighterCab01', lp = LP_BIG01 for Vehicle id = 98474 prototype = 'Fighter02'
E ComplexPhysicObj.cpp[1428]19/04 11:30:07 Error: LoadPoint not found! Model = 'fighterCab01', lp = LP_BIG01 for Vehicle id = 98517 prototype = 'Fighter02'
E ComplexPhysicObj.cpp[1428]19/04 11:30:07 Error: LoadPoint not found! Model = 'fighterCab01', lp = LP_BIG01 for Vehicle id = 98575 prototype = 'Fighter02'
E ComplexPhysicObj.cpp[1428]19/04 11:30:07 Error: LoadPoint not found! Model = 'fighterCab01', lp = LP_BIG01 for Vehicle id = 114978 prototype = 'Fighter02'
E ComplexPhysicObj.cpp[1428]19/04 11:30:07 Error: LoadPoint not found! Model = 'molokovozCab01', lp = LP_SML01 for Vehicle id = 82361 prototype = 'Molokovoz02'
E ComplexPhysicObj.cpp[1428]19/04 11:30:07 Error: LoadPoint not found! Model = 'molokovozCargo01', lp = LP_BIG01 for Vehicle id = 82361 prototype = 'Molokovoz02'
E ComplexPhysicObj.cpp[1428]19/04 11:30:07 Error: LoadPoint not found! Model = 'hunterCab01', lp = LP_BIG01 for Vehicle id = 82345 prototype = 'Hunter02'
E ComplexPhysicObj.cpp[1428]19/04 11:30:07 Error: LoadPoint not found! Model = 'hunterCab01', lp = LP_SML01 for Vehicle id = 82345 prototype = 'Hunter02'
E ComplexPhysicObj.cpp[1428]19/04 11:30:07 Error: LoadPoint not found! Model = 'hunterCab01', lp = LP_SML01 for Vehicle id = 82345 prototype = 'Hunter02'
E            Affix.cpp[0075]19/04 11:30:07 Error: attempt to apply affix 'useless_gun' for property 'Accuracy' of RocketLauncher id = 82291 prototype = 'hunterLauncher'
E            Affix.cpp[0075]19/04 11:30:07 Error: attempt to apply affix 'without_sight_gun' for property 'Accuracy' of RocketLauncher id = 82291 prototype = 'hunterLauncher'
E ComplexPhysicObj.cpp[1428]19/04 11:30:07 Error: LoadPoint not found! Model = 'hunterCab01', lp = LP_BIG01 for Vehicle id = 82323 prototype = 'Hunter02'
E ComplexPhysicObj.cpp[1428]19/04 11:30:07 Error: LoadPoint not found! Model = 'hunterCab01', lp = LP_SML01 for Vehicle id = 82323 prototype = 'Hunter02'
E ComplexPhysicObj.cpp[1428]19/04 11:30:07 Error: LoadPoint not found! Model = 'hunterCab01', lp = LP_SML01 for Vehicle id = 82323 prototype = 'Hunter02'
E ComplexPhysicObj.cpp[1428]19/04 11:30:07 Error: LoadPoint not found! Model = 'belazCab05', lp = LP_SML01 for Vehicle id = 82279 prototype = 'Belaz01'
E ComplexPhysicObj.cpp[1428]19/04 11:30:07 Error: LoadPoint not found! Model = 'hunterCab01', lp = LP_BIG01 for Vehicle id = 98490 prototype = 'Hunter02'
E ComplexPhysicObj.cpp[1428]19/04 11:30:07 Error: LoadPoint not found! Model = 'hunterCab01', lp = LP_SML01 for Vehicle id = 98490 prototype = 'Hunter02'
E ComplexPhysicObj.cpp[1428]19/04 11:30:07 Error: LoadPoint not found! Model = 'hunterCab01', lp = LP_SML01 for Vehicle id = 98490 prototype = 'Hunter02'
E            Affix.cpp[0075]19/04 11:30:07 Error: attempt to apply affix 'rusty_gun' for property 'Accuracy' of RocketLauncher id = 229609 prototype = 'hunterLauncher'
E            Affix.cpp[0075]19/04 11:30:07 Error: attempt to apply affix 'without_sight_gun' for property 'Accuracy' of RocketLauncher id = 229609 prototype = 'hunterLauncher'
E            Affix.cpp[0075]19/04 11:30:24 Error: attempt to apply affix 'rusty_gun' for property 'Accuracy' of RocketLauncher id = 131283 prototype = 'hunterLauncher'
E            Affix.cpp[0075]19/04 11:30:24 Error: attempt to apply affix 'with_laser_sight_gun' for property 'Accuracy' of RocketLauncher id = 131283 prototype = 'hunterLauncher'
E            Affix.cpp[0075]19/04 11:30:24 Error: attempt to apply affix 'excellent_gun' for property 'Accuracy' of RocketLauncher id = 131283 prototype = 'hunterLauncher'
E ComplexPhysicObj.cpp[1428]19/04 11:30:24 Error: LoadPoint not found! Model = 'fighterCab01', lp = LP_BIG01 for Vehicle id = 98757 prototype = 'Fighter02'
E ComplexPhysicObj.cpp[1428]19/04 11:30:24 Error: LoadPoint not found! Model = 'hunterCab01', lp = LP_BIG01 for Vehicle id = 98752 prototype = 'Hunter02'
E ComplexPhysicObj.cpp[1428]19/04 11:30:24 Error: LoadPoint not found! Model = 'hunterCab01', lp = LP_SML01 for Vehicle id = 98752 prototype = 'Hunter02'
E ComplexPhysicObj.cpp[1428]19/04 11:30:24 Error: LoadPoint not found! Model = 'hunterCab01', lp = LP_SML01 for Vehicle id = 98752 prototype = 'Hunter02'
E            Affix.cpp[0075]19/04 11:30:24 Error: attempt to apply affix 'rusty_gun' for property 'Accuracy' of RocketLauncher id = 114854 prototype = 'hunterLauncher'
E            Affix.cpp[0075]19/04 11:30:24 Error: attempt to apply affix 'useless_gun' for property 'Accuracy' of RocketLauncher id = 114854 prototype = 'hunterLauncher'
E            Affix.cpp[0075]19/04 11:30:24 Error: attempt to apply affix 'without_sight_gun' for property 'Accuracy' of RocketLauncher id = 114854 prototype = 'hunterLauncher'
E ComplexPhysicObj.cpp[1428]19/04 11:30:24 Error: LoadPoint not found! Model = 'hunterCab01', lp = LP_BIG01 for Vehicle id = 114824 prototype = 'Hunter02'
E ComplexPhysicObj.cpp[1428]19/04 11:30:24 Error: LoadPoint not found! Model = 'hunterCab01', lp = LP_SML01 for Vehicle id = 114824 prototype = 'Hunter02'
E ComplexPhysicObj.cpp[1428]19/04 11:30:24 Error: LoadPoint not found! Model = 'hunterCab01', lp = LP_SML01 for Vehicle id = 114824 prototype = 'Hunter02'
E          Vehicle.cpp[5160]19/04 11:30:24 Error: LoadPoint not found: LP_SSP03L for model 'dozerChassis'
E ComplexPhysicObj.cpp[1428]19/04 11:30:24 Error: LoadPoint not found! Model = 'uralCab01', lp = LP_BIG01 for Vehicle id = 114839 prototype = 'Ural02'
E ComplexPhysicObj.cpp[1428]19/04 11:30:24 Error: LoadPoint not found! Model = 'uralCab01', lp = LP_BIG02 for Vehicle id = 114839 prototype = 'Ural02'
E ComplexPhysicObj.cpp[1428]19/04 11:30:24 Error: LoadPoint not found! Model = 'uralCab01', lp = LP_BIG02 for Vehicle id = 114839 prototype = 'Ural02'
E ComplexPhysicObj.cpp[1428]19/04 11:30:24 Error: LoadPoint not found! Model = 'fighterCab01', lp = LP_BIG01 for Vehicle id = 114957 prototype = 'Fighter02'
E ComplexPhysicObj.cpp[1428]19/04 11:30:24 Error: LoadPoint not found! Model = 'fighterCab01', lp = LP_BIG01 for Vehicle id = 98671 prototype = 'Fighter02'
E ComplexPhysicObj.cpp[1428]19/04 11:30:24 Error: LoadPoint not found! Model = 'fighterCab01', lp = LP_BIG01 for Vehicle id = 98710 prototype = 'Fighter02'
E ComplexPhysicObj.cpp[1428]19/04 11:30:24 Error: LoadPoint not found! Model = 'molokovozCab01', lp = LP_SML01 for Vehicle id = 360705 prototype = 'Molokovoz02'
E ComplexPhysicObj.cpp[1428]19/04 11:30:24 Error: LoadPoint not found! Model = 'molokovozCargo01', lp = LP_BIG01 for Vehicle id = 360705 prototype = 'Molokovoz02'
E ComplexPhysicObj.cpp[1428]19/04 11:30:24 Error: LoadPoint not found! Model = 'molokovozCab01', lp = LP_SML01 for Vehicle id = 114875 prototype = 'Molokovoz02'
E ComplexPhysicObj.cpp[1428]19/04 11:30:24 Error: LoadPoint not found! Model = 'molokovozCargo01', lp = LP_BIG01 for Vehicle id = 114875 prototype = 'Molokovoz02'
E ComplexPhysicObj.cpp[1428]19/04 11:30:24 Error: LoadPoint not found! Model = 'molokovozCab01', lp = LP_SML01 for Vehicle id = 98687 prototype = 'Molokovoz02'
E ComplexPhysicObj.cpp[1428]19/04 11:30:24 Error: LoadPoint not found! Model = 'molokovozCargo01', lp = LP_BIG01 for Vehicle id = 98687 prototype = 'Molokovoz02'
E ComplexPhysicObj.cpp[1428]19/04 11:30:24 Error: LoadPoint not found! Model = 'molokovozCab01', lp = LP_SML01 for Vehicle id = 98746 prototype = 'Molokovoz02'
E ComplexPhysicObj.cpp[1428]19/04 11:30:24 Error: LoadPoint not found! Model = 'molokovozCargo01', lp = LP_BIG01 for Vehicle id = 98746 prototype = 'Molokovoz02'
E ComplexPhysicObj.cpp[1428]19/04 11:30:24 Error: LoadPoint not found! Model = 'hunterCab01', lp = LP_BIG01 for Vehicle id = 114830 prototype = 'Hunter02'
E ComplexPhysicObj.cpp[1428]19/04 11:30:24 Error: LoadPoint not found! Model = 'hunterCab01', lp = LP_SML01 for Vehicle id = 114830 prototype = 'Hunter02'
E ComplexPhysicObj.cpp[1428]19/04 11:30:24 Error: LoadPoint not found! Model = 'hunterCab01', lp = LP_SML01 for Vehicle id = 114830 prototype = 'Hunter02'
E ComplexPhysicObj.cpp[1428]19/04 11:30:24 Error: LoadPoint not found! Model = 'belazCab05', lp = LP_SML01 for Vehicle id = 98673 prototype = 'Belaz01'
I        FadingMsg.cpp[0199]19/04 11:30:43 Fading message: 'Нажмите гудок (%1m) для въезда в город'
I townMusicManager.cpp[0096]19/04 11:30:48 TownMusicManager: start playing new music: 'Donb_town1'
I     DynamicQuest.cpp[0279]19/04 11:31:11 Dynamic quest id 120 status changed to PROCESSING
I blockMusicManager.cpp[0199]19/04 11:31:27 BlockMusicManager: resetting
I        FadingMsg.cpp[0199]19/04 11:31:27 Fading message: 'Наступило утро.'
I blockMusicManager.cpp[0185]19/04 11:31:27 BlockMusicManager: start playing new music: blockNum = 9, musicType = 0, name = 'r4_0_driving'
I blockMusicManager.cpp[0185]19/04 11:31:50 BlockMusicManager: start playing new music: blockNum = 9, musicType = 1, name = 'r4_1_alarm'
I blockMusicManager.cpp[0185]19/04 11:31:50 BlockMusicManager: start playing new music: blockNum = 9, musicType = 2, name = 'r4_1_battle'
I blockMusicManager.cpp[0199]19/04 11:32:11 BlockMusicManager: resetting
I blockMusicManager.cpp[0185]19/04 11:32:11 BlockMusicManager: start playing new music: blockNum = 9, musicType = 0, name = 'r4_0_driving'
E ComplexPhysicObj.cpp[1428]19/04 11:33:07 Error: LoadPoint not found! Model = 'fighterCab01', lp = LP_BIG01 for Vehicle id = 114910 prototype = 'Fighter02'
E ComplexPhysicObj.cpp[1428]19/04 11:33:07 Error: LoadPoint not found! Model = 'fighterCab01', lp = LP_BIG01 for Vehicle id = 114831 prototype = 'Fighter02'
E ComplexPhysicObj.cpp[1428]19/04 11:33:07 Error: LoadPoint not found! Model = 'hunterCab01', lp = LP_BIG01 for Vehicle id = 115099 prototype = 'Hunter02'
E ComplexPhysicObj.cpp[1428]19/04 11:33:07 Error: LoadPoint not found! Model = 'hunterCab01', lp = LP_SML01 for Vehicle id = 115099 prototype = 'Hunter02'
E ComplexPhysicObj.cpp[1428]19/04 11:33:07 Error: LoadPoint not found! Model = 'hunterCab01', lp = LP_SML01 for Vehicle id = 115099 prototype = 'Hunter02'
E ComplexPhysicObj.cpp[1428]19/04 11:33:07 Error: LoadPoint not found! Model = 'hunterCab01', lp = LP_BIG01 for Vehicle id = 115136 prototype = 'Hunter02'
E ComplexPhysicObj.cpp[1428]19/04 11:33:07 Error: LoadPoint not found! Model = 'hunterCab01', lp = LP_SML01 for Vehicle id = 115136 prototype = 'Hunter02'
E ComplexPhysicObj.cpp[1428]19/04 11:33:07 Error: LoadPoint not found! Model = 'hunterCab01', lp = LP_SML01 for Vehicle id = 115136 prototype = 'Hunter02'
E          Vehicle.cpp[5160]19/04 11:33:07 Error: LoadPoint not found: LP_SSP03L for model 'dozerChassis'
E ComplexPhysicObj.cpp[1428]19/04 11:33:07 Error: LoadPoint not found! Model = 'uralCab01', lp = LP_BIG01 for Vehicle id = 393474 prototype = 'Ural01'
E            Affix.cpp[0075]19/04 11:33:07 Error: attempt to apply affix 'useless_gun' for property 'Accuracy' of RocketLauncher id = 82156 prototype = 'hunterLauncher'
E ComplexPhysicObj.cpp[1428]19/04 11:33:07 Error: LoadPoint not found! Model = 'uralCab01', lp = LP_BIG01 for Vehicle id = 131514 prototype = 'Ural01'
E ComplexPhysicObj.cpp[1428]19/04 11:33:07 Error: LoadPoint not found! Model = 'fighterCab01', lp = LP_BIG01 for Vehicle id = 131449 prototype = 'Fighter02'
E ComplexPhysicObj.cpp[1428]19/04 11:33:07 Error: LoadPoint not found! Model = 'fighterCab01', lp = LP_BIG01 for Vehicle id = 278831 prototype = 'Fighter02'
E ComplexPhysicObj.cpp[1428]19/04 11:33:07 Error: LoadPoint not found! Model = 'uralCab01', lp = LP_BIG01 for Vehicle id = 410080 prototype = 'Ural02'
E ComplexPhysicObj.cpp[1428]19/04 11:33:07 Error: LoadPoint not found! Model = 'uralCab01', lp = LP_BIG02 for Vehicle id = 410080 prototype = 'Ural02'
E ComplexPhysicObj.cpp[1428]19/04 11:33:07 Error: LoadPoint not found! Model = 'uralCab01', lp = LP_BIG02 for Vehicle id = 410080 prototype = 'Ural02'
E ComplexPhysicObj.cpp[1428]19/04 11:33:07 Error: LoadPoint not found! Model = 'molokovozCab01', lp = LP_SML01 for Vehicle id = 131224 prototype = 'Molokovoz02'
E ComplexPhysicObj.cpp[1428]19/04 11:33:07 Error: LoadPoint not found! Model = 'molokovozCargo01', lp = LP_BIG01 for Vehicle id = 131224 prototype = 'Molokovoz02'
E ComplexPhysicObj.cpp[1428]19/04 11:33:07 Error: LoadPoint not found! Model = 'hunterCab01', lp = LP_BIG01 for Vehicle id = 147746 prototype = 'Hunter02'
E ComplexPhysicObj.cpp[1428]19/04 11:33:07 Error: LoadPoint not found! Model = 'hunterCab01', lp = LP_SML01 for Vehicle id = 147746 prototype = 'Hunter02'
E ComplexPhysicObj.cpp[1428]19/04 11:33:07 Error: LoadPoint not found! Model = 'hunterCab01', lp = LP_SML01 for Vehicle id = 147746 prototype = 'Hunter02'
E ComplexPhysicObj.cpp[1428]19/04 11:33:07 Error: LoadPoint not found! Model = 'hunterCab01', lp = LP_BIG01 for Vehicle id = 131504 prototype = 'Hunter02'
E ComplexPhysicObj.cpp[1428]19/04 11:33:07 Error: LoadPoint not found! Model = 'hunterCab01', lp = LP_SML01 for Vehicle id = 131504 prototype = 'Hunter02'
E ComplexPhysicObj.cpp[1428]19/04 11:33:07 Error: LoadPoint not found! Model = 'hunterCab01', lp = LP_SML01 for Vehicle id = 131504 prototype = 'Hunter02'
E            Affix.cpp[0075]19/04 11:33:07 Error: attempt to apply affix 'rusty_gun' for property 'Accuracy' of RocketLauncher id = 66021 prototype = 'hunterLauncher'
E            Affix.cpp[0075]19/04 11:33:07 Error: attempt to apply affix 'useless_gun' for property 'Accuracy' of RocketLauncher id = 66021 prototype = 'hunterLauncher'
E ComplexPhysicObj.cpp[1428]19/04 11:33:07 Error: LoadPoint not found! Model = 'hunterCab01', lp = LP_BIG01 for Vehicle id = 49381 prototype = 'Hunter02'
E ComplexPhysicObj.cpp[1428]19/04 11:33:07 Error: LoadPoint not found! Model = 'hunterCab01', lp = LP_SML01 for Vehicle id = 49381 prototype = 'Hunter02'
E ComplexPhysicObj.cpp[1428]19/04 11:33:07 Error: LoadPoint not found! Model = 'hunterCab01', lp = LP_SML01 for Vehicle id = 49381 prototype = 'Hunter02'
E ComplexPhysicObj.cpp[1428]19/04 11:33:07 Error: LoadPoint not found! Model = 'hunterCab01', lp = LP_BIG01 for Vehicle id = 66036 prototype = 'Hunter02'
E ComplexPhysicObj.cpp[1428]19/04 11:33:07 Error: LoadPoint not found! Model = 'hunterCab01', lp = LP_SML01 for Vehicle id = 66036 prototype = 'Hunter02'
E ComplexPhysicObj.cpp[1428]19/04 11:33:07 Error: LoadPoint not found! Model = 'hunterCab01', lp = LP_SML01 for Vehicle id = 66036 prototype = 'Hunter02'
E            Affix.cpp[0075]19/04 11:33:07 Error: attempt to apply affix 'without_sight_gun' for property 'Accuracy' of RocketLauncher id = 115083 prototype = 'hunterLauncher'
E ComplexPhysicObj.cpp[1428]19/04 11:34:14 Error: LoadPoint not found! Model = 'fighterCab01', lp = LP_BIG01 for Vehicle id = 147873 prototype = 'Fighter02'
E            Affix.cpp[0075]19/04 11:34:14 Error: attempt to apply affix 'with_laser_sight_gun' for property 'Accuracy' of RocketLauncher id = 180532 prototype = 'hunterLauncher'
E          Vehicle.cpp[5160]19/04 11:34:14 Error: LoadPoint not found: LP_SSP03L for model 'dozerChassis'
E          Vehicle.cpp[5160]19/04 11:34:14 Error: LoadPoint not found: LP_SSP03L for model 'dozerChassis'
E ComplexPhysicObj.cpp[1428]19/04 11:34:14 Error: LoadPoint not found! Model = 'hunterCab01', lp = LP_BIG01 for Vehicle id = 147888 prototype = 'Hunter02'
E ComplexPhysicObj.cpp[1428]19/04 11:34:14 Error: LoadPoint not found! Model = 'hunterCab01', lp = LP_SML01 for Vehicle id = 147888 prototype = 'Hunter02'
E ComplexPhysicObj.cpp[1428]19/04 11:34:14 Error: LoadPoint not found! Model = 'hunterCab01', lp = LP_SML01 for Vehicle id = 147888 prototype = 'Hunter02'
E ComplexPhysicObj.cpp[1428]19/04 11:34:14 Error: LoadPoint not found! Model = 'uralCab01', lp = LP_BIG01 for Vehicle id = 147608 prototype = 'Ural01'
E ComplexPhysicObj.cpp[1428]19/04 11:34:14 Error: LoadPoint not found! Model = 'fighterCab01', lp = LP_BIG01 for Vehicle id = 295215 prototype = 'Fighter02'
E ComplexPhysicObj.cpp[1428]19/04 11:34:14 Error: LoadPoint not found! Model = 'uralCab01', lp = LP_BIG01 for Vehicle id = 98540 prototype = 'Ural02'
E ComplexPhysicObj.cpp[1428]19/04 11:34:14 Error: LoadPoint not found! Model = 'uralCab01', lp = LP_BIG02 for Vehicle id = 98540 prototype = 'Ural02'
E ComplexPhysicObj.cpp[1428]19/04 11:34:14 Error: LoadPoint not found! Model = 'uralCab01', lp = LP_BIG02 for Vehicle id = 98540 prototype = 'Ural02'
E ComplexPhysicObj.cpp[1428]19/04 11:34:14 Error: LoadPoint not found! Model = 'molokovozCab01', lp = LP_SML01 for Vehicle id = 180355 prototype = 'Molokovoz02'
E ComplexPhysicObj.cpp[1428]19/04 11:34:14 Error: LoadPoint not found! Model = 'molokovozCargo01', lp = LP_BIG01 for Vehicle id = 180355 prototype = 'Molokovoz02'
E ComplexPhysicObj.cpp[1428]19/04 11:34:14 Error: LoadPoint not found! Model = 'fighterCab01', lp = LP_BIG01 for Vehicle id = 131232 prototype = 'Fighter02'
E ComplexPhysicObj.cpp[1428]19/04 11:34:14 Error: LoadPoint not found! Model = 'hunterCab01', lp = LP_BIG01 for Vehicle id = 147723 prototype = 'Hunter02'
E ComplexPhysicObj.cpp[1428]19/04 11:34:14 Error: LoadPoint not found! Model = 'hunterCab01', lp = LP_SML01 for Vehicle id = 147723 prototype = 'Hunter02'
E ComplexPhysicObj.cpp[1428]19/04 11:34:14 Error: LoadPoint not found! Model = 'hunterCab01', lp = LP_SML01 for Vehicle id = 147723 prototype = 'Hunter02'
E            Affix.cpp[0075]19/04 11:34:14 Error: attempt to apply affix 'without_sight_gun' for property 'Accuracy' of RocketLauncher id = 49286 prototype = 'hunterLauncher'
E ComplexPhysicObj.cpp[1428]19/04 11:34:14 Error: LoadPoint not found! Model = 'molokovozCab01', lp = LP_SML01 for Vehicle id = 147609 prototype = 'Molokovoz02'
E ComplexPhysicObj.cpp[1428]19/04 11:34:14 Error: LoadPoint not found! Model = 'molokovozCargo01', lp = LP_BIG01 for Vehicle id = 147609 prototype = 'Molokovoz02'
E ComplexPhysicObj.cpp[1428]19/04 11:34:14 Error: LoadPoint not found! Model = 'hunterCab01', lp = LP_BIG01 for Vehicle id = 508386 prototype = 'Hunter02'
E ComplexPhysicObj.cpp[1428]19/04 11:34:14 Error: LoadPoint not found! Model = 'hunterCab01', lp = LP_SML01 for Vehicle id = 508386 prototype = 'Hunter02'
E ComplexPhysicObj.cpp[1428]19/04 11:34:14 Error: LoadPoint not found! Model = 'hunterCab01', lp = LP_SML01 for Vehicle id = 508386 prototype = 'Hunter02'
I     DynamicQuest.cpp[0279]19/04 11:34:27 Dynamic quest id 120 status changed to COMPLETE
I        FadingMsg.cpp[0199]19/04 11:34:27 Fading message: 'Охота завершена. Каждый уничтоженный грузовик был оплачен.'
E ComplexPhysicObj.cpp[1428]19/04 11:34:49 Error: LoadPoint not found! Model = 'fighterCab01', lp = LP_BIG01 for Vehicle id = 164013 prototype = 'Fighter02'
E ComplexPhysicObj.cpp[1428]19/04 11:34:49 Error: LoadPoint not found! Model = 'hunterCab01', lp = LP_BIG01 for Vehicle id = 180347 prototype = 'Hunter02'
E ComplexPhysicObj.cpp[1428]19/04 11:34:49 Error: LoadPoint not found! Model = 'hunterCab01', lp = LP_SML01 for Vehicle id = 180347 prototype = 'Hunter02'
E ComplexPhysicObj.cpp[1428]19/04 11:34:49 Error: LoadPoint not found! Model = 'hunterCab01', lp = LP_SML01 for Vehicle id = 180347 prototype = 'Hunter02'
E ComplexPhysicObj.cpp[1428]19/04 11:34:49 Error: LoadPoint not found! Model = 'hunterCab01', lp = LP_BIG01 for Vehicle id = 360912 prototype = 'Hunter02'
E ComplexPhysicObj.cpp[1428]19/04 11:34:49 Error: LoadPoint not found! Model = 'hunterCab01', lp = LP_SML01 for Vehicle id = 360912 prototype = 'Hunter02'
E ComplexPhysicObj.cpp[1428]19/04 11:34:49 Error: LoadPoint not found! Model = 'hunterCab01', lp = LP_SML01 for Vehicle id = 360912 prototype = 'Hunter02'
E          Vehicle.cpp[5160]19/04 11:34:49 Error: LoadPoint not found: LP_SSP03L for model 'dozerChassis'
E ComplexPhysicObj.cpp[1428]19/04 11:34:49 Error: LoadPoint not found! Model = 'uralCab01', lp = LP_BIG01 for Vehicle id = 131348 prototype = 'Ural01'
E ComplexPhysicObj.cpp[1428]19/04 11:34:49 Error: LoadPoint not found! Model = 'fighterCab01', lp = LP_BIG01 for Vehicle id = 311599 prototype = 'Fighter02'
E ComplexPhysicObj.cpp[1428]19/04 11:34:49 Error: LoadPoint not found! Model = 'uralCab01', lp = LP_BIG01 for Vehicle id = 180439 prototype = 'Ural02'
E ComplexPhysicObj.cpp[1428]19/04 11:34:49 Error: LoadPoint not found! Model = 'uralCab01', lp = LP_BIG02 for Vehicle id = 180439 prototype = 'Ural02'
E ComplexPhysicObj.cpp[1428]19/04 11:34:49 Error: LoadPoint not found! Model = 'uralCab01', lp = LP_BIG02 for Vehicle id = 180439 prototype = 'Ural02'
E ComplexPhysicObj.cpp[1428]19/04 11:34:49 Error: LoadPoint not found! Model = 'molokovozCab01', lp = LP_SML01 for Vehicle id = 164280 prototype = 'Molokovoz02'
E ComplexPhysicObj.cpp[1428]19/04 11:34:49 Error: LoadPoint not found! Model = 'molokovozCargo01', lp = LP_BIG01 for Vehicle id = 164280 prototype = 'Molokovoz02'
E ComplexPhysicObj.cpp[1428]19/04 11:34:49 Error: LoadPoint not found! Model = 'fighterCab01', lp = LP_BIG01 for Vehicle id = 163978 prototype = 'Fighter02'
E ComplexPhysicObj.cpp[1428]19/04 11:34:49 Error: LoadPoint not found! Model = 'molokovozCab01', lp = LP_SML01 for Vehicle id = 164108 prototype = 'Molokovoz02'
E ComplexPhysicObj.cpp[1428]19/04 11:34:49 Error: LoadPoint not found! Model = 'molokovozCargo01', lp = LP_BIG01 for Vehicle id = 164108 prototype = 'Molokovoz02'
E ComplexPhysicObj.cpp[1428]19/04 11:34:49 Error: LoadPoint not found! Model = 'belazCab05', lp = LP_SML01 for Vehicle id = 180661 prototype = 'Belaz01'
E            Affix.cpp[0075]19/04 11:34:49 Error: attempt to apply affix 'without_sight_gun' for property 'Accuracy' of RocketLauncher id = 508397 prototype = 'hunterLauncher'
E            Affix.cpp[0075]19/04 11:34:49 Error: attempt to apply affix 'rusty_gun' for property 'Accuracy' of RocketLauncher id = 508397 prototype = 'hunterLauncher'
E ComplexPhysicObj.cpp[1428]19/04 11:34:49 Error: LoadPoint not found! Model = 'belazCab05', lp = LP_SML01 for Vehicle id = 442592 prototype = 'Belaz01'
E ComplexPhysicObj.cpp[1428]19/04 11:34:49 Error: LoadPoint not found! Model = 'belazCab05', lp = LP_SML01 for Vehicle id = 311529 prototype = 'Belaz01'
E            Affix.cpp[0075]19/04 11:34:49 Error: attempt to apply affix 'rusty_gun' for property 'Accuracy' of RocketLauncher id = 426256 prototype = 'hunterLauncher'
E            Affix.cpp[0075]19/04 11:34:49 Error: attempt to apply affix 'without_sight_gun' for property 'Accuracy' of RocketLauncher id = 426256 prototype = 'hunterLauncher'
E ComplexPhysicObj.cpp[1428]19/04 11:35:54 Error: LoadPoint not found! Model = 'hunterCab01', lp = LP_BIG01 for Vehicle id = 196989 prototype = 'Hunter02'
E ComplexPhysicObj.cpp[1428]19/04 11:35:54 Error: LoadPoint not found! Model = 'hunterCab01', lp = LP_SML01 for Vehicle id = 196989 prototype = 'Hunter02'
E ComplexPhysicObj.cpp[1428]19/04 11:35:54 Error: LoadPoint not found! Model = 'hunterCab01', lp = LP_SML01 for Vehicle id = 196989 prototype = 'Hunter02'
E ComplexPhysicObj.cpp[1428]19/04 11:35:54 Error: LoadPoint not found! Model = 'hunterCab01', lp = LP_BIG01 for Vehicle id = 327913 prototype = 'Hunter02'
E ComplexPhysicObj.cpp[1428]19/04 11:35:54 Error: LoadPoint not found! Model = 'hunterCab01', lp = LP_SML01 for Vehicle id = 327913 prototype = 'Hunter02'
E ComplexPhysicObj.cpp[1428]19/04 11:35:54 Error: LoadPoint not found! Model = 'hunterCab01', lp = LP_SML01 for Vehicle id = 327913 prototype = 'Hunter02'
E ComplexPhysicObj.cpp[1428]19/04 11:35:54 Error: LoadPoint not found! Model = 'fighterCab01', lp = LP_BIG01 for Vehicle id = 213286 prototype = 'Fighter02'
E ComplexPhysicObj.cpp[1428]19/04 11:35:54 Error: LoadPoint not found! Model = 'molokovozCab01', lp = LP_SML01 for Vehicle id = 180664 prototype = 'Molokovoz02'
E ComplexPhysicObj.cpp[1428]19/04 11:35:54 Error: LoadPoint not found! Model = 'molokovozCargo01', lp = LP_BIG01 for Vehicle id = 180664 prototype = 'Molokovoz02'
E ComplexPhysicObj.cpp[1428]19/04 11:35:54 Error: LoadPoint not found! Model = 'molokovozCab01', lp = LP_SML01 for Vehicle id = 164220 prototype = 'Molokovoz02'
E ComplexPhysicObj.cpp[1428]19/04 11:35:54 Error: LoadPoint not found! Model = 'molokovozCargo01', lp = LP_BIG01 for Vehicle id = 164220 prototype = 'Molokovoz02'
E ComplexPhysicObj.cpp[1428]19/04 11:35:54 Error: LoadPoint not found! Model = 'molokovozCab01', lp = LP_SML01 for Vehicle id = 196898 prototype = 'Molokovoz02'
E ComplexPhysicObj.cpp[1428]19/04 11:35:54 Error: LoadPoint not found! Model = 'molokovozCargo01', lp = LP_BIG01 for Vehicle id = 196898 prototype = 'Molokovoz02'
E ComplexPhysicObj.cpp[1428]19/04 11:35:54 Error: LoadPoint not found! Model = 'hunterCab01', lp = LP_BIG01 for Vehicle id = 196792 prototype = 'Hunter02'
E ComplexPhysicObj.cpp[1428]19/04 11:35:54 Error: LoadPoint not found! Model = 'hunterCab01', lp = LP_SML01 for Vehicle id = 196792 prototype = 'Hunter02'
E ComplexPhysicObj.cpp[1428]19/04 11:35:54 Error: LoadPoint not found! Model = 'hunterCab01', lp = LP_SML01 for Vehicle id = 196792 prototype = 'Hunter02'
E ComplexPhysicObj.cpp[1428]19/04 11:35:54 Error: LoadPoint not found! Model = 'belazCab05', lp = LP_SML01 for Vehicle id = 180349 prototype = 'Belaz01'
E            Affix.cpp[0075]19/04 11:35:54 Error: attempt to apply affix 'useless_gun' for property 'Accuracy' of RocketLauncher id = 164266 prototype = 'hunterLauncher'
E            Affix.cpp[0075]19/04 11:35:54 Error: attempt to apply affix 'rusty_gun' for property 'Accuracy' of RocketLauncher id = 164266 prototype = 'hunterLauncher'
E            Affix.cpp[0075]19/04 11:36:51 Error: attempt to apply affix 'rusty_gun' for property 'Accuracy' of RocketLauncher id = 459010 prototype = 'hunterLauncher'
E ComplexPhysicObj.cpp[1428]19/04 11:36:51 Error: LoadPoint not found! Model = 'hunterCab01', lp = LP_BIG01 for Vehicle id = 147692 prototype = 'Hunter02'
E ComplexPhysicObj.cpp[1428]19/04 11:36:51 Error: LoadPoint not found! Model = 'hunterCab01', lp = LP_SML01 for Vehicle id = 147692 prototype = 'Hunter02'
E ComplexPhysicObj.cpp[1428]19/04 11:36:51 Error: LoadPoint not found! Model = 'hunterCab01', lp = LP_SML01 for Vehicle id = 147692 prototype = 'Hunter02'
E ComplexPhysicObj.cpp[1428]19/04 11:36:51 Error: LoadPoint not found! Model = 'hunterCab01', lp = LP_BIG01 for Vehicle id = 147947 prototype = 'Hunter02'
E ComplexPhysicObj.cpp[1428]19/04 11:36:51 Error: LoadPoint not found! Model = 'hunterCab01', lp = LP_SML01 for Vehicle id = 147947 prototype = 'Hunter02'
E ComplexPhysicObj.cpp[1428]19/04 11:36:51 Error: LoadPoint not found! Model = 'hunterCab01', lp = LP_SML01 for Vehicle id = 147947 prototype = 'Hunter02'
E            Affix.cpp[0075]19/04 11:36:51 Error: attempt to apply affix 'without_sight_gun' for property 'Accuracy' of RocketLauncher id = 197048 prototype = 'hunterLauncher'
E ComplexPhysicObj.cpp[1428]19/04 11:36:51 Error: LoadPoint not found! Model = 'uralCab01', lp = LP_BIG01 for Vehicle id = 197051 prototype = 'Ural01'
E ComplexPhysicObj.cpp[1428]19/04 11:36:51 Error: LoadPoint not found! Model = 'uralCab01', lp = LP_BIG01 for Vehicle id = 360923 prototype = 'Ural01'
E ComplexPhysicObj.cpp[1428]19/04 11:36:51 Error: LoadPoint not found! Model = 'fighterCab01', lp = LP_BIG01 for Vehicle id = 196778 prototype = 'Fighter02'
E ComplexPhysicObj.cpp[1428]19/04 11:36:51 Error: LoadPoint not found! Model = 'molokovozCab01', lp = LP_SML01 for Vehicle id = 262563 prototype = 'Molokovoz02'
E ComplexPhysicObj.cpp[1428]19/04 11:36:51 Error: LoadPoint not found! Model = 'molokovozCargo01', lp = LP_BIG01 for Vehicle id = 262563 prototype = 'Molokovoz02'
E ComplexPhysicObj.cpp[1428]19/04 11:36:51 Error: LoadPoint not found! Model = 'molokovozCab01', lp = LP_SML01 for Vehicle id = 246002 prototype = 'Molokovoz02'
E ComplexPhysicObj.cpp[1428]19/04 11:36:51 Error: LoadPoint not found! Model = 'molokovozCargo01', lp = LP_BIG01 for Vehicle id = 246002 prototype = 'Molokovoz02'
E ComplexPhysicObj.cpp[1428]19/04 11:36:51 Error: LoadPoint not found! Model = 'belazCab05', lp = LP_SML01 for Vehicle id = 164067 prototype = 'Belaz01'
E ComplexPhysicObj.cpp[1428]19/04 11:36:51 Error: LoadPoint not found! Model = 'hunterCab01', lp = LP_BIG01 for Vehicle id = 196786 prototype = 'Hunter02'
E ComplexPhysicObj.cpp[1428]19/04 11:36:51 Error: LoadPoint not found! Model = 'hunterCab01', lp = LP_SML01 for Vehicle id = 196786 prototype = 'Hunter02'
E ComplexPhysicObj.cpp[1428]19/04 11:36:51 Error: LoadPoint not found! Model = 'hunterCab01', lp = LP_SML01 for Vehicle id = 196786 prototype = 'Hunter02'
E            Affix.cpp[0075]19/04 11:36:51 Error: attempt to apply affix 'without_sight_gun' for property 'Accuracy' of RocketLauncher id = 197008 prototype = 'hunterLauncher'
E            Affix.cpp[0075]19/04 11:36:51 Error: attempt to apply affix 'rusty_gun' for property 'Accuracy' of RocketLauncher id = 197008 prototype = 'hunterLauncher'
E ComplexPhysicObj.cpp[1428]19/04 11:38:08 Error: LoadPoint not found! Model = 'fighterCab01', lp = LP_BIG01 for Vehicle id = 115191 prototype = 'Fighter02'
E ComplexPhysicObj.cpp[1428]19/04 11:38:08 Error: LoadPoint not found! Model = 'fighterCab01', lp = LP_BIG01 for Vehicle id = 213171 prototype = 'Fighter02'
E ComplexPhysicObj.cpp[1428]19/04 11:38:08 Error: LoadPoint not found! Model = 'hunterCab01', lp = LP_BIG01 for Vehicle id = 229784 prototype = 'Hunter02'
E ComplexPhysicObj.cpp[1428]19/04 11:38:08 Error: LoadPoint not found! Model = 'hunterCab01', lp = LP_SML01 for Vehicle id = 229784 prototype = 'Hunter02'
E ComplexPhysicObj.cpp[1428]19/04 11:38:08 Error: LoadPoint not found! Model = 'hunterCab01', lp = LP_SML01 for Vehicle id = 229784 prototype = 'Hunter02'
E ComplexPhysicObj.cpp[1428]19/04 11:38:08 Error: LoadPoint not found! Model = 'hunterCab01', lp = LP_BIG01 for Vehicle id = 229800 prototype = 'Hunter02'
E ComplexPhysicObj.cpp[1428]19/04 11:38:08 Error: LoadPoint not found! Model = 'hunterCab01', lp = LP_SML01 for Vehicle id = 229800 prototype = 'Hunter02'
E ComplexPhysicObj.cpp[1428]19/04 11:38:08 Error: LoadPoint not found! Model = 'hunterCab01', lp = LP_SML01 for Vehicle id = 229800 prototype = 'Hunter02'
E            Affix.cpp[0075]19/04 11:38:08 Error: attempt to apply affix 'without_sight_gun' for property 'Accuracy' of RocketLauncher id = 213352 prototype = 'hunterLauncher'
E            Affix.cpp[0075]19/04 11:38:08 Error: attempt to apply affix 'useless_gun' for property 'Accuracy' of RocketLauncher id = 213352 prototype = 'hunterLauncher'
E ComplexPhysicObj.cpp[1428]19/04 11:38:08 Error: LoadPoint not found! Model = 'hunterCab01', lp = LP_BIG01 for Vehicle id = 229635 prototype = 'Hunter02'
E ComplexPhysicObj.cpp[1428]19/04 11:38:08 Error: LoadPoint not found! Model = 'hunterCab01', lp = LP_SML01 for Vehicle id = 229635 prototype = 'Hunter02'
E ComplexPhysicObj.cpp[1428]19/04 11:38:08 Error: LoadPoint not found! Model = 'hunterCab01', lp = LP_SML01 for Vehicle id = 229635 prototype = 'Hunter02'
E            Affix.cpp[0075]19/04 11:38:08 Error: attempt to apply affix 'useless_gun' for property 'Accuracy' of RocketLauncher id = 213261 prototype = 'hunterLauncher'
E ComplexPhysicObj.cpp[1428]19/04 11:38:08 Error: LoadPoint not found! Model = 'uralCab01', lp = LP_BIG01 for Vehicle id = 458996 prototype = 'Ural01'
E ComplexPhysicObj.cpp[1428]19/04 11:38:08 Error: LoadPoint not found! Model = 'fighterCab01', lp = LP_BIG01 for Vehicle id = 213165 prototype = 'Fighter02'
E ComplexPhysicObj.cpp[1428]19/04 11:38:08 Error: LoadPoint not found! Model = 'fighterCab01', lp = LP_BIG01 for Vehicle id = 213371 prototype = 'Fighter02'
E ComplexPhysicObj.cpp[1428]19/04 11:38:08 Error: LoadPoint not found! Model = 'molokovozCab01', lp = LP_SML01 for Vehicle id = 360751 prototype = 'Molokovoz02'
E ComplexPhysicObj.cpp[1428]19/04 11:38:08 Error: LoadPoint not found! Model = 'molokovozCargo01', lp = LP_BIG01 for Vehicle id = 360751 prototype = 'Molokovoz02'
E ComplexPhysicObj.cpp[1428]19/04 11:38:08 Error: LoadPoint not found! Model = 'molokovozCab01', lp = LP_SML01 for Vehicle id = 245940 prototype = 'Molokovoz02'
E ComplexPhysicObj.cpp[1428]19/04 11:38:08 Error: LoadPoint not found! Model = 'molokovozCargo01', lp = LP_BIG01 for Vehicle id = 245940 prototype = 'Molokovoz02'
E ComplexPhysicObj.cpp[1428]19/04 11:38:08 Error: LoadPoint not found! Model = 'fighterCab01', lp = LP_BIG01 for Vehicle id = 590326 prototype = 'Fighter02'
E ComplexPhysicObj.cpp[1428]19/04 11:38:08 Error: LoadPoint not found! Model = 'hunterCab01', lp = LP_BIG01 for Vehicle id = 196994 prototype = 'Hunter02'
E ComplexPhysicObj.cpp[1428]19/04 11:38:08 Error: LoadPoint not found! Model = 'hunterCab01', lp = LP_SML01 for Vehicle id = 196994 prototype = 'Hunter02'
E ComplexPhysicObj.cpp[1428]19/04 11:38:08 Error: LoadPoint not found! Model = 'hunterCab01', lp = LP_SML01 for Vehicle id = 196994 prototype = 'Hunter02'
E            Affix.cpp[0075]19/04 11:38:08 Error: attempt to apply affix 'without_sight_gun' for property 'Accuracy' of RocketLauncher id = 164207 prototype = 'hunterLauncher'
E            Affix.cpp[0075]19/04 11:38:08 Error: attempt to apply affix 'rusty_gun' for property 'Accuracy' of RocketLauncher id = 164207 prototype = 'hunterLauncher'
E ComplexPhysicObj.cpp[1428]19/04 11:38:08 Error: LoadPoint not found! Model = 'hunterCab01', lp = LP_BIG01 for Vehicle id = 180671 prototype = 'Hunter02'
E ComplexPhysicObj.cpp[1428]19/04 11:38:08 Error: LoadPoint not found! Model = 'hunterCab01', lp = LP_SML01 for Vehicle id = 180671 prototype = 'Hunter02'
E ComplexPhysicObj.cpp[1428]19/04 11:38:08 Error: LoadPoint not found! Model = 'hunterCab01', lp = LP_SML01 for Vehicle id = 180671 prototype = 'Hunter02'
E ComplexPhysicObj.cpp[1428]19/04 11:38:08 Error: LoadPoint not found! Model = 'hunterCab01', lp = LP_BIG01 for Vehicle id = 164197 prototype = 'Hunter02'
E ComplexPhysicObj.cpp[1428]19/04 11:38:08 Error: LoadPoint not found! Model = 'hunterCab01', lp = LP_SML01 for Vehicle id = 164197 prototype = 'Hunter02'
E ComplexPhysicObj.cpp[1428]19/04 11:38:08 Error: LoadPoint not found! Model = 'hunterCab01', lp = LP_SML01 for Vehicle id = 164197 prototype = 'Hunter02'
E ComplexPhysicObj.cpp[1428]19/04 11:38:08 Error: LoadPoint not found! Model = 'belazCab05', lp = LP_SML01 for Vehicle id = 180477 prototype = 'Belaz01'
E            Affix.cpp[0075]19/04 11:38:08 Error: attempt to apply affix 'without_sight_gun' for property 'Accuracy' of RocketLauncher id = 197004 prototype = 'hunterLauncher'
E ComplexPhysicObj.cpp[1428]19/04 11:38:08 Error: LoadPoint not found! Model = 'belazCab05', lp = LP_SML01 for Vehicle id = 262482 prototype = 'Belaz01'
E            Affix.cpp[0075]19/04 11:38:08 Error: attempt to apply affix 'useless_gun' for property 'Accuracy' of RocketLauncher id = 196814 prototype = 'hunterLauncher'
E ComplexPhysicObj.cpp[1428]19/04 11:38:08 Error: LoadPoint not found! Model = 'belazCab05', lp = LP_SML01 for Vehicle id = 164094 prototype = 'Belaz01'
E            Affix.cpp[0075]19/04 11:38:08 Error: attempt to apply affix 'useless_gun' for property 'Accuracy' of RocketLauncher id = 164202 prototype = 'hunterLauncher'
E            Affix.cpp[0075]19/04 11:38:25 Error: attempt to apply affix 'rusty_gun' for property 'Accuracy' of RocketLauncher id = 246039 prototype = 'hunterLauncher'
E            Affix.cpp[0075]19/04 11:38:25 Error: attempt to apply affix 'with_laser_sight_gun' for property 'Accuracy' of RocketLauncher id = 246039 prototype = 'hunterLauncher'
E            Affix.cpp[0075]19/04 11:38:25 Error: attempt to apply affix 'excellent_gun' for property 'Accuracy' of RocketLauncher id = 246039 prototype = 'hunterLauncher'
E ComplexPhysicObj.cpp[1428]19/04 11:38:25 Error: LoadPoint not found! Model = 'fighterCab01', lp = LP_BIG01 for Vehicle id = 246020 prototype = 'Fighter02'
E ComplexPhysicObj.cpp[1428]19/04 11:38:25 Error: LoadPoint not found! Model = 'hunterCab01', lp = LP_BIG01 for Vehicle id = 573922 prototype = 'Hunter02'
E ComplexPhysicObj.cpp[1428]19/04 11:38:25 Error: LoadPoint not found! Model = 'hunterCab01', lp = LP_SML01 for Vehicle id = 573922 prototype = 'Hunter02'
E ComplexPhysicObj.cpp[1428]19/04 11:38:25 Error: LoadPoint not found! Model = 'hunterCab01', lp = LP_SML01 for Vehicle id = 573922 prototype = 'Hunter02'
E ComplexPhysicObj.cpp[1428]19/04 11:38:25 Error: LoadPoint not found! Model = 'hunterCab01', lp = LP_BIG01 for Vehicle id = 213143 prototype = 'Hunter02'
E ComplexPhysicObj.cpp[1428]19/04 11:38:25 Error: LoadPoint not found! Model = 'hunterCab01', lp = LP_SML01 for Vehicle id = 213143 prototype = 'Hunter02'
E ComplexPhysicObj.cpp[1428]19/04 11:38:25 Error: LoadPoint not found! Model = 'hunterCab01', lp = LP_SML01 for Vehicle id = 213143 prototype = 'Hunter02'
E ComplexPhysicObj.cpp[1428]19/04 11:38:25 Error: LoadPoint not found! Model = 'molokovozCab01', lp = LP_SML01 for Vehicle id = 213372 prototype = 'Molokovoz02'
E ComplexPhysicObj.cpp[1428]19/04 11:38:25 Error: LoadPoint not found! Model = 'molokovozCargo01', lp = LP_BIG01 for Vehicle id = 213372 prototype = 'Molokovoz02'
E ComplexPhysicObj.cpp[1428]19/04 11:38:25 Error: LoadPoint not found! Model = 'molokovozCab01', lp = LP_SML01 for Vehicle id = 229548 prototype = 'Molokovoz02'
E ComplexPhysicObj.cpp[1428]19/04 11:38:25 Error: LoadPoint not found! Model = 'molokovozCargo01', lp = LP_BIG01 for Vehicle id = 229548 prototype = 'Molokovoz02'
I blockMusicManager.cpp[0185]19/04 11:38:28 BlockMusicManager: start playing new music: blockNum = 9, musicType = 1, name = 'r4_1_alarm'
I blockMusicManager.cpp[0199]19/04 11:38:43 BlockMusicManager: resetting
I blockMusicManager.cpp[0185]19/04 11:38:43 BlockMusicManager: start playing new music: blockNum = 9, musicType = 0, name = 'r4_0_driving'
I        FadingMsg.cpp[0199]19/04 11:38:55 Fading message: 'Нажмите гудок (%1m) для въезда в город'
I townMusicManager.cpp[0096]19/04 11:38:59 TownMusicManager: start playing new music: 'Donb_town1'
I blockMusicManager.cpp[0199]19/04 11:39:08 BlockMusicManager: resetting
I        FadingMsg.cpp[0199]19/04 11:39:08 Fading message: 'Начался тяжелый трудовой день.'
I blockMusicManager.cpp[0185]19/04 11:39:08 BlockMusicManager: start playing new music: blockNum = 9, musicType = 0, name = 'r4_0_driving'
I     ObjContainer.cpp[1278]19/04 11:39:49 Passing to map 'r4m1', location 'FromR4M0', angle = -1, immediate = 0
I        PhysicObj.cpp[0313]19/04 11:39:51 Vehicle 'PlayerVehicle_0_1' id=21766 passes to another map
I       PhysicBody.cpp[1171]19/04 11:39:51 Object is  visible in SetPassed...
I       PhysicBody.cpp[1171]19/04 11:39:51 Object is  visible in SetPassed...
I       PhysicBody.cpp[1171]19/04 11:39:51 Object is  visible in SetPassed...
I       PhysicBody.cpp[1171]19/04 11:39:51 Object is  visible in SetPassed...
I       PhysicBody.cpp[1171]19/04 11:39:51 Object is  visible in SetPassed...
I        PhysicObj.cpp[0313]19/04 11:39:51 Wheel '' id=21760 passes to another map
I       PhysicBody.cpp[1171]19/04 11:39:51 Object is  visible in SetPassed...
I        PhysicObj.cpp[0313]19/04 11:39:51 Wheel '' id=21745 passes to another map
I       PhysicBody.cpp[1171]19/04 11:39:51 Object is  visible in SetPassed...
I        PhysicObj.cpp[0313]19/04 11:39:51 Wheel '' id=21752 passes to another map
I       PhysicBody.cpp[1171]19/04 11:39:51 Object is  visible in SetPassed...
I        PhysicObj.cpp[0313]19/04 11:39:51 Wheel '' id=21750 passes to another map
I       PhysicBody.cpp[1171]19/04 11:39:51 Object is  visible in SetPassed...
I        PhysicObj.cpp[0313]19/04 11:39:51 Wheel '' id=21751 passes to another map
I       PhysicBody.cpp[1171]19/04 11:39:51 Object is  visible in SetPassed...
I        PhysicObj.cpp[0313]19/04 11:39:51 Wheel '' id=21741 passes to another map
I       PhysicBody.cpp[1171]19/04 11:39:51 Object is  visible in SetPassed...
I        PhysicObj.cpp[0313]19/04 11:39:51 Wheel '' id=21749 passes to another map
I       PhysicBody.cpp[1171]19/04 11:39:51 Object is  visible in SetPassed...
I        PhysicObj.cpp[0313]19/04 11:39:51 Wheel '' id=21748 passes to another map
I       PhysicBody.cpp[1171]19/04 11:39:51 Object is  visible in SetPassed...
I        SplashWnd.cpp[0244]19/04 11:39:51 Start splashing 11
I   TruxxUiManager.cpp[1422]19/04 11:39:51 Game mode changed. Old mode = 0, new mode = 0
I    GameUiManager.cpp[0405]19/04 11:39:51 Interface: is clearing...
I    GameUiManager.cpp[0495]19/04 11:39:51 Interface: is cleared successfully
I           view32.cpp[1048]19/04 11:39:51 -- Loading Level: data\maps\r4m1.ssl --
I            world.cpp[0132]19/04 11:39:51 ----------------------- World Loading
F        landscape.cpp[1674]19/04 11:39:51  +- Enter function: Landscape::Load()
I        landscape.cpp[1911]19/04 11:39:51  |  ----------------------- Normal map loaded in: 31
I        landscape.cpp[1920]19/04 11:39:51  |  ----------------------- Tiles loaded in: 164
I        landscape.cpp[1944]19/04 11:39:52  |  ----------------------- ShoreLine loaded in: 28
F        landscape.cpp[1944]19/04 11:39:52  +- Exit function: Landscape::Load()
I            world.cpp[0169]19/04 11:39:52 ----------------------- Landscape loaded in: 461
I       DataServer.cpp[0587]19/04 11:39:52 Loading Servers: data\maps\r4m1\servers.xml
I serverAnimatedModel.cpp[0630]19/04 11:39:52 ### Total time: 78, GAM time: 15
I       DataServer.cpp[0587]19/04 11:39:52 Loading Servers: data\models\commonservers.xml
E      serverMusic.cpp[0216]19/04 11:39:52 MusicServer: cannot read file: data\music\music.xml id = 'LaBelleTown'
E      serverMusic.cpp[0216]19/04 11:39:52 MusicServer: cannot read file: data\music\music.xml id = 'block6_driving2'
I            world.cpp[0210]19/04 11:39:52 ----------------------- Servers loaded in: 297
I            world.cpp[0338]19/04 11:39:52 LoadWorld begin...
I            world.cpp[0350]19/04 11:39:52 %%%% read/parse xml: 43
I            world.cpp[0362]19/04 11:39:52 %%%% read from xml: 14
I            world.cpp[0444]19/04 11:39:52 %%%% link nodes: 198
I            world.cpp[0220]19/04 11:39:52 ----------------------- Nodes loaded in: 256
I            world.cpp[0228]19/04 11:39:52 ----------------------- Prefabs loaded in: 0
I            world.cpp[0247]19/04 11:39:52 ----------------------- World loaded in: 1118
I            world.cpp[0278]19/04 11:39:53 ----------------------- Roads loaded in: 335
I           view32.cpp[1078]19/04 11:39:53 Load Server begin...
I    GameUiManager.cpp[1603]19/04 11:39:53 Interface: loading resources ...
I   TruxxUiManager.cpp[0974]19/04 11:39:53 Interface: is loaded successfully
I           server.cpp[0789]19/04 11:39:53 AI: Loading Server...
I           server.cpp[0801]19/04 11:39:53 	AI: Loading SoilProps
I           server.cpp[0804]19/04 11:39:53 	AI: Loading ExternalPaths
I           server.cpp[0807]19/04 11:39:53 	AI: Loading PlayerPassMap
I           server.cpp[0820]19/04 11:39:53 	AI: Refreshing GameObjects
E      VehiclePart.cpp[0138]19/04 11:39:53 Error: collision geom in vehicle part name = 'heavy_dot1' is not BOX
I           server.cpp[0824]19/04 11:39:53 	AI: Loading QuestStates
I           server.cpp[0826]19/04 11:39:53 	AI: QuestStates loaded
I           server.cpp[0828]19/04 11:39:53 	AI: Loading DynamicScene
I     DynamicScene.cpp[1470]19/04 11:39:53 		 Scene loading begin
E     DynamicScene.cpp[1589]19/04 11:39:53 Attempting to load object Player1 of prototype player, but an object with this name already exists!
I      PassageData.cpp[0063]19/04 11:39:53 New position is set to passed vehicle: 3116.737 272.381 7487.814
I     DynamicScene.cpp[1472]19/04 11:39:53 		 Scene loading end
I           server.cpp[0837]19/04 11:39:53 	AI: DynamicScene loaded
I           server.cpp[0852]19/04 11:39:53 	AI: Loading Triggers
I           server.cpp[0855]19/04 11:39:53 	AI: Triggers loaded
I           server.cpp[0857]19/04 11:39:53 	AI: Loading Object Names
I           server.cpp[0868]19/04 11:39:53 	AI: Initing Player
I           server.cpp[0888]19/04 11:39:53 		Before first Update
I DynamicQuestManager.cpp[0089]19/04 11:39:53 DynamicQuestReach id = 2494 prototype = 'dynamicQuestReach' created
I DynamicQuestManager.cpp[0090]19/04 11:39:53 targetName = 'TheZuhel', hirerName = 'TheGadad', reward = 10914
E              Gun.cpp[0866]19/04 11:39:53 Error: LoadPoint not found: LP_GUN for TurboAccelerationPusher id = 2501 prototype = 'someTurboAccelerationPusher', modelName = Turboakselerator
E              Gun.cpp[0866]19/04 11:39:53 Error: LoadPoint not found: LP_GUN for TurboAccelerationPusher id = 2502 prototype = 'someTurboAccelerationPusher', modelName = Turboakselerator
E              Gun.cpp[0866]19/04 11:39:53 Error: LoadPoint not found: LP_GUN for Mortar id = 2509 prototype = 'omega01', modelName = omega01
E              Gun.cpp[0866]19/04 11:39:53 Error: LoadPoint not found: LP_GUN for Mortar id = 2510 prototype = 'omega01', modelName = omega01
E              Gun.cpp[0866]19/04 11:39:53 Error: LoadPoint not found: LP_GUN for MinePusher id = 2517 prototype = 'minePusher_1', modelName = minoYkladchiK
E              Gun.cpp[0866]19/04 11:39:53 Error: LoadPoint not found: LP_GUN for MinePusher id = 2518 prototype = 'minePusher_1', modelName = minoYkladchiK
E            Affix.cpp[0075]19/04 11:39:53 Error: attempt to apply affix 'excellent_gun' for property 'Accuracy' of Mortar id = 2500 prototype = 'bumblebee01'
E              Gun.cpp[0866]19/04 11:39:53 Error: LoadPoint not found: LP_GUN for TurboAccelerationPusher id = 2531 prototype = 'someTurboAccelerationPusher', modelName = Turboakselerator
E              Gun.cpp[0866]19/04 11:39:53 Error: LoadPoint not found: LP_GUN for TurboAccelerationPusher id = 2532 prototype = 'someTurboAccelerationPusher', modelName = Turboakselerator
E              Gun.cpp[0866]19/04 11:39:53 Error: LoadPoint not found: LP_GUN for RocketLauncher id = 2538 prototype = 'hunter01L' name = 'BASKET_SIDE_GUN_L', modelName = hunter01L
E              Gun.cpp[0866]19/04 11:39:53 Error: LoadPoint not found: LP_GUN for RocketLauncher id = 2539 prototype = 'hunter01R' name = 'BASKET_SIDE_GUN_R', modelName = hunter01R
E              Gun.cpp[0866]19/04 11:39:53 Error: LoadPoint not found: LP_GUN for RocketLauncher id = 2541 prototype = 'hunter01L' name = 'BASKET_SIDE_GUN_L', modelName = hunter01L
E              Gun.cpp[0866]19/04 11:39:53 Error: LoadPoint not found: LP_GUN for RocketLauncher id = 2542 prototype = 'hunter01R' name = 'BASKET_SIDE_GUN_R', modelName = hunter01R
E            Affix.cpp[0075]19/04 11:39:53 Error: attempt to apply affix 'with_laser_sight_gun' for property 'Accuracy' of PlasmaBunchLauncher id = 2548 prototype = 'elephant01'
E              Gun.cpp[0866]19/04 11:39:53 Error: LoadPoint not found: LP_GUN for RocketLauncher id = 2552 prototype = 'hunter01L' name = 'BASKET_SIDE_GUN_L', modelName = hunter01L
E              Gun.cpp[0866]19/04 11:39:53 Error: LoadPoint not found: LP_GUN for RocketLauncher id = 2553 prototype = 'hunter01R' name = 'BASKET_SIDE_GUN_R', modelName = hunter01R
E              Gun.cpp[0866]19/04 11:39:53 Error: LoadPoint not found: LP_GUN for RocketLauncher id = 2555 prototype = 'hunter01L' name = 'BASKET_SIDE_GUN_L', modelName = hunter01L
E              Gun.cpp[0866]19/04 11:39:53 Error: LoadPoint not found: LP_GUN for RocketLauncher id = 2556 prototype = 'hunter01R' name = 'BASKET_SIDE_GUN_R', modelName = hunter01R
E              Gun.cpp[0866]19/04 11:39:53 Error: LoadPoint not found: LP_GUN for RocketLauncher id = 2566 prototype = 'hunter01L' name = 'BASKET_SIDE_GUN_L', modelName = hunter01L
E              Gun.cpp[0866]19/04 11:39:53 Error: LoadPoint not found: LP_GUN for RocketLauncher id = 2567 prototype = 'hunter01R' name = 'BASKET_SIDE_GUN_R', modelName = hunter01R
E              Gun.cpp[0866]19/04 11:39:53 Error: LoadPoint not found: LP_GUN for RocketLauncher id = 2569 prototype = 'hunter01L' name = 'BASKET_SIDE_GUN_L', modelName = hunter01L
E              Gun.cpp[0866]19/04 11:39:53 Error: LoadPoint not found: LP_GUN for RocketLauncher id = 2570 prototype = 'hunter01R' name = 'BASKET_SIDE_GUN_R', modelName = hunter01R
E              Gun.cpp[0866]19/04 11:39:53 Error: LoadPoint not found: LP_GUN for LocationPusher id = 2575 prototype = 'nailsPusher', modelName = meXaNizm
E              Gun.cpp[0866]19/04 11:39:53 Error: LoadPoint not found: LP_GUN for LocationPusher id = 2576 prototype = 'nailsPusher', modelName = meXaNizm
E              Gun.cpp[0866]19/04 11:39:53 Error: LoadPoint not found: LP_GUN for TurboAccelerationPusher id = 2581 prototype = 'someTurboAccelerationPusher', modelName = Turboakselerator
E              Gun.cpp[0866]19/04 11:39:53 Error: LoadPoint not found: LP_GUN for TurboAccelerationPusher id = 2582 prototype = 'someTurboAccelerationPusher', modelName = Turboakselerator
E            Affix.cpp[0075]19/04 11:39:53 Error: attempt to apply affix 'excellent_gun' for property 'Accuracy' of PlasmaBunchLauncher id = 2564 prototype = 'elephant01'
I DynamicQuestManager.cpp[0089]19/04 11:39:53 DynamicQuestDestroy id = 2589 prototype = 'dynamicQuestDestroy' created
I DynamicQuestManager.cpp[0090]19/04 11:39:53 targetName = 'urod7', hirerName = 'r4_AlihamVil', reward = 623
I DynamicQuestManager.cpp[0089]19/04 11:39:53 DynamicQuestDestroy id = 2590 prototype = 'dynamicQuestDestroy' created
I DynamicQuestManager.cpp[0090]19/04 11:39:53 targetName = 'urod8', hirerName = 'TheOilCity', reward = 623
I DynamicQuestManager.cpp[0089]19/04 11:39:53 DynamicQuestDestroy id = 2591 prototype = 'dynamicQuestDestroy' created
I DynamicQuestManager.cpp[0090]19/04 11:39:53 targetName = 'urod4', hirerName = 'TheZuhel', reward = 12040
I DynamicQuestManager.cpp[0089]19/04 11:39:53 DynamicQuestReach id = 2592 prototype = 'dynamicQuestReach' created
I DynamicQuestManager.cpp[0090]19/04 11:39:53 targetName = 'TheKef', hirerName = 'PetrolStationTown1', reward = 9757
I DynamicQuestManager.cpp[0089]19/04 11:39:53 DynamicQuestDestroy id = 2593 prototype = 'dynamicQuestDestroy' created
I DynamicQuestManager.cpp[0090]19/04 11:39:53 targetName = 'urod6', hirerName = 'PetrolStationTown2', reward = 12040
I DynamicQuestManager.cpp[0089]19/04 11:39:53 DynamicQuestHunt id = 2594 prototype = 'dynamicQuestHunt' created
I DynamicQuestManager.cpp[0090]19/04 11:39:53 targetName = 'PlayerVehicle_0_1', hirerName = 'PetrolStationTown3', reward = 2362
I DynamicQuestManager.cpp[0089]19/04 11:39:53 DynamicQuestReach id = 2595 prototype = 'dynamicQuestReach' created
I DynamicQuestManager.cpp[0090]19/04 11:39:53 targetName = 'TheGadad', hirerName = 'PetrolStationTown4', reward = 2915
I DynamicQuestManager.cpp[0089]19/04 11:39:53 DynamicQuestHunt id = 2596 prototype = 'dynamicQuestHunt' created
I DynamicQuestManager.cpp[0090]19/04 11:39:53 targetName = 'PlayerVehicle_0_1', hirerName = 'PetrolStationTown5', reward = 2362
I DynamicQuestManager.cpp[0089]19/04 11:39:53 DynamicQuestReach id = 2597 prototype = 'dynamicQuestReach' created
I DynamicQuestManager.cpp[0090]19/04 11:39:53 targetName = 'TheZuhel', hirerName = 'PetrolStationTown6', reward = 11815
I DynamicQuestManager.cpp[0089]19/04 11:39:53 DynamicQuestReach id = 2598 prototype = 'dynamicQuestReach' created
I DynamicQuestManager.cpp[0090]19/04 11:39:53 targetName = 'PetrolStationTown5', hirerName = 'PetrolStationTown7', reward = 10064
I           server.cpp[0909]19/04 11:39:53 		After first Update
I           server.cpp[0911]19/04 11:39:53 AI: Finished Loading Server
I           view32.cpp[1106]19/04 11:39:53 Load server end
I    GameUiManager.cpp[0303]19/04 11:39:53 Interface: is initializing...
I    GameUiManager.cpp[0395]19/04 11:39:53 Interface: is inited successfully
I blockMusicManager.cpp[0199]19/04 11:39:53 BlockMusicManager: resetting
I blockMusicManager.cpp[0185]19/04 11:39:53 BlockMusicManager: start playing new music: blockNum = 10, musicType = 0, name = 'r4_1_driving'
E            Affix.cpp[0075]19/04 11:39:53 Error: attempt to apply affix 'advanced_gun' for property 'Accuracy' of PlasmaBunchLauncher id = 18957 prototype = 'elephant01' name = 'RandomGuns5926'
E            Affix.cpp[0075]19/04 11:39:53 Error: attempt to apply affix 'with_laser_sight_gun' for property 'Accuracy' of PlasmaBunchLauncher id = 18957 prototype = 'elephant01' name = 'RandomGuns5926'
E            Affix.cpp[0075]19/04 11:39:53 Error: attempt to apply affix 'with_laser_sight_gun' for property 'Accuracy' of PlasmaBunchLauncher id = 18951 prototype = 'elephant01' name = 'RandomGuns4317'
E            Affix.cpp[0075]19/04 11:39:53 Error: attempt to apply affix 'advanced_gun' for property 'Accuracy' of PlasmaBunchLauncher id = 18933 prototype = 'maxim01' name = 'RandomGuns4896'
E            Affix.cpp[0075]19/04 11:39:53 Error: attempt to apply affix 'advanced_gun' for property 'Accuracy' of PlasmaBunchLauncher id = 18917 prototype = 'fagot01' name = 'RandomGuns4828'
E            Affix.cpp[0075]19/04 11:39:53 Error: attempt to apply affix 'advanced_gun' for property 'Accuracy' of PlasmaBunchLauncher id = 2599 prototype = 'elephant01' name = 'RandomGuns4969'
E              Gun.cpp[0866]19/04 11:39:53 Error: LoadPoint not found: LP_GUN for Mortar id = 2611 prototype = 'omega01' name = 'RandomGuns7705', modelName = omega01
E            Affix.cpp[0075]19/04 11:39:53 Error: attempt to apply affix 'rusty_gun' for property 'Accuracy' of Mortar id = 2611 prototype = 'omega01' name = 'RandomGuns7705'
E              Gun.cpp[0866]19/04 11:39:53 Error: LoadPoint not found: LP_GUN for Mortar id = 2617 prototype = 'omega01' name = 'RandomGuns7060', modelName = omega01
E            Affix.cpp[0075]19/04 11:39:53 Error: attempt to apply affix 'excellent_gun' for property 'Accuracy' of Mortar id = 2617 prototype = 'omega01' name = 'RandomGuns7060'
E            Affix.cpp[0075]19/04 11:39:53 Error: attempt to apply affix 'advanced_gun' for property 'Accuracy' of PlasmaBunchLauncher id = 2619 prototype = 'fagot01' name = 'RandomGuns9054'
I        FadingMsg.cpp[0199]19/04 11:40:15 Fading message: 'Нажмите гудок (%1m) для въезда в город'
E          Vehicle.cpp[5160]19/04 11:40:16 Error: LoadPoint not found: LP_SSP03L for model 'dozerChassis'
E          Vehicle.cpp[5160]19/04 11:40:16 Error: LoadPoint not found: LP_SSP03L for model 'dozerChassis'
E ComplexPhysicObj.cpp[1428]19/04 11:40:16 Error: LoadPoint not found! Model = 'cruiserCab01', lp = LP_BIG02 for Vehicle id = 2686 prototype = 'Cruiser02'
E ComplexPhysicObj.cpp[1428]19/04 11:40:16 Error: LoadPoint not found! Model = 'cruiserCab01', lp = LP_BIG02 for Vehicle id = 2705 prototype = 'Cruiser02'
E ComplexPhysicObj.cpp[1428]19/04 11:40:16 Error: LoadPoint not found! Model = 'hunterCab01', lp = LP_BIG01 for Vehicle id = 2724 prototype = 'Hunter02'
E ComplexPhysicObj.cpp[1428]19/04 11:40:16 Error: LoadPoint not found! Model = 'hunterCab01', lp = LP_SML01 for Vehicle id = 2724 prototype = 'Hunter02'
E ComplexPhysicObj.cpp[1428]19/04 11:40:16 Error: LoadPoint not found! Model = 'hunterCab01', lp = LP_SML01 for Vehicle id = 2724 prototype = 'Hunter02'
E            Affix.cpp[0075]19/04 11:40:16 Error: attempt to apply affix 'without_sight_gun' for property 'Accuracy' of RocketLauncher id = 2736 prototype = 'hunterLauncher'
E          Vehicle.cpp[5160]19/04 11:40:16 Error: LoadPoint not found: LP_SSP03L for model 'dozerChassis'
E ComplexPhysicObj.cpp[1428]19/04 11:40:16 Error: LoadPoint not found! Model = 'uralCab01', lp = LP_BIG01 for Vehicle id = 2799 prototype = 'Ural01'
E ComplexPhysicObj.cpp[1428]19/04 11:40:16 Error: LoadPoint not found! Model = 'fighterCab01', lp = LP_BIG01 for Vehicle id = 2829 prototype = 'Fighter02'
E ComplexPhysicObj.cpp[1428]19/04 11:40:16 Error: LoadPoint not found! Model = 'fighterCab01', lp = LP_BIG01 for Vehicle id = 2843 prototype = 'Fighter02'
I blockMusicManager.cpp[0185]19/04 11:40:21 BlockMusicManager: start playing new music: blockNum = 10, musicType = 1, name = 'r4_1_alarm'
I WanderersManager.cpp[0641]19/04 11:40:51 Spawning caravan: WanderersManager id = 315 prototype = 'JSinxManager' name = 'KefCaravan' spawns CaravanTeam id = 52044 prototype = 'jsCaravanTeam'
I WanderersManager.cpp[0641]19/04 11:40:51 Spawning caravan: WanderersManager id = 316 prototype = 'JSinxManager' name = 'GadadCaravan' spawns CaravanTeam id = 19232 prototype = 'jsCaravanTeam'
I blockMusicManager.cpp[0185]19/04 11:40:52 BlockMusicManager: start playing new music: blockNum = 10, musicType = 2, name = 'r4_1_battle'
I blockMusicManager.cpp[0199]19/04 11:41:02 BlockMusicManager: resetting
I blockMusicManager.cpp[0185]19/04 11:41:02 BlockMusicManager: start playing new music: blockNum = 11, musicType = 0, name = 'r4_2_driving'
I WanderersManager.cpp[0641]19/04 11:41:23 Spawning caravan: WanderersManager id = 315 prototype = 'JSinxManager' name = 'KefCaravan' spawns CaravanTeam id = 314048 prototype = 'jsCaravanTeam'
I blockMusicManager.cpp[0185]19/04 11:41:27 BlockMusicManager: start playing new music: blockNum = 11, musicType = 1, name = 'r4_2_alarm'
I blockMusicManager.cpp[0185]19/04 11:41:28 BlockMusicManager: start playing new music: blockNum = 11, musicType = 2, name = 'r4_2_battle'
I blockMusicManager.cpp[0185]19/04 11:41:39 BlockMusicManager: start playing new music: blockNum = 11, musicType = 1, name = 'r4_2_alarm'
E ComplexPhysicObj.cpp[1428]19/04 11:41:43 Error: LoadPoint not found! Model = 'cruiserCab01', lp = LP_BIG02 for Vehicle id = 281281 prototype = 'Cruiser02'
E            Affix.cpp[0075]19/04 11:41:43 Error: attempt to apply affix 'excellent_gun' for property 'Accuracy' of RocketLauncher id = 19045 prototype = 'hunterLauncher'
E            Affix.cpp[0075]19/04 11:41:43 Error: attempt to apply affix 'with_laser_sight_gun' for property 'Accuracy' of RocketLauncher id = 19045 prototype = 'hunterLauncher'
E ComplexPhysicObj.cpp[1428]19/04 11:41:43 Error: LoadPoint not found! Model = 'cruiserCab01', lp = LP_BIG02 for Vehicle id = 19042 prototype = 'Cruiser02'
E ComplexPhysicObj.cpp[1428]19/04 11:41:43 Error: LoadPoint not found! Model = 'cruiserCab01', lp = LP_BIG02 for Vehicle id = 19226 prototype = 'Cruiser02'
E            Affix.cpp[0075]19/04 11:41:43 Error: attempt to apply affix 'with_laser_sight_gun' for property 'Accuracy' of RocketLauncher id = 19171 prototype = 'hunterLauncher'
E            Affix.cpp[0075]19/04 11:41:43 Error: attempt to apply affix 'rusty_gun' for property 'Accuracy' of RocketLauncher id = 19171 prototype = 'hunterLauncher'
E            Affix.cpp[0075]19/04 11:41:43 Error: attempt to apply affix 'without_sight_gun' for property 'Accuracy' of RocketLauncher id = 19124 prototype = 'hunterLauncher'
E            Affix.cpp[0075]19/04 11:41:43 Error: attempt to apply affix 'useless_gun' for property 'Accuracy' of RocketLauncher id = 19124 prototype = 'hunterLauncher'
E            Affix.cpp[0075]19/04 11:41:43 Error: attempt to apply affix 'rusty_gun' for property 'Accuracy' of RocketLauncher id = 19124 prototype = 'hunterLauncher'
E            Affix.cpp[0075]19/04 11:41:43 Error: attempt to apply affix 'without_sight_gun' for property 'Accuracy' of RocketLauncher id = 2923 prototype = 'hunterLauncher'
E ComplexPhysicObj.cpp[1428]19/04 11:41:43 Error: LoadPoint not found! Model = 'uralCab01', lp = LP_BIG01 for Vehicle id = 2951 prototype = 'Ural02'
E ComplexPhysicObj.cpp[1428]19/04 11:41:43 Error: LoadPoint not found! Model = 'uralCab01', lp = LP_BIG02 for Vehicle id = 2951 prototype = 'Ural02'
E ComplexPhysicObj.cpp[1428]19/04 11:41:43 Error: LoadPoint not found! Model = 'uralCab01', lp = LP_BIG02 for Vehicle id = 2951 prototype = 'Ural02'
E ComplexPhysicObj.cpp[1428]19/04 11:41:43 Error: LoadPoint not found! Model = 'uralCab01', lp = LP_BIG01 for Vehicle id = 2968 prototype = 'Ural02'
E ComplexPhysicObj.cpp[1428]19/04 11:41:43 Error: LoadPoint not found! Model = 'uralCab01', lp = LP_BIG02 for Vehicle id = 2968 prototype = 'Ural02'
E ComplexPhysicObj.cpp[1428]19/04 11:41:43 Error: LoadPoint not found! Model = 'uralCab01', lp = LP_BIG02 for Vehicle id = 2968 prototype = 'Ural02'
E ComplexPhysicObj.cpp[1428]19/04 11:41:43 Error: LoadPoint not found! Model = 'fighterCab01', lp = LP_BIG01 for Vehicle id = 3011 prototype = 'Fighter02'
E ComplexPhysicObj.cpp[1428]19/04 11:41:43 Error: LoadPoint not found! Model = 'molokovozCab01', lp = LP_SML01 for Vehicle id = 3025 prototype = 'Molokovoz02'
E ComplexPhysicObj.cpp[1428]19/04 11:41:43 Error: LoadPoint not found! Model = 'molokovozCargo01', lp = LP_BIG01 for Vehicle id = 3025 prototype = 'Molokovoz02'
E ComplexPhysicObj.cpp[1428]19/04 11:41:43 Error: LoadPoint not found! Model = 'hunterCab01', lp = LP_BIG01 for Vehicle id = 3039 prototype = 'Hunter02'
E ComplexPhysicObj.cpp[1428]19/04 11:41:43 Error: LoadPoint not found! Model = 'hunterCab01', lp = LP_SML01 for Vehicle id = 3039 prototype = 'Hunter02'
E ComplexPhysicObj.cpp[1428]19/04 11:41:43 Error: LoadPoint not found! Model = 'hunterCab01', lp = LP_SML01 for Vehicle id = 3039 prototype = 'Hunter02'
E            Affix.cpp[0075]19/04 11:41:43 Error: attempt to apply affix 'useless_gun' for property 'Accuracy' of RocketLauncher id = 3051 prototype = 'hunterLauncher'
E ComplexPhysicObj.cpp[1428]19/04 11:41:44 Error: LoadPoint not found! Model = 'molokovozCab01', lp = LP_SML01 for Vehicle id = 3053 prototype = 'Molokovoz02'
E ComplexPhysicObj.cpp[1428]19/04 11:41:44 Error: LoadPoint not found! Model = 'molokovozCargo01', lp = LP_BIG01 for Vehicle id = 3053 prototype = 'Molokovoz02'
E ComplexPhysicObj.cpp[1428]19/04 11:41:44 Error: LoadPoint not found! Model = 'hunterCab01', lp = LP_BIG01 for Vehicle id = 3067 prototype = 'Hunter02'
E ComplexPhysicObj.cpp[1428]19/04 11:41:44 Error: LoadPoint not found! Model = 'hunterCab01', lp = LP_SML01 for Vehicle id = 3067 prototype = 'Hunter02'
E ComplexPhysicObj.cpp[1428]19/04 11:41:44 Error: LoadPoint not found! Model = 'hunterCab01', lp = LP_SML01 for Vehicle id = 3067 prototype = 'Hunter02'
I blockMusicManager.cpp[0199]19/04 11:41:49 BlockMusicManager: resetting
I blockMusicManager.cpp[0185]19/04 11:41:49 BlockMusicManager: start playing new music: blockNum = 10, musicType = 0, name = 'r4_1_driving'
E          Vehicle.cpp[5160]19/04 11:41:50 Error: LoadPoint not found: LP_SSP03L for model 'dozerChassis'
E          Vehicle.cpp[5160]19/04 11:41:50 Error: LoadPoint not found: LP_SSP03L for model 'dozerChassis'
E          Vehicle.cpp[5160]19/04 11:41:50 Error: LoadPoint not found: LP_SSP03L for model 'dozerChassis'
E            Affix.cpp[0075]19/04 11:41:50 Error: attempt to apply affix 'without_sight_gun' for property 'Accuracy' of RocketLauncher id = 19358 prototype = 'hunterLauncher'
E            Affix.cpp[0075]19/04 11:41:50 Error: attempt to apply affix 'useless_gun' for property 'Accuracy' of RocketLauncher id = 19358 prototype = 'hunterLauncher'
E ComplexPhysicObj.cpp[1428]19/04 11:41:50 Error: LoadPoint not found! Model = 'cruiserCab01', lp = LP_BIG02 for Vehicle id = 19349 prototype = 'Cruiser02'
E ComplexPhysicObj.cpp[1428]19/04 11:41:50 Error: LoadPoint not found! Model = 'cruiserCab01', lp = LP_BIG02 for Vehicle id = 19327 prototype = 'Cruiser02'
E            Affix.cpp[0075]19/04 11:41:50 Error: attempt to apply affix 'without_sight_gun' for property 'Accuracy' of RocketLauncher id = 19303 prototype = 'hunterLauncher'
E          Vehicle.cpp[5160]19/04 11:41:50 Error: LoadPoint not found: LP_SSP03L for model 'dozerChassis'
E ComplexPhysicObj.cpp[1428]19/04 11:41:50 Error: LoadPoint not found! Model = 'hunterCab01', lp = LP_BIG01 for Vehicle id = 35429 prototype = 'Hunter02'
E ComplexPhysicObj.cpp[1428]19/04 11:41:50 Error: LoadPoint not found! Model = 'hunterCab01', lp = LP_SML01 for Vehicle id = 35429 prototype = 'Hunter02'
E ComplexPhysicObj.cpp[1428]19/04 11:41:50 Error: LoadPoint not found! Model = 'hunterCab01', lp = LP_SML01 for Vehicle id = 35429 prototype = 'Hunter02'
E ComplexPhysicObj.cpp[1428]19/04 11:41:50 Error: LoadPoint not found! Model = 'uralCab01', lp = LP_BIG01 for Vehicle id = 19385 prototype = 'Ural01'
E ComplexPhysicObj.cpp[1428]19/04 11:41:50 Error: LoadPoint not found! Model = 'uralCab01', lp = LP_BIG01 for Vehicle id = 19334 prototype = 'Ural01'
E ComplexPhysicObj.cpp[1428]19/04 11:41:50 Error: LoadPoint not found! Model = 'uralCab01', lp = LP_BIG01 for Vehicle id = 35494 prototype = 'Ural02'
E ComplexPhysicObj.cpp[1428]19/04 11:41:50 Error: LoadPoint not found! Model = 'uralCab01', lp = LP_BIG02 for Vehicle id = 35494 prototype = 'Ural02'
E ComplexPhysicObj.cpp[1428]19/04 11:41:50 Error: LoadPoint not found! Model = 'uralCab01', lp = LP_BIG02 for Vehicle id = 35494 prototype = 'Ural02'
E ComplexPhysicObj.cpp[1428]19/04 11:41:50 Error: LoadPoint not found! Model = 'uralCab01', lp = LP_BIG01 for Vehicle id = 51847 prototype = 'Ural02'
E ComplexPhysicObj.cpp[1428]19/04 11:41:50 Error: LoadPoint not found! Model = 'uralCab01', lp = LP_BIG02 for Vehicle id = 51847 prototype = 'Ural02'
E ComplexPhysicObj.cpp[1428]19/04 11:41:50 Error: LoadPoint not found! Model = 'uralCab01', lp = LP_BIG02 for Vehicle id = 51847 prototype = 'Ural02'
E ComplexPhysicObj.cpp[1428]19/04 11:41:51 Error: LoadPoint not found! Model = 'uralCab01', lp = LP_BIG01 for Vehicle id = 3110 prototype = 'Ural02'
E ComplexPhysicObj.cpp[1428]19/04 11:41:51 Error: LoadPoint not found! Model = 'uralCab01', lp = LP_BIG02 for Vehicle id = 3110 prototype = 'Ural02'
E ComplexPhysicObj.cpp[1428]19/04 11:41:51 Error: LoadPoint not found! Model = 'uralCab01', lp = LP_BIG02 for Vehicle id = 3110 prototype = 'Ural02'
E ComplexPhysicObj.cpp[1428]19/04 11:41:51 Error: LoadPoint not found! Model = 'fighterCab01', lp = LP_BIG01 for Vehicle id = 3127 prototype = 'Fighter02'
E ComplexPhysicObj.cpp[1428]19/04 11:41:51 Error: LoadPoint not found! Model = 'molokovozCab01', lp = LP_SML01 for Vehicle id = 3141 prototype = 'Molokovoz02'
E ComplexPhysicObj.cpp[1428]19/04 11:41:51 Error: LoadPoint not found! Model = 'molokovozCargo01', lp = LP_BIG01 for Vehicle id = 3141 prototype = 'Molokovoz02'
E ComplexPhysicObj.cpp[1428]19/04 11:41:51 Error: LoadPoint not found! Model = 'molokovozCab01', lp = LP_SML01 for Vehicle id = 3155 prototype = 'Molokovoz02'
E ComplexPhysicObj.cpp[1428]19/04 11:41:51 Error: LoadPoint not found! Model = 'molokovozCargo01', lp = LP_BIG01 for Vehicle id = 3155 prototype = 'Molokovoz02'
E ComplexPhysicObj.cpp[1428]19/04 11:41:51 Error: LoadPoint not found! Model = 'hunterCab01', lp = LP_BIG01 for Vehicle id = 3169 prototype = 'Hunter02'
E ComplexPhysicObj.cpp[1428]19/04 11:41:51 Error: LoadPoint not found! Model = 'hunterCab01', lp = LP_SML01 for Vehicle id = 3169 prototype = 'Hunter02'
E ComplexPhysicObj.cpp[1428]19/04 11:41:51 Error: LoadPoint not found! Model = 'hunterCab01', lp = LP_SML01 for Vehicle id = 3169 prototype = 'Hunter02'
E            Affix.cpp[0075]19/04 11:41:51 Error: attempt to apply affix 'without_sight_gun' for property 'Accuracy' of RocketLauncher id = 3181 prototype = 'hunterLauncher'
E            Affix.cpp[0075]19/04 11:41:51 Error: attempt to apply affix 'useless_gun' for property 'Accuracy' of RocketLauncher id = 3181 prototype = 'hunterLauncher'
E            Affix.cpp[0075]19/04 11:41:51 Error: attempt to apply affix 'rusty_gun' for property 'Accuracy' of RocketLauncher id = 3181 prototype = 'hunterLauncher'
E ComplexPhysicObj.cpp[1428]19/04 11:41:51 Error: LoadPoint not found! Model = 'hunterCab01', lp = LP_BIG01 for Vehicle id = 3183 prototype = 'Hunter02'
E ComplexPhysicObj.cpp[1428]19/04 11:41:51 Error: LoadPoint not found! Model = 'hunterCab01', lp = LP_SML01 for Vehicle id = 3183 prototype = 'Hunter02'
E ComplexPhysicObj.cpp[1428]19/04 11:41:51 Error: LoadPoint not found! Model = 'hunterCab01', lp = LP_SML01 for Vehicle id = 3183 prototype = 'Hunter02'
I blockMusicManager.cpp[0185]19/04 11:41:55 BlockMusicManager: start playing new music: blockNum = 10, musicType = 1, name = 'r4_1_alarm'
I blockMusicManager.cpp[0199]19/04 11:42:07 BlockMusicManager: resetting
I blockMusicManager.cpp[0185]19/04 11:42:07 BlockMusicManager: start playing new music: blockNum = 11, musicType = 0, name = 'r4_2_driving'
I blockMusicManager.cpp[0185]19/04 11:42:07 BlockMusicManager: start playing new music: blockNum = 11, musicType = 2, name = 'r4_2_battle'
I blockMusicManager.cpp[0199]19/04 11:42:15 BlockMusicManager: resetting
I blockMusicManager.cpp[0185]19/04 11:42:15 BlockMusicManager: start playing new music: blockNum = 10, musicType = 0, name = 'r4_1_driving'
I        SplashWnd.cpp[0244]19/04 11:45:11 Start splashing 11
I   TruxxUiManager.cpp[1422]19/04 11:45:11 Game mode changed. Old mode = 0, new mode = 0
I    GameUiManager.cpp[0405]19/04 11:45:11 Interface: is clearing...
I    GameUiManager.cpp[0495]19/04 11:45:11 Interface: is cleared successfully
I           view32.cpp[1048]19/04 11:45:11 -- Loading Level: data\maps\r4m2.ssl --
I            world.cpp[0132]19/04 11:45:11 ----------------------- World Loading
F        landscape.cpp[1674]19/04 11:45:11  +- Enter function: Landscape::Load()
I        landscape.cpp[1911]19/04 11:45:11  |  ----------------------- Normal map loaded in: 17
I        landscape.cpp[1920]19/04 11:45:11  |  ----------------------- Tiles loaded in: 61
I        landscape.cpp[1944]19/04 11:45:11  |  ----------------------- ShoreLine loaded in: 0
F        landscape.cpp[1944]19/04 11:45:11  +- Exit function: Landscape::Load()
I            world.cpp[0169]19/04 11:45:11 ----------------------- Landscape loaded in: 140
I       DataServer.cpp[0587]19/04 11:45:11 Loading Servers: data\maps\r4m2\servers.xml
I serverAnimatedModel.cpp[0630]19/04 11:45:11 ### Total time: 375, GAM time: 281
I       DataServer.cpp[0587]19/04 11:45:11 Loading Servers: data\models\commonservers.xml
E      serverMusic.cpp[0216]19/04 11:45:11 MusicServer: cannot read file: data\music\music.xml id = 'LaBelleTown'
E      serverMusic.cpp[0216]19/04 11:45:11 MusicServer: cannot read file: data\music\music.xml id = 'block6_driving2'
I            world.cpp[0210]19/04 11:45:12 ----------------------- Servers loaded in: 524
I            world.cpp[0338]19/04 11:45:12 LoadWorld begin...
I            world.cpp[0350]19/04 11:45:12 %%%% read/parse xml: 21
I            world.cpp[0362]19/04 11:45:12 %%%% read from xml: 4
I            world.cpp[0444]19/04 11:45:12 %%%% link nodes: 53
I            world.cpp[0220]19/04 11:45:12 ----------------------- Nodes loaded in: 81
I            world.cpp[0228]19/04 11:45:12 ----------------------- Prefabs loaded in: 0
I            world.cpp[0247]19/04 11:45:12 ----------------------- World loaded in: 916
I            world.cpp[0278]19/04 11:45:12 ----------------------- Roads loaded in: 64
I           view32.cpp[1078]19/04 11:45:12 Load Server begin...
I    GameUiManager.cpp[1603]19/04 11:45:12 Interface: loading resources ...
I   TruxxUiManager.cpp[0974]19/04 11:45:12 Interface: is loaded successfully
I           server.cpp[0789]19/04 11:45:12 AI: Loading Server...
I           server.cpp[0796]19/04 11:45:12 	AI: Loading Relationship
I     Relationship.cpp[0134]19/04 11:45:12 		 File readed
I           server.cpp[0801]19/04 11:45:12 	AI: Loading SoilProps
I           server.cpp[0804]19/04 11:45:12 	AI: Loading ExternalPaths
I           server.cpp[0807]19/04 11:45:12 	AI: Loading PlayerPassMap
I           server.cpp[0813]19/04 11:45:12 	AI: Loading GameObjects
I           server.cpp[0816]19/04 11:45:12 	AI: Initializing VehicleGeneratorInfoCache
I           server.cpp[0820]19/04 11:45:12 	AI: Refreshing GameObjects
E      VehiclePart.cpp[0138]19/04 11:45:12 Error: collision geom in vehicle part name = 'heavy_dot1' is not BOX
I           server.cpp[0824]19/04 11:45:12 	AI: Loading QuestStates
I       QuestState.cpp[0904]19/04 11:45:12 Quest 'Human1_Quest1' can be given now
I       QuestState.cpp[0904]19/04 11:45:12 Quest 'Human1_Quest2' can be given now
I       QuestState.cpp[0904]19/04 11:45:12 Quest 'BenGoodEnd' can be given now
I       QuestState.cpp[0904]19/04 11:45:12 Quest 'q_PlaceWithSign' can be given now
I       QuestState.cpp[0904]19/04 11:45:12 Quest 'r3m2_OracleMemory' can be given now
I       QuestState.cpp[0904]19/04 11:45:12 Quest 'r3m2_TalkWithLisa' can be given now
I       QuestState.cpp[0904]19/04 11:45:12 Quest 'r3m2_TalkWithBenAboutCarAfterOracul' can be given now
I       QuestState.cpp[0904]19/04 11:45:12 Quest 'r3m2_FindInfoAboutFather' can be given now
I       QuestState.cpp[0904]19/04 11:45:12 Quest 'r3m1_LureMainDriud' can be given now
I       QuestState.cpp[0904]19/04 11:45:12 Quest 'r3m1_ClearSanctuary' can be given now
I       QuestState.cpp[0904]19/04 11:45:12 Quest 'r3m1_KnowAboutUluk' can be given now
I       QuestState.cpp[0904]19/04 11:45:12 Quest 'r3m1_RescueUlukCivil' can be given now
I       QuestState.cpp[0904]19/04 11:45:12 Quest 'q_VisitDruid' can be given now
I       QuestState.cpp[0904]19/04 11:45:12 Quest 'r2m2_Znaki2_Quest' can be given now
I       QuestState.cpp[0904]19/04 11:45:12 Quest 'r2m2_HeadsHunterQuest' can be given now
I       QuestState.cpp[0904]19/04 11:45:12 Quest 'r2m2_OldDvigatel1_Quest' can be given now
I       QuestState.cpp[0904]19/04 11:45:12 Quest 'r2m2_OldDvigatel2_Quest' can be given now
I       QuestState.cpp[0904]19/04 11:45:12 Quest 'r2m2_FightFelix' can be given now
I       QuestState.cpp[0904]19/04 11:45:12 Quest 'r2m2_ReturnToMarecciaFromCastle' can be given now
I       QuestState.cpp[0904]19/04 11:45:12 Quest 'r2m2_FightWithAxelInArena_Quest' can be given now
I       QuestState.cpp[0904]19/04 11:45:12 Quest 'r2m2_FindLisAfterAxelAndFatherDie_Quest' can be given now
I       QuestState.cpp[0904]19/04 11:45:12 Quest 'r2m2_ToLisaToMonastir' can be given now
I       QuestState.cpp[0904]19/04 11:45:12 Quest 'r2m2_FightLisaToMonastir' can be given now
I       QuestState.cpp[0904]19/04 11:45:12 Quest 'r2m2_GiveDisk2ToOrakul' can be given now
I       QuestState.cpp[0904]19/04 11:45:12 Quest 'MrShlyapa3_Quest' can be given now
I       QuestState.cpp[0904]19/04 11:45:12 Quest 'r2m1_ArtAntipod_Quest' can be given now
I       QuestState.cpp[0904]19/04 11:45:12 Quest 'r2m1_TakeNarcotics_Quest' can be given now
I       QuestState.cpp[0904]19/04 11:45:12 Quest 'r2m1_KillGodFather_Quest' can be given now
I       QuestState.cpp[0904]19/04 11:45:12 Quest 'MrShlyapaSecret' can be given now
I       QuestState.cpp[0904]19/04 11:45:12 Quest 'd_GetSupportOneOfTheBands2_Quest' can be given now
I       QuestState.cpp[0904]19/04 11:45:12 Quest 'd_GetSupportOneOfTheBands1_Quest' can be given now
I       QuestState.cpp[0904]19/04 11:45:12 Quest 'd_FindVerbInAR_Quest' can be given now
I       QuestState.cpp[0904]19/04 11:45:12 Quest 'd_FindVerbInSNG_Quest' can be given now
I       QuestState.cpp[0904]19/04 11:45:12 Quest 'd_PatrulSideSNG_Quest' can be given now
I       QuestState.cpp[0904]19/04 11:45:12 Quest 'd_TakeGeneralOfBandits_Quest' can be given now
I       QuestState.cpp[0904]19/04 11:45:12 Quest 'r2m1_TW_AlienInShip' can be given now
I       QuestState.cpp[0904]19/04 11:45:12 Quest 'Podderzhka_Quest' can be given now
I       QuestState.cpp[0904]19/04 11:45:12 Quest 'Zashita_Quest' can be given now
I       QuestState.cpp[0904]19/04 11:45:12 Quest 'preEretik_Quest' can be given now
I       QuestState.cpp[0904]19/04 11:45:12 Quest 'ReturnQuest' can be given now
I       QuestState.cpp[0904]19/04 11:45:12 Quest 'd_FindVerbInAM_Quest' can be given now
I       QuestState.cpp[0904]19/04 11:45:12 Quest 'OdettIsDead_Quest' can be given now
I       QuestState.cpp[0904]19/04 11:45:12 Quest 'Disk2OrakulLisa' can be given now
I       QuestState.cpp[0904]19/04 11:45:12 Quest 'FindGomerB_Quest1' can be given now
I       QuestState.cpp[0904]19/04 11:45:12 Quest 'FreeExtremistLeader_Quest1' can be given now
I       QuestState.cpp[0904]19/04 11:45:12 Quest 'KillExtremist_Quest1' can be given now
I       QuestState.cpp[0904]19/04 11:45:12 Quest 'r1m4_TalkWithOldTraderAboutSecondDisk' can be given now
I       QuestState.cpp[0904]19/04 11:45:12 Quest 'q_FindHusbent' can be given now
I       QuestState.cpp[0904]19/04 11:45:12 Quest 'RybakToOlm_Quest' can be given now
I       QuestState.cpp[0904]19/04 11:45:12 Quest 'AnanagaTech_Quest' can be given now
I       QuestState.cpp[0904]19/04 11:45:12 Quest 'MrShlyapa2_Quest' can be given now
I       QuestState.cpp[0904]19/04 11:45:12 Quest 'ToCordanToTikhomir_Quest' can be given now
I       QuestState.cpp[0904]19/04 11:45:12 Quest 'r1m3_BonnyAndKlideQuest' can be given now
I       QuestState.cpp[0904]19/04 11:45:12 Quest 'r1m3_ArchHelp' can be given now
I       QuestState.cpp[0904]19/04 11:45:12 Quest 'r1m3_CrazyManQuest' can be given now
I       QuestState.cpp[0904]19/04 11:45:12 Quest 'r1m3_OldTownOutsiderCar2_Quest' can be given now
I       QuestState.cpp[0904]19/04 11:45:12 Quest 'FightForPesht' can be given now
I       QuestState.cpp[0904]19/04 11:45:12 Quest 'd_RideAcrossBase_Quest' can be given now
I       QuestState.cpp[0904]19/04 11:45:12 Quest 'd_GiveMoneyToBase_Quest' can be given now
I       QuestState.cpp[0904]19/04 11:45:12 Quest 'd_GetBomb_Quest' can be given now
I       QuestState.cpp[0904]19/04 11:45:12 Quest 'd_IntrigaOfMerMinin_Quest' can be given now
I       QuestState.cpp[0904]19/04 11:45:12 Quest 'd_MoveFreelancersToOilMine_Quest' can be given now
I       QuestState.cpp[0904]19/04 11:45:12 Quest 'd_MoveCanistraToMinin_Quest' can be given now
I       QuestState.cpp[0904]19/04 11:45:12 Quest 'd_OpenTunel_Quest' can be given now
I       QuestState.cpp[0904]19/04 11:45:12 Quest 'r1m3_TalkWithThiefFromFatherHouse' can be given now
I       QuestState.cpp[0904]19/04 11:45:12 Quest 'r1m3_MoveToOraculAfterThief' can be given now
I       QuestState.cpp[0904]19/04 11:45:12 Quest 'r1m3_ToLisaToAsgard' can be given now
I       QuestState.cpp[0904]19/04 11:45:12 Quest 'r1m3_TW_OralceAboutAlien' can be given now
I       QuestState.cpp[0904]19/04 11:45:12 Quest 'r1m3_DestroyRadiationSource' can be given now
I       QuestState.cpp[0904]19/04 11:45:12 Quest 'r2m1_DestroyAlienShip' can be given now
I       QuestState.cpp[0904]19/04 11:45:12 Quest 'd_PayWorkersMoney_Quest' can be given now
I       QuestState.cpp[0904]19/04 11:45:12 Quest 'r2m1_TW_SellsCivilian' can be given now
I       QuestState.cpp[0904]19/04 11:45:12 Quest 'MorskieVrata2_Quest' can be given now
I       QuestState.cpp[0904]19/04 11:45:12 Quest 'Zachisti1_Quest' can be given now
I       QuestState.cpp[0904]19/04 11:45:12 Quest 'LisaVPeshte' can be given now
I       QuestState.cpp[0904]19/04 11:45:12 Quest 'LisaUBena' can be given now
I       QuestState.cpp[0904]19/04 11:45:12 Quest 'WhereSigns_Quest' can be given now
I       QuestState.cpp[0904]19/04 11:45:12 Quest 'CombatInKollizey_Quest' can be given now
I       QuestState.cpp[0904]19/04 11:45:12 Quest 'BuyKollizey_Quest' can be given now
I       QuestState.cpp[0904]19/04 11:45:12 Quest 'Kollizey_Quest' can be given now
I       QuestState.cpp[0904]19/04 11:45:12 Quest 'HelpRuins_Quest' can be given now
I       QuestState.cpp[0904]19/04 11:45:12 Quest 'DestroyRuins_Quest' can be given now
I       QuestState.cpp[0904]19/04 11:45:12 Quest 'DestroyRuins2_Quest' can be given now
I       QuestState.cpp[0904]19/04 11:45:12 Quest 'Signs_Quest' can be given now
I       QuestState.cpp[0904]19/04 11:45:12 Quest 'MrShlyapa1_Quest' can be given now
I       QuestState.cpp[0904]19/04 11:45:12 Quest 'FindBen2_Quest' can be given now
I       QuestState.cpp[0904]19/04 11:45:12 Quest 'd_FindHouseOfBen_Quest' can be given now
I       QuestState.cpp[0904]19/04 11:45:12 Quest 'r1m2_TW_BanAboutAlien' can be given now
I       QuestState.cpp[0904]19/04 11:45:12 Quest 'r1m3_DestroyOracle' can be given now
I       QuestState.cpp[0904]19/04 11:45:12 Quest 'Pomiritsa_Quest' can be given now
I       QuestState.cpp[0904]19/04 11:45:12 Quest 'VYar_Quest' can be given now
I       QuestState.cpp[0904]19/04 11:45:12 Quest 'FindBenMZ_Quest' can be given now
I       QuestState.cpp[0904]19/04 11:45:12 Quest 'QuickFindBen' can be given now
I       QuestState.cpp[0904]19/04 11:45:12 Quest 'OpenMid_Quest' can be given now
I       QuestState.cpp[0904]19/04 11:45:12 Quest 'TalkBeforeDesert' can be given now
I       QuestState.cpp[0904]19/04 11:45:12 Quest 'ZashitaGotova' can be given now
I       QuestState.cpp[0904]19/04 11:45:12 Quest 'FakeQuest1' can be given now
I       QuestState.cpp[0904]19/04 11:45:12 Quest 'Chehly_Quest' can be given now
I       QuestState.cpp[0904]19/04 11:45:12 Quest 'WorkGiver_Quest1' can be given now
I       QuestState.cpp[0904]19/04 11:45:12 Quest 'd_PunishBandits_Quest' can be given now
I       QuestState.cpp[0904]19/04 11:45:12 Quest 'r1m1_Hospital_Quest' can be given now
I       QuestState.cpp[0904]19/04 11:45:12 Quest 'r1m1_Botanik_Quest' can be given now
I       QuestState.cpp[0904]19/04 11:45:12 Quest 'r1m1_FindBotanik_Quest' can be given now
I       QuestState.cpp[0904]19/04 11:45:12 Quest 'Buyer_Quest1' can be given now
I       QuestState.cpp[0904]19/04 11:45:12 Quest 'FirstTimePlay' can be given now
I       QuestState.cpp[0904]19/04 11:45:12 Quest 'TalkWithFather_Quest' can be given now
I       QuestState.cpp[0904]19/04 11:45:12 Quest 'LisaAtSouth' can be given now
I       QuestState.cpp[0904]19/04 11:45:12 Quest 'FindBen_Quest' can be given now
I       QuestState.cpp[0904]19/04 11:45:12 Quest 'FindBenAgain_Quest' can be given now
I       QuestState.cpp[0904]19/04 11:45:12 Quest 'd_SinFather_Quest' can be given now
I       QuestState.cpp[0904]19/04 11:45:12 Quest 'TalkToVasily' can be given now
I       QuestState.cpp[0904]19/04 11:45:12 Quest 'CheckTheEast' can be given now
I       QuestState.cpp[0904]19/04 11:45:12 Quest 'BenSouth_Quest' can be given now
I           server.cpp[0826]19/04 11:45:12 	AI: QuestStates loaded
I           server.cpp[0828]19/04 11:45:12 	AI: Loading DynamicScene
I     DynamicScene.cpp[1470]19/04 11:45:12 		 Scene loading begin
I     DynamicScene.cpp[1472]19/04 11:45:15 		 Scene loading end
I           server.cpp[0837]19/04 11:45:15 	AI: DynamicScene loaded
I           server.cpp[0852]19/04 11:45:15 	AI: Loading Triggers
I           server.cpp[0855]19/04 11:45:15 	AI: Triggers loaded
I           server.cpp[0857]19/04 11:45:15 	AI: Loading Object Names
I           server.cpp[0868]19/04 11:45:15 	AI: Initing Player
I           server.cpp[0888]19/04 11:45:15 		Before first Update
I DynamicQuestManager.cpp[0089]19/04 11:45:15 DynamicQuestReach id = 610 prototype = 'dynamicQuestReach' created
I DynamicQuestManager.cpp[0090]19/04 11:45:15 targetName = 'PetrolStationTown61', hirerName = 'ScientiferVillage', reward = 250
E              Gun.cpp[0866]19/04 11:45:15 Error: LoadPoint not found: LP_GUN for LocationPusher id = 619 prototype = 'Smoke', modelName = Dimzavesa
E              Gun.cpp[0866]19/04 11:45:15 Error: LoadPoint not found: LP_GUN for LocationPusher id = 620 prototype = 'Smoke', modelName = Dimzavesa
I DynamicQuestManager.cpp[0089]19/04 11:45:15 DynamicQuestReach id = 635 prototype = 'dynamicQuestReach' created
I DynamicQuestManager.cpp[0090]19/04 11:45:15 targetName = 'ScientiferVillage', hirerName = 'PetrolStationTown61', reward = 250
I           server.cpp[0909]19/04 11:45:15 		After first Update
I           server.cpp[0911]19/04 11:45:15 AI: Finished Loading Server
I           view32.cpp[1106]19/04 11:45:15 Load server end
I        QuestInfo.cpp[0847]19/04 11:45:15 Quest infos were loaded successfully from file data\if\diz\QuestInfoGlobal.xml
I        QuestInfo.cpp[0783]19/04 11:45:15 QuestInfo manager was inited successfully
I    GameUiManager.cpp[0303]19/04 11:45:15 Interface: is initializing...
I    GameUiManager.cpp[0395]19/04 11:45:15 Interface: is inited successfully
I blockMusicManager.cpp[0199]19/04 11:45:15 BlockMusicManager: resetting
I blockMusicManager.cpp[0185]19/04 11:45:15 BlockMusicManager: start playing new music: blockNum = 10, musicType = 0, name = 'r4_1_driving'
I       console_string[0236]19/04 11:46:24 ---------------------- CHEAT WAS USED --------- ANTICHEAT -----------------
I        FadingMsg.cpp[0199]19/04 11:46:24 Fading message: '@FFFF1493Обнаружено использование чит-кодов. Система достижений @FFFF0000ЗАБЛОКИРОВАНА. @FFFF1493В техподдержке @FFFF0000ОТКАЗАНО.'
I        FadingMsg.cpp[0199]19/04 11:46:24 Fading message: '@FFFF1493Обнаружено использование чит-кодов. Система достижений @FFFF0000ЗАБЛОКИРОВАНА. @FFFF1493В техподдержке @FFFF0000ОТКАЗАНО.'
E            Affix.cpp[0075]19/04 11:46:25 Error: attempt to apply affix 'rusty_gun' for property 'Accuracy' of PlasmaBunchLauncher id = 657 prototype = 'odin01'
E          Vehicle.cpp[5160]19/04 11:46:25 Error: LoadPoint not found: LP_SSP03L for model 'dozerChassis'
E          Vehicle.cpp[5160]19/04 11:46:25 Error: LoadPoint not found: LP_SSP03L for model 'dozerChassis'
E ComplexPhysicObj.cpp[1428]19/04 11:46:25 Error: LoadPoint not found! Model = 'hunterCab02', lp = LP_GIANT01 for Vehicle id = 801 prototype = 'Hunter01'
E            Affix.cpp[0075]19/04 11:46:25 Error: attempt to apply affix 'useless_gun' for property 'Accuracy' of PlasmaBunchLauncher id = 851 prototype = 'elephant01'
E            Affix.cpp[0075]19/04 11:46:25 Error: attempt to apply affix 'rusty_gun' for property 'Accuracy' of PlasmaBunchLauncher id = 851 prototype = 'elephant01'
E ComplexPhysicObj.cpp[1428]19/04 11:46:25 Error: LoadPoint not found! Model = 'uralCab02', lp = LP_BIG02 for Vehicle id = 860 prototype = 'Ural02'
E            Affix.cpp[0075]19/04 11:46:25 Error: attempt to apply affix 'without_sight_gun' for property 'Accuracy' of PlasmaBunchLauncher id = 910 prototype = 'fagot01'
E            Affix.cpp[0075]19/04 11:46:25 Error: attempt to apply affix 'rusty_gun' for property 'Accuracy' of PlasmaBunchLauncher id = 910 prototype = 'fagot01'
E            Affix.cpp[0075]19/04 11:46:25 Error: attempt to apply affix 'without_sight_gun' for property 'Accuracy' of Mortar id = 911 prototype = 'bumblebee01'
E            Affix.cpp[0075]19/04 11:46:25 Error: attempt to apply affix 'rusty_gun' for property 'Accuracy' of Mortar id = 911 prototype = 'bumblebee01'
E            Affix.cpp[0075]19/04 11:46:25 Error: attempt to apply affix 'useless_gun' for property 'Accuracy' of Mortar id = 911 prototype = 'bumblebee01'
E ComplexPhysicObj.cpp[1428]19/04 11:46:26 Error: LoadPoint not found! Model = 'belazCab05', lp = LP_SML01 for Vehicle id = 1013 prototype = 'Belaz01'
E            Affix.cpp[0075]19/04 11:46:26 Error: attempt to apply affix 'without_sight_gun' for property 'Accuracy' of RocketLauncher id = 1027 prototype = 'hunterLauncher'
E            Affix.cpp[0075]19/04 11:46:26 Error: attempt to apply affix 'rusty_gun' for property 'Accuracy' of RocketLauncher id = 1027 prototype = 'hunterLauncher'
I blockMusicManager.cpp[0185]19/04 11:46:27 BlockMusicManager: start playing new music: blockNum = 10, musicType = 2, name = 'r4_1_battle'
I        FadingMsg.cpp[0199]19/04 11:46:37 Fading message: 'Вы не можете въехать в этот город, так как он вражеский'
I           m3dapp.cpp[1350]19/04 11:47:31 input: CInput_di8::GetLastKbdEvent() error - cannot translate key wit scan code 731
I           m3dapp.cpp[1350]19/04 11:47:31 input: CInput_di8::GetLastKbdEvent() error - cannot translate key wit scan code 219
I           m3dapp.cpp[1336]19/04 11:48:18 d3d: Device reset ok
I           m3dapp.cpp[1336]19/04 11:48:38 d3d: Device reset ok
I           m3dapp.cpp[1336]19/04 11:49:01 d3d: Device reset ok
I        SplashWnd.cpp[0244]19/04 11:49:30 Start splashing 11
I   TruxxUiManager.cpp[1422]19/04 11:49:30 Game mode changed. Old mode = 0, new mode = 0
I    GameUiManager.cpp[0405]19/04 11:49:30 Interface: is clearing...
I    GameUiManager.cpp[0495]19/04 11:49:30 Interface: is cleared successfully
I           view32.cpp[1048]19/04 11:49:30 -- Loading Level: data\maps\r4m2.ssl --
I            world.cpp[0132]19/04 11:49:30 ----------------------- World Loading
F        landscape.cpp[1674]19/04 11:49:30  +- Enter function: Landscape::Load()
I        landscape.cpp[1911]19/04 11:49:30  |  ----------------------- Normal map loaded in: 2
I        landscape.cpp[1920]19/04 11:49:30  |  ----------------------- Tiles loaded in: 19
I        landscape.cpp[1944]19/04 11:49:30  |  ----------------------- ShoreLine loaded in: 0
F        landscape.cpp[1944]19/04 11:49:30  +- Exit function: Landscape::Load()
I            world.cpp[0169]19/04 11:49:30 ----------------------- Landscape loaded in: 60
I       DataServer.cpp[0587]19/04 11:49:30 Loading Servers: data\maps\r4m2\servers.xml
I       DataServer.cpp[0587]19/04 11:49:30 Loading Servers: data\models\commonservers.xml
E      serverMusic.cpp[0216]19/04 11:49:31 MusicServer: cannot read file: data\music\music.xml id = 'LaBelleTown'
E      serverMusic.cpp[0216]19/04 11:49:31 MusicServer: cannot read file: data\music\music.xml id = 'block6_driving2'
I            world.cpp[0210]19/04 11:49:31 ----------------------- Servers loaded in: 159
I            world.cpp[0338]19/04 11:49:31 LoadWorld begin...
I            world.cpp[0350]19/04 11:49:31 %%%% read/parse xml: 11
I            world.cpp[0362]19/04 11:49:31 %%%% read from xml: 5
I            world.cpp[0444]19/04 11:49:31 %%%% link nodes: 40
I            world.cpp[0220]19/04 11:49:31 ----------------------- Nodes loaded in: 58
I            world.cpp[0228]19/04 11:49:31 ----------------------- Prefabs loaded in: 1
I            world.cpp[0247]19/04 11:49:31 ----------------------- World loaded in: 349
