---------------------------------------------- Log begins on Wed Oct 08 00:42:50 2025 ----------------------------------------------
I           m3dapp.cpp[0088]08/10 00:42:50 Starting up...
I           m3dapp.cpp[1498]08/10 00:42:50 ExMachina - release version release build v1.02 (Dec 21 2005 12:15:10)
I      Stackwalker.cpp[0608]08/10 00:42:50 Stackwalker: log file name will be 'b:/exmachina.gm.mod.sdk_/exceptions/hta.exe0011.log'
I      Stackwalker.cpp[0609]08/10 00:42:50 Stackwalker: dump file name will be 'b:/exmachina.gm.mod.sdk_/exceptions/hta.exe0011.dmp'
I      Stackwalker.cpp[0610]08/10 00:42:50 Stackwalker: game log file name will be 'b:/exmachina.gm.mod.sdk_/exceptions/hta.exe0011_game.log'
I           m3dapp.cpp[1391]08/10 00:42:50 Path: B:\ExMachina.GM.mod.SDK_
I           m3dapp.cpp[1392]08/10 00:42:50 Exe: B:\ExMachina.GM.mod.SDK_\hta.exe
I           m3dapp.cpp[1401]08/10 00:42:50 Windows version: 6.2.9200
I           m3dapp.cpp[1410]08/10 00:42:50 Computer name: DESKTOP-QQPV5MQ
I           m3dapp.cpp[1430]08/10 00:42:50 Cpu: GenuineIntel
I           m3dapp.cpp[1434]08/10 00:42:50 Cpu clock: ~3302
I           m3dapp.cpp[1459]08/10 00:42:50 Processor is mmx able
I           m3dapp.cpp[1470]08/10 00:42:50 Physical memory: 4095 MB
I           m3dapp.cpp[1471]08/10 00:42:50 Total memory:    4095 MB
I           m3dapp.cpp[1472]08/10 00:42:50 Physical memory available: 4095 MB
I           m3dapp.cpp[1473]08/10 00:42:50 Total memory available:    3857 MB
I           m3dapp.cpp[2846]08/10 00:42:50 SetCodepage -- using codepage 1251 '1251  (ANSI - кириллица)'
I           m3dapp.cpp[2154]08/10 00:42:50 NOTE! renderer is bind to dxrender9.dll
I           m3dapp.cpp[1336]08/10 00:42:50 d3d: Given device behavior: 80
I           m3dapp.cpp[1336]08/10 00:42:50 d3d: Confirmed device behavior: 80
I           m3dapp.cpp[1336]08/10 00:42:50 d3d: Description: NVIDIA GeForce GTX 1650
I           m3dapp.cpp[1336]08/10 00:42:50 d3d: Driver:      nvldumd.dll
I           m3dapp.cpp[1336]08/10 00:42:50 d3d: VendorId:    0x10de
I           m3dapp.cpp[1336]08/10 00:42:50 d3d: DeviceId:    0x1f0a
I           m3dapp.cpp[1336]08/10 00:42:50 d3d: SubSysId:    0x145c1771
I           m3dapp.cpp[1336]08/10 00:42:50 d3d: Revision:    161
I           m3dapp.cpp[1336]08/10 00:42:50 d3d: Driver version info:
I           m3dapp.cpp[1336]08/10 00:42:50 d3d:   Product:    32
I           m3dapp.cpp[1336]08/10 00:42:50 d3d:   Version:    0
I           m3dapp.cpp[1336]08/10 00:42:50 d3d:   SubVersion: 15
I           m3dapp.cpp[1336]08/10 00:42:50 d3d:   Build:      8129
I           m3dapp.cpp[1336]08/10 00:42:50 d3d: WHQLLevel:    0
I           m3dapp.cpp[1336]08/10 00:42:50 d3d: Texture max size: 16384x16384
I           m3dapp.cpp[1336]08/10 00:42:50 d3d: Guard band: (-100000000.000,-100000000.000,100000000.000,100000000.000)
I           m3dapp.cpp[1336]08/10 00:42:50 d3d: MaxTextureBlendStages: 8
I           m3dapp.cpp[1336]08/10 00:42:50 d3d: MaxSimultaneousTextures: 8
I           m3dapp.cpp[1336]08/10 00:42:50 d3d: MaxActiveLights: 10
I           m3dapp.cpp[1336]08/10 00:42:50 d3d: MaxUserClipPlanes: 8
I           m3dapp.cpp[1336]08/10 00:42:50 d3d: VertexShaderVersion: 0xfffe0300
I           m3dapp.cpp[1336]08/10 00:42:50 d3d: PixelShaderVersion: 0xffff0300
I           m3dapp.cpp[1336]08/10 00:42:50 d3d: Geometry instancing: supported
I           m3dapp.cpp[1336]08/10 00:42:50 d3d: Depth bias supported: yes
I           m3dapp.cpp[1336]08/10 00:42:50 d3d: Slope-scale based depth bias supported: yes
I           m3dapp.cpp[1336]08/10 00:42:50 d3d: HwRasterization: true
I           m3dapp.cpp[1336]08/10 00:42:50 d3d: HwTnL: true
I           m3dapp.cpp[1336]08/10 00:42:50 d3d: PureDevice: true
I           m3dapp.cpp[1336]08/10 00:42:50 d3d: CubeMap: true
I           m3dapp.cpp[1336]08/10 00:42:50 d3d: VolumeMap: true
I           m3dapp.cpp[1336]08/10 00:42:50 d3d: TextureAddressCaps:
I           m3dapp.cpp[1336]08/10 00:42:50 d3d: 	wrap: true
I           m3dapp.cpp[1336]08/10 00:42:50 d3d: 	clamp: true
I           m3dapp.cpp[1336]08/10 00:42:50 d3d: 	border: true
I           m3dapp.cpp[1336]08/10 00:42:50 d3d: Projective textures: true
I           m3dapp.cpp[1336]08/10 00:42:50 d3d: MaxPointSize: 8192.000
I           m3dapp.cpp[1336]08/10 00:42:50 d3d: MaxPrimitiveCount: 16777215
I           m3dapp.cpp[1336]08/10 00:42:50 d3d: MaxVertexIndex: 16777215
I           m3dapp.cpp[1336]08/10 00:42:50 d3d: MaxStreams: 16
I           m3dapp.cpp[1336]08/10 00:42:50 d3d: MaxStreamsStride: 255
I           m3dapp.cpp[1336]08/10 00:42:50 d3d: MaxAnisotropy: 16
I           m3dapp.cpp[1336]08/10 00:42:50 d3d: MaxVertexBlendMatrices: 4
I           m3dapp.cpp[1336]08/10 00:42:50 d3d: MaxVertexBlendMatrixIndex: 8
I           m3dapp.cpp[1336]08/10 00:42:50 d3d: FullScreenGamma: true
I           m3dapp.cpp[1336]08/10 00:42:50 d3d: COLORWRITEENABLE: true
I           m3dapp.cpp[1336]08/10 00:42:50 d3d: MASKZ: true
I           m3dapp.cpp[1336]08/10 00:42:50 d3d: BLENDOP: true
I           m3dapp.cpp[1336]08/10 00:42:50 d3d: CLIPPLANESCALEDPOINTS: false
I           m3dapp.cpp[1336]08/10 00:42:50 d3d: CLIPTLVERTS: true
I           m3dapp.cpp[1336]08/10 00:42:50 d3d: TSSARGTEMP: true
I           m3dapp.cpp[1336]08/10 00:42:50 d3d: DIRECTIONALLIGHTS: true
I           m3dapp.cpp[1336]08/10 00:42:50 d3d: LOCALVIEWER: true
I           m3dapp.cpp[1336]08/10 00:42:50 d3d: POSITIONALLIGHTS: true
I           m3dapp.cpp[1336]08/10 00:42:50 d3d: TEXGEN:  true
I           m3dapp.cpp[1336]08/10 00:42:50 d3d: TWEENING:  true
I           m3dapp.cpp[1336]08/10 00:42:50 d3d: Dp3: true
I           m3dapp.cpp[1336]08/10 00:42:50 d3d: Lerp: true
I           m3dapp.cpp[1336]08/10 00:42:50 d3d: MaxNpatchTessellationLevel: 0.000
I           m3dapp.cpp[1336]08/10 00:42:50 d3d: Query VCACHE support: true
I           m3dapp.cpp[1336]08/10 00:42:50 d3d: Query EVENT support: true
I           m3dapp.cpp[1336]08/10 00:42:50 d3d: Query OCCLUSION support: true
I           m3dapp.cpp[1336]08/10 00:42:50 d3d: Query TIMESTAMP support: true
I           m3dapp.cpp[1336]08/10 00:42:50 d3d: Query TIMESTAMPDISJOINT support: true
I           m3dapp.cpp[1336]08/10 00:42:50 d3d: Query TIMESTAMPFREQ support: true
I           m3dapp.cpp[1336]08/10 00:42:50 d3d: Query PIPELINETIMINGS support: false
I           m3dapp.cpp[1336]08/10 00:42:50 d3d: Query INTERFACETIMINGS support: false
I           m3dapp.cpp[1336]08/10 00:42:50 d3d: Query VERTEXTIMINGS support: false
I           m3dapp.cpp[1336]08/10 00:42:50 d3d: Query PIXELTIMINGS support: false
I           m3dapp.cpp[1336]08/10 00:42:50 d3d: Query BANDWIDTHTIMINGS support: false
I           m3dapp.cpp[1336]08/10 00:42:50 d3d: Query CACHEUTILIZATION support: false
I           m3dapp.cpp[1336]08/10 00:42:50 d3d: Creating or resetting the device
I           m3dapp.cpp[1336]08/10 00:42:50 d3d: Back buffer format: X8R8G8B8
I           m3dapp.cpp[1336]08/10 00:42:50 d3d: Depth/stencil buffer format: D24S8
I           m3dapp.cpp[1336]08/10 00:42:50 d3d: Stenciling: off
I           m3dapp.cpp[1336]08/10 00:42:50 d3d: Rgba textures format: DXT5
I           m3dapp.cpp[1336]08/10 00:42:50 d3d: Rgba no c. textures format: A8R8G8B8
I           m3dapp.cpp[1336]08/10 00:42:50 d3d: RgbA textures format: DXT5
I           m3dapp.cpp[1336]08/10 00:42:50 d3d: RgbA no c. textures format: A4R4G4B4
I           m3dapp.cpp[1336]08/10 00:42:50 d3d: Rt textures format: A8R8G8B8
I           m3dapp.cpp[1336]08/10 00:42:50 d3d: Shadow textures format: R5G6B5
I           m3dapp.cpp[1336]08/10 00:42:50 d3d: Rt depth format: D16
I           m3dapp.cpp[2206]08/10 00:42:50 NOTE! input is bind to input_di8.dll
I           m3dapp.cpp[1938]08/10 00:42:50 NOTE! sound is bind to sound.dll
I           m3dapp.cpp[1350]08/10 00:42:50 input: Joystick not found
I           m3dapp.cpp[1343]08/10 00:42:50 snd: Max sound channels available: 128
I           m3dapp.cpp[1343]08/10 00:42:50 snd: Sound is inited successfully
I             font.cpp[0976]08/10 00:42:50 FontManager: fonts are loaded successfully
I           m3dapp.cpp[1336]08/10 00:42:50 d3d: Cannot open data\models\logos\fishmen.dds
I           m3dapp.cpp[1336]08/10 00:42:50 d3d: texmap failed to load: data\models\logos\fishmen.dds
E       DraftModel.cpp[1002]08/10 00:42:50 Error: Couldn't load texture data\models\logos\fishmen.dds for model logos.gam
I           m3dapp.cpp[1336]08/10 00:42:50 d3d: Cannot open data\models\logos\logo32.dds
I           m3dapp.cpp[1336]08/10 00:42:50 d3d: texmap failed to load: data\models\logos\logo32.dds
E       DraftModel.cpp[1002]08/10 00:42:50 Error: Couldn't load texture data\models\logos\logo32.dds for model logos.gam
I           m3dapp.cpp[1336]08/10 00:42:50 d3d: Cannot open data\models\logos\logo33.dds
I           m3dapp.cpp[1336]08/10 00:42:50 d3d: texmap failed to load: data\models\logos\logo33.dds
E       DraftModel.cpp[1002]08/10 00:42:50 Error: Couldn't load texture data\models\logos\logo33.dds for model logos.gam
I           m3dapp.cpp[1336]08/10 00:42:50 d3d: Cannot open data\models\logos\logo34.dds
I           m3dapp.cpp[1336]08/10 00:42:50 d3d: texmap failed to load: data\models\logos\logo34.dds
E       DraftModel.cpp[1002]08/10 00:42:50 Error: Couldn't load texture data\models\logos\logo34.dds for model logos.gam
I           m3dapp.cpp[1336]08/10 00:42:50 d3d: Cannot open data\models\logos\logo35.dds
I           m3dapp.cpp[1336]08/10 00:42:50 d3d: texmap failed to load: data\models\logos\logo35.dds
E       DraftModel.cpp[1002]08/10 00:42:50 Error: Couldn't load texture data\models\logos\logo35.dds for model logos.gam
I           m3dapp.cpp[1336]08/10 00:42:50 d3d: Cannot open data\models\logos\logo36.dds
I           m3dapp.cpp[1336]08/10 00:42:50 d3d: texmap failed to load: data\models\logos\logo36.dds
E       DraftModel.cpp[1002]08/10 00:42:50 Error: Couldn't load texture data\models\logos\logo36.dds for model logos.gam
I           m3dapp.cpp[1336]08/10 00:42:50 d3d: Cannot open data\models\logos\logo37.dds
I           m3dapp.cpp[1336]08/10 00:42:50 d3d: texmap failed to load: data\models\logos\logo37.dds
E       DraftModel.cpp[1002]08/10 00:42:50 Error: Couldn't load texture data\models\logos\logo37.dds for model logos.gam
I           m3dapp.cpp[1336]08/10 00:42:50 d3d: Cannot open data\models\logos\logo38.dds
I           m3dapp.cpp[1336]08/10 00:42:50 d3d: texmap failed to load: data\models\logos\logo38.dds
E       DraftModel.cpp[1002]08/10 00:42:50 Error: Couldn't load texture data\models\logos\logo38.dds for model logos.gam
I           m3dapp.cpp[1336]08/10 00:42:50 d3d: Cannot open data\models\logos\logo39.dds
I           m3dapp.cpp[1336]08/10 00:42:50 d3d: texmap failed to load: data\models\logos\logo39.dds
E       DraftModel.cpp[1002]08/10 00:42:50 Error: Couldn't load texture data\models\logos\logo39.dds for model logos.gam
I           m3dapp.cpp[1336]08/10 00:42:50 d3d: Cannot open data\models\logos\logo40.dds
I           m3dapp.cpp[1336]08/10 00:42:50 d3d: texmap failed to load: data\models\logos\logo40.dds
E       DraftModel.cpp[1002]08/10 00:42:50 Error: Couldn't load texture data\models\logos\logo40.dds for model logos.gam
I           m3dapp.cpp[1336]08/10 00:42:50 d3d: Cannot open data\models\logos\logo41.dds
I           m3dapp.cpp[1336]08/10 00:42:50 d3d: texmap failed to load: data\models\logos\logo41.dds
E       DraftModel.cpp[1002]08/10 00:42:50 Error: Couldn't load texture data\models\logos\logo41.dds for model logos.gam
I           m3dapp.cpp[1336]08/10 00:42:50 d3d: Cannot open data\models\logos\logo42.dds
I           m3dapp.cpp[1336]08/10 00:42:50 d3d: texmap failed to load: data\models\logos\logo42.dds
E       DraftModel.cpp[1002]08/10 00:42:50 Error: Couldn't load texture data\models\logos\logo42.dds for model logos.gam
I           m3dapp.cpp[1336]08/10 00:42:50 d3d: Cannot open data\models\logos\logo43.dds
I           m3dapp.cpp[1336]08/10 00:42:50 d3d: texmap failed to load: data\models\logos\logo43.dds
E       DraftModel.cpp[1002]08/10 00:42:50 Error: Couldn't load texture data\models\logos\logo43.dds for model logos.gam
I           m3dapp.cpp[1336]08/10 00:42:50 d3d: Cannot open data\models\logos\logo44.dds
I           m3dapp.cpp[1336]08/10 00:42:50 d3d: texmap failed to load: data\models\logos\logo44.dds
E       DraftModel.cpp[1002]08/10 00:42:50 Error: Couldn't load texture data\models\logos\logo44.dds for model logos.gam
I           m3dapp.cpp[1336]08/10 00:42:50 d3d: Cannot open data\models\logos\logo45.dds
I           m3dapp.cpp[1336]08/10 00:42:50 d3d: texmap failed to load: data\models\logos\logo45.dds
E       DraftModel.cpp[1002]08/10 00:42:50 Error: Couldn't load texture data\models\logos\logo45.dds for model logos.gam
I           m3dapp.cpp[1336]08/10 00:42:50 d3d: Cannot open data\models\logos\logo46.dds
I           m3dapp.cpp[1336]08/10 00:42:50 d3d: texmap failed to load: data\models\logos\logo46.dds
E       DraftModel.cpp[1002]08/10 00:42:50 Error: Couldn't load texture data\models\logos\logo46.dds for model logos.gam
I           m3dapp.cpp[1336]08/10 00:42:50 d3d: Cannot open data\models\logos\logo47.dds
I           m3dapp.cpp[1336]08/10 00:42:50 d3d: texmap failed to load: data\models\logos\logo47.dds
E       DraftModel.cpp[1002]08/10 00:42:50 Error: Couldn't load texture data\models\logos\logo47.dds for model logos.gam
I           m3dapp.cpp[1336]08/10 00:42:50 d3d: Cannot open data\models\logos\logo48.dds
I           m3dapp.cpp[1336]08/10 00:42:50 d3d: texmap failed to load: data\models\logos\logo48.dds
E       DraftModel.cpp[1002]08/10 00:42:50 Error: Couldn't load texture data\models\logos\logo48.dds for model logos.gam
I           m3dapp.cpp[1336]08/10 00:42:50 d3d: Cannot open data\models\logos\logo49.dds
I           m3dapp.cpp[1336]08/10 00:42:50 d3d: texmap failed to load: data\models\logos\logo49.dds
E       DraftModel.cpp[1002]08/10 00:42:50 Error: Couldn't load texture data\models\logos\logo49.dds for model logos.gam
I           m3dapp.cpp[1336]08/10 00:42:50 d3d: Cannot open data\models\logos\logo50.dds
I           m3dapp.cpp[1336]08/10 00:42:50 d3d: texmap failed to load: data\models\logos\logo50.dds
E       DraftModel.cpp[1002]08/10 00:42:50 Error: Couldn't load texture data\models\logos\logo50.dds for model logos.gam
I           m3dapp.cpp[1336]08/10 00:42:50 d3d: Cannot open data\models\logos\logo51.dds
I           m3dapp.cpp[1336]08/10 00:42:50 d3d: texmap failed to load: data\models\logos\logo51.dds
E       DraftModel.cpp[1002]08/10 00:42:50 Error: Couldn't load texture data\models\logos\logo51.dds for model logos.gam
I           m3dapp.cpp[1336]08/10 00:42:50 d3d: Cannot open data\models\logos\logo52.dds
I           m3dapp.cpp[1336]08/10 00:42:50 d3d: texmap failed to load: data\models\logos\logo52.dds
E       DraftModel.cpp[1002]08/10 00:42:50 Error: Couldn't load texture data\models\logos\logo52.dds for model logos.gam
I           m3dapp.cpp[1336]08/10 00:42:50 d3d: Cannot open data\models\logos\logo53.dds
I           m3dapp.cpp[1336]08/10 00:42:50 d3d: texmap failed to load: data\models\logos\logo53.dds
E       DraftModel.cpp[1002]08/10 00:42:50 Error: Couldn't load texture data\models\logos\logo53.dds for model logos.gam
I           m3dapp.cpp[1336]08/10 00:42:50 d3d: Cannot open data\models\logos\logo54.dds
I           m3dapp.cpp[1336]08/10 00:42:50 d3d: texmap failed to load: data\models\logos\logo54.dds
E       DraftModel.cpp[1002]08/10 00:42:50 Error: Couldn't load texture data\models\logos\logo54.dds for model logos.gam
I           m3dapp.cpp[1336]08/10 00:42:50 d3d: Cannot open data\models\logos\logo55.dds
I           m3dapp.cpp[1336]08/10 00:42:50 d3d: texmap failed to load: data\models\logos\logo55.dds
E       DraftModel.cpp[1002]08/10 00:42:50 Error: Couldn't load texture data\models\logos\logo55.dds for model logos.gam
I           m3dapp.cpp[1336]08/10 00:42:50 d3d: Cannot open data\models\logos\logo56.dds
I           m3dapp.cpp[1336]08/10 00:42:50 d3d: texmap failed to load: data\models\logos\logo56.dds
E       DraftModel.cpp[1002]08/10 00:42:50 Error: Couldn't load texture data\models\logos\logo56.dds for model logos.gam
I           m3dapp.cpp[1336]08/10 00:42:50 d3d: Cannot open data\models\logos\logo57.dds
I           m3dapp.cpp[1336]08/10 00:42:50 d3d: texmap failed to load: data\models\logos\logo57.dds
E       DraftModel.cpp[1002]08/10 00:42:50 Error: Couldn't load texture data\models\logos\logo57.dds for model logos.gam
I           m3dapp.cpp[1336]08/10 00:42:50 d3d: Cannot open data\models\logos\logo58.dds
I           m3dapp.cpp[1336]08/10 00:42:50 d3d: texmap failed to load: data\models\logos\logo58.dds
E       DraftModel.cpp[1002]08/10 00:42:50 Error: Couldn't load texture data\models\logos\logo58.dds for model logos.gam
I           m3dapp.cpp[1336]08/10 00:42:50 d3d: Cannot open data\models\logos\logo59.dds
I           m3dapp.cpp[1336]08/10 00:42:50 d3d: texmap failed to load: data\models\logos\logo59.dds
E       DraftModel.cpp[1002]08/10 00:42:50 Error: Couldn't load texture data\models\logos\logo59.dds for model logos.gam
I           m3dapp.cpp[1336]08/10 00:42:50 d3d: Cannot open data\models\logos\logo60.dds
I           m3dapp.cpp[1336]08/10 00:42:50 d3d: texmap failed to load: data\models\logos\logo60.dds
E       DraftModel.cpp[1002]08/10 00:42:50 Error: Couldn't load texture data\models\logos\logo60.dds for model logos.gam
I           m3dapp.cpp[1336]08/10 00:42:50 d3d: Cannot open data\models\logos\logo61.dds
I           m3dapp.cpp[1336]08/10 00:42:50 d3d: texmap failed to load: data\models\logos\logo61.dds
E       DraftModel.cpp[1002]08/10 00:42:50 Error: Couldn't load texture data\models\logos\logo61.dds for model logos.gam
I           m3dapp.cpp[1336]08/10 00:42:50 d3d: Cannot open data\models\logos\logo62.dds
I           m3dapp.cpp[1336]08/10 00:42:50 d3d: texmap failed to load: data\models\logos\logo62.dds
E       DraftModel.cpp[1002]08/10 00:42:50 Error: Couldn't load texture data\models\logos\logo62.dds for model logos.gam
I           m3dapp.cpp[1336]08/10 00:42:50 d3d: Cannot open data\models\logos\logo63.dds
I           m3dapp.cpp[1336]08/10 00:42:50 d3d: texmap failed to load: data\models\logos\logo63.dds
E       DraftModel.cpp[1002]08/10 00:42:50 Error: Couldn't load texture data\models\logos\logo63.dds for model logos.gam
I           m3dapp.cpp[1336]08/10 00:42:50 d3d: Cannot open data\models\logos\logo64.dds
I           m3dapp.cpp[1336]08/10 00:42:50 d3d: texmap failed to load: data\models\logos\logo64.dds
E       DraftModel.cpp[1002]08/10 00:42:50 Error: Couldn't load texture data\models\logos\logo64.dds for model logos.gam
I           m3dapp.cpp[1336]08/10 00:42:50 d3d: Cannot open data\models\logos\logo65.dds
I           m3dapp.cpp[1336]08/10 00:42:50 d3d: texmap failed to load: data\models\logos\logo65.dds
E       DraftModel.cpp[1002]08/10 00:42:50 Error: Couldn't load texture data\models\logos\logo65.dds for model logos.gam
I           m3dapp.cpp[1336]08/10 00:42:50 d3d: Cannot open data\models\logos\logo66.dds
I           m3dapp.cpp[1336]08/10 00:42:50 d3d: texmap failed to load: data\models\logos\logo66.dds
E       DraftModel.cpp[1002]08/10 00:42:50 Error: Couldn't load texture data\models\logos\logo66.dds for model logos.gam
I           m3dapp.cpp[1336]08/10 00:42:50 d3d: Cannot open data\models\logos\logo67.dds
I           m3dapp.cpp[1336]08/10 00:42:50 d3d: texmap failed to load: data\models\logos\logo67.dds
E       DraftModel.cpp[1002]08/10 00:42:50 Error: Couldn't load texture data\models\logos\logo67.dds for model logos.gam
I           m3dapp.cpp[1336]08/10 00:42:50 d3d: Cannot open data\models\logos\logo68.dds
I           m3dapp.cpp[1336]08/10 00:42:50 d3d: texmap failed to load: data\models\logos\logo68.dds
E       DraftModel.cpp[1002]08/10 00:42:50 Error: Couldn't load texture data\models\logos\logo68.dds for model logos.gam
I           m3dapp.cpp[1336]08/10 00:42:50 d3d: Cannot open data\models\logos\logo69.dds
I           m3dapp.cpp[1336]08/10 00:42:50 d3d: texmap failed to load: data\models\logos\logo69.dds
E       DraftModel.cpp[1002]08/10 00:42:50 Error: Couldn't load texture data\models\logos\logo69.dds for model logos.gam
I           m3dapp.cpp[1336]08/10 00:42:50 d3d: Cannot open data\models\logos\logo70.dds
I           m3dapp.cpp[1336]08/10 00:42:50 d3d: texmap failed to load: data\models\logos\logo70.dds
E       DraftModel.cpp[1002]08/10 00:42:50 Error: Couldn't load texture data\models\logos\logo70.dds for model logos.gam
I      gameimpulse.cpp[0288]08/10 00:42:50 Key bindings: were inited successfully
I           view32.cpp[0705]08/10 00:42:50 --- Init Media ---
I    GameUiManager.cpp[0303]08/10 00:42:50 Interface: is initializing...
I    GameUiManager.cpp[1580]08/10 00:42:50 Interface: clearing resource infos ...
I    GameUiManager.cpp[1491]08/10 00:42:50 Interface: loading resource infos ...
I    GameUiManager.cpp[1603]08/10 00:42:50 Interface: loading resources ...
I           m3dapp.cpp[1343]08/10 00:42:50 snd: Error: Can't Open SoundFile: 
I           m3dapp.cpp[1343]08/10 00:42:50 snd: Cannot open sound stream from file . Error: File not found, flags: 8272
I    GameUiManager.cpp[0395]08/10 00:42:50 Interface: is inited successfully
I        LevelInfo.cpp[0806]08/10 00:42:50 Level infos were loaded successfully from file data\if\diz\LevelInfo.xml
I        LevelInfo.cpp[0837]08/10 00:42:50 Error: could't open data\maps\r1m8.ssl file
E        LevelInfo.cpp[0749]08/10 00:42:50 LevelInfoManager was inited with errors
I   TruxxUiManager.cpp[0191]08/10 00:42:50 TruxxUiManager: was inited successfully
I      gameimpulse.cpp[0618]08/10 00:42:51 Key bindings: unbind all is done
I      gameimpulse.cpp[0324]08/10 00:42:51 Key bindings: were loaded successfully from file data\scripts\DefaultKeyBindings.lua
I      gameimpulse.cpp[1194]08/10 00:42:51 Key bindings: were bind from defaults
I            video.cpp[0704]08/10 00:42:52 Could not load specified video file: data\video\logobuka.wmv (hr = 80070003)
I     view32_video.cpp[0061]08/10 00:42:52 Error: couldn't load video 'data\video\logobuka.wmv'
I            video.cpp[0704]08/10 00:42:52 Could not load specified video file: data\video\logotargem.wmv (hr = 80070003)
I     view32_video.cpp[0061]08/10 00:42:52 Error: couldn't load video 'data\video\logotargem.wmv'
I            video.cpp[0704]08/10 00:42:52 Could not load specified video file: data\video\INTRO_RUS_FIELD.wmv (hr = 80070003)
I     view32_video.cpp[0061]08/10 00:42:52 Error: couldn't load video 'data\video\INTRO_RUS_FIELD.wmv'
I             core.lua[0013]08/10 00:42:52 IMPROVED STORYLINE V1.0.5.3 ORIGINAL BUILD 220422
I           m3dapp.cpp[1808]08/10 00:42:52 ----------------------- Engine inited in: 0
I          Profile.cpp[0602]08/10 00:42:53 Profile "RiverZone" set
I   TruxxUiManager.cpp[1422]08/10 00:42:53 Game mode changed. Old mode = 3, new mode = 2
I        SplashWnd.cpp[0244]08/10 00:42:56 Start splashing 11
I           view32.cpp[1048]08/10 00:42:56 -- Loading Level: data\maps\mainmenu.ssl --
I            world.cpp[0132]08/10 00:42:57 ----------------------- World Loading
F        landscape.cpp[1674]08/10 00:42:57  +- Enter function: Landscape::Load()
I        landscape.cpp[1911]08/10 00:42:57  |  ----------------------- Normal map loaded in: 10
I        landscape.cpp[1920]08/10 00:42:57  |  ----------------------- Tiles loaded in: 163
I        landscape.cpp[1944]08/10 00:42:57  |  ----------------------- ShoreLine loaded in: 1
F        landscape.cpp[1944]08/10 00:42:57  +- Exit function: Landscape::Load()
I            world.cpp[0169]08/10 00:42:57 ----------------------- Landscape loaded in: 385
I       DataServer.cpp[0587]08/10 00:42:57 Loading Servers: data\maps\MainMenu\servers.xml
I serverAnimatedModel.cpp[0630]08/10 00:43:03 ### Total time: 5360, GAM time: 4575
I       DataServer.cpp[0587]08/10 00:43:03 Loading Servers: data\models\commonservers.xml
E      serverMusic.cpp[0216]08/10 00:43:07 MusicServer: cannot read file: data\music\music.xml id = 'LaBelleTown'
E      serverMusic.cpp[0216]08/10 00:43:07 MusicServer: cannot read file: data\music\music.xml id = 'block6_driving2'
I            world.cpp[0210]08/10 00:43:07 ----------------------- Servers loaded in: 10084
I            world.cpp[0338]08/10 00:43:07 LoadWorld begin...
I            world.cpp[0350]08/10 00:43:07 %%%% read/parse xml: 19
I            world.cpp[0362]08/10 00:43:08 %%%% read from xml: 20
E    PlayerPassMap.cpp[0139]08/10 00:43:08 Couldn't load player pass map from file data\maps\MainMenu\player_passmap.xml
I            world.cpp[0444]08/10 00:43:08 %%%% link nodes: 18
I            world.cpp[0220]08/10 00:43:08 ----------------------- Nodes loaded in: 58
I            world.cpp[0228]08/10 00:43:08 ----------------------- Prefabs loaded in: 1
I            world.cpp[0247]08/10 00:43:08 ----------------------- World loaded in: 10743
I            world.cpp[0278]08/10 00:43:08 ----------------------- Roads loaded in: 581
I           view32.cpp[1078]08/10 00:43:08 Load Server begin...
I   TruxxUiManager.cpp[0974]08/10 00:43:08 Interface: is loaded successfully
I           server.cpp[0789]08/10 00:43:08 AI: Loading Server...
I           server.cpp[0796]08/10 00:43:08 	AI: Loading Relationship
I     Relationship.cpp[0134]08/10 00:43:08 		 File readed
I           server.cpp[0801]08/10 00:43:08 	AI: Loading SoilProps
I           server.cpp[0804]08/10 00:43:08 	AI: Loading ExternalPaths
I           server.cpp[0807]08/10 00:43:08 	AI: Loading PlayerPassMap
E    PlayerPassMap.cpp[0139]08/10 00:43:08 Couldn't load player pass map from file data\maps\MainMenu\player_passmap.xml
I           server.cpp[0813]08/10 00:43:08 	AI: Loading GameObjects
I           server.cpp[0816]08/10 00:43:09 	AI: Initializing VehicleGeneratorInfoCache
I           server.cpp[0820]08/10 00:43:09 	AI: Refreshing GameObjects
I           server.cpp[0824]08/10 00:43:09 	AI: Loading QuestStates
I       QuestState.cpp[0904]08/10 00:43:09 Quest 'Human1_Quest1' can be given now
I       QuestState.cpp[0904]08/10 00:43:09 Quest 'Human1_Quest2' can be given now
I       QuestState.cpp[0904]08/10 00:43:09 Quest 'BenGoodEnd' can be given now
I       QuestState.cpp[0904]08/10 00:43:09 Quest 'q_PlaceWithSign' can be given now
I       QuestState.cpp[0904]08/10 00:43:09 Quest 'r3m2_OracleMemory' can be given now
I       QuestState.cpp[0904]08/10 00:43:09 Quest 'r3m2_TalkWithLisa' can be given now
I       QuestState.cpp[0904]08/10 00:43:09 Quest 'r3m2_TalkWithBenAboutCarAfterOracul' can be given now
I       QuestState.cpp[0904]08/10 00:43:09 Quest 'r3m2_FindInfoAboutFather' can be given now
I       QuestState.cpp[0904]08/10 00:43:09 Quest 'r3m1_LureMainDriud' can be given now
I       QuestState.cpp[0904]08/10 00:43:09 Quest 'r3m1_ClearSanctuary' can be given now
I       QuestState.cpp[0904]08/10 00:43:09 Quest 'r3m1_KnowAboutUluk' can be given now
I       QuestState.cpp[0904]08/10 00:43:09 Quest 'r3m1_RescueUlukCivil' can be given now
I       QuestState.cpp[0904]08/10 00:43:09 Quest 'q_VisitDruid' can be given now
I       QuestState.cpp[0904]08/10 00:43:09 Quest 'r2m2_Znaki2_Quest' can be given now
I       QuestState.cpp[0904]08/10 00:43:09 Quest 'r2m2_HeadsHunterQuest' can be given now
I       QuestState.cpp[0904]08/10 00:43:09 Quest 'r2m2_OldDvigatel1_Quest' can be given now
I       QuestState.cpp[0904]08/10 00:43:09 Quest 'r2m2_OldDvigatel2_Quest' can be given now
I       QuestState.cpp[0904]08/10 00:43:09 Quest 'r2m2_FightFelix' can be given now
I       QuestState.cpp[0904]08/10 00:43:09 Quest 'r2m2_ReturnToMarecciaFromCastle' can be given now
I       QuestState.cpp[0904]08/10 00:43:09 Quest 'r2m2_FightWithAxelInArena_Quest' can be given now
I       QuestState.cpp[0904]08/10 00:43:09 Quest 'r2m2_FindLisAfterAxelAndFatherDie_Quest' can be given now
I       QuestState.cpp[0904]08/10 00:43:09 Quest 'r2m2_ToLisaToMonastir' can be given now
I       QuestState.cpp[0904]08/10 00:43:09 Quest 'r2m2_FightLisaToMonastir' can be given now
I       QuestState.cpp[0904]08/10 00:43:09 Quest 'r2m2_GiveDisk2ToOrakul' can be given now
I       QuestState.cpp[0904]08/10 00:43:09 Quest 'MrShlyapa3_Quest' can be given now
I       QuestState.cpp[0904]08/10 00:43:09 Quest 'r2m1_ArtAntipod_Quest' can be given now
I       QuestState.cpp[0904]08/10 00:43:09 Quest 'r2m1_TakeNarcotics_Quest' can be given now
I       QuestState.cpp[0904]08/10 00:43:09 Quest 'r2m1_KillGodFather_Quest' can be given now
I       QuestState.cpp[0904]08/10 00:43:09 Quest 'MrShlyapaSecret' can be given now
I       QuestState.cpp[0904]08/10 00:43:09 Quest 'd_GetSupportOneOfTheBands2_Quest' can be given now
I       QuestState.cpp[0904]08/10 00:43:09 Quest 'd_GetSupportOneOfTheBands1_Quest' can be given now
I       QuestState.cpp[0904]08/10 00:43:09 Quest 'd_FindVerbInAR_Quest' can be given now
I       QuestState.cpp[0904]08/10 00:43:09 Quest 'd_FindVerbInSNG_Quest' can be given now
I       QuestState.cpp[0904]08/10 00:43:09 Quest 'd_PatrulSideSNG_Quest' can be given now
I       QuestState.cpp[0904]08/10 00:43:09 Quest 'd_TakeGeneralOfBandits_Quest' can be given now
I       QuestState.cpp[0904]08/10 00:43:09 Quest 'r2m1_TW_AlienInShip' can be given now
I       QuestState.cpp[0904]08/10 00:43:09 Quest 'Podderzhka_Quest' can be given now
I       QuestState.cpp[0904]08/10 00:43:09 Quest 'Zashita_Quest' can be given now
I       QuestState.cpp[0904]08/10 00:43:09 Quest 'preEretik_Quest' can be given now
I       QuestState.cpp[0904]08/10 00:43:09 Quest 'ReturnQuest' can be given now
I       QuestState.cpp[0904]08/10 00:43:09 Quest 'd_FindVerbInAM_Quest' can be given now
I       QuestState.cpp[0904]08/10 00:43:09 Quest 'OdettIsDead_Quest' can be given now
I       QuestState.cpp[0904]08/10 00:43:09 Quest 'Disk2OrakulLisa' can be given now
I       QuestState.cpp[0904]08/10 00:43:09 Quest 'FindGomerB_Quest1' can be given now
I       QuestState.cpp[0904]08/10 00:43:09 Quest 'FreeExtremistLeader_Quest1' can be given now
I       QuestState.cpp[0904]08/10 00:43:09 Quest 'KillExtremist_Quest1' can be given now
I       QuestState.cpp[0904]08/10 00:43:09 Quest 'r1m4_TalkWithOldTraderAboutSecondDisk' can be given now
I       QuestState.cpp[0904]08/10 00:43:09 Quest 'q_FindHusbent' can be given now
I       QuestState.cpp[0904]08/10 00:43:09 Quest 'RybakToOlm_Quest' can be given now
I       QuestState.cpp[0904]08/10 00:43:09 Quest 'AnanagaTech_Quest' can be given now
I       QuestState.cpp[0904]08/10 00:43:09 Quest 'MrShlyapa2_Quest' can be given now
I       QuestState.cpp[0904]08/10 00:43:09 Quest 'ToCordanToTikhomir_Quest' can be given now
I       QuestState.cpp[0904]08/10 00:43:09 Quest 'r1m3_BonnyAndKlideQuest' can be given now
I       QuestState.cpp[0904]08/10 00:43:09 Quest 'r1m3_ArchHelp' can be given now
I       QuestState.cpp[0904]08/10 00:43:09 Quest 'r1m3_CrazyManQuest' can be given now
I       QuestState.cpp[0904]08/10 00:43:09 Quest 'r1m3_OldTownOutsiderCar2_Quest' can be given now
I       QuestState.cpp[0904]08/10 00:43:09 Quest 'FightForPesht' can be given now
I       QuestState.cpp[0904]08/10 00:43:09 Quest 'd_RideAcrossBase_Quest' can be given now
I       QuestState.cpp[0904]08/10 00:43:09 Quest 'd_GiveMoneyToBase_Quest' can be given now
I       QuestState.cpp[0904]08/10 00:43:09 Quest 'd_GetBomb_Quest' can be given now
I       QuestState.cpp[0904]08/10 00:43:09 Quest 'd_IntrigaOfMerMinin_Quest' can be given now
I       QuestState.cpp[0904]08/10 00:43:09 Quest 'd_MoveFreelancersToOilMine_Quest' can be given now
I       QuestState.cpp[0904]08/10 00:43:09 Quest 'd_MoveCanistraToMinin_Quest' can be given now
I       QuestState.cpp[0904]08/10 00:43:09 Quest 'd_OpenTunel_Quest' can be given now
I       QuestState.cpp[0904]08/10 00:43:09 Quest 'r1m3_TalkWithThiefFromFatherHouse' can be given now
I       QuestState.cpp[0904]08/10 00:43:09 Quest 'r1m3_MoveToOraculAfterThief' can be given now
I       QuestState.cpp[0904]08/10 00:43:09 Quest 'r1m3_ToLisaToAsgard' can be given now
I       QuestState.cpp[0904]08/10 00:43:09 Quest 'r1m3_TW_OralceAboutAlien' can be given now
I       QuestState.cpp[0904]08/10 00:43:09 Quest 'r1m3_DestroyRadiationSource' can be given now
I       QuestState.cpp[0904]08/10 00:43:09 Quest 'r2m1_DestroyAlienShip' can be given now
I       QuestState.cpp[0904]08/10 00:43:09 Quest 'd_PayWorkersMoney_Quest' can be given now
I       QuestState.cpp[0904]08/10 00:43:09 Quest 'r2m1_TW_SellsCivilian' can be given now
I       QuestState.cpp[0904]08/10 00:43:09 Quest 'MorskieVrata2_Quest' can be given now
I       QuestState.cpp[0904]08/10 00:43:09 Quest 'Zachisti1_Quest' can be given now
I       QuestState.cpp[0904]08/10 00:43:09 Quest 'LisaVPeshte' can be given now
I       QuestState.cpp[0904]08/10 00:43:09 Quest 'LisaUBena' can be given now
I       QuestState.cpp[0904]08/10 00:43:09 Quest 'WhereSigns_Quest' can be given now
I       QuestState.cpp[0904]08/10 00:43:09 Quest 'CombatInKollizey_Quest' can be given now
I       QuestState.cpp[0904]08/10 00:43:09 Quest 'BuyKollizey_Quest' can be given now
I       QuestState.cpp[0904]08/10 00:43:09 Quest 'Kollizey_Quest' can be given now
I       QuestState.cpp[0904]08/10 00:43:09 Quest 'HelpRuins_Quest' can be given now
I       QuestState.cpp[0904]08/10 00:43:09 Quest 'DestroyRuins_Quest' can be given now
I       QuestState.cpp[0904]08/10 00:43:09 Quest 'DestroyRuins2_Quest' can be given now
I       QuestState.cpp[0904]08/10 00:43:09 Quest 'Signs_Quest' can be given now
I       QuestState.cpp[0904]08/10 00:43:09 Quest 'MrShlyapa1_Quest' can be given now
I       QuestState.cpp[0904]08/10 00:43:09 Quest 'FindBen2_Quest' can be given now
I       QuestState.cpp[0904]08/10 00:43:09 Quest 'd_FindHouseOfBen_Quest' can be given now
I       QuestState.cpp[0904]08/10 00:43:09 Quest 'r1m2_TW_BanAboutAlien' can be given now
I       QuestState.cpp[0904]08/10 00:43:09 Quest 'r1m3_DestroyOracle' can be given now
I       QuestState.cpp[0904]08/10 00:43:09 Quest 'Pomiritsa_Quest' can be given now
I       QuestState.cpp[0904]08/10 00:43:09 Quest 'VYar_Quest' can be given now
I       QuestState.cpp[0904]08/10 00:43:09 Quest 'FindBenMZ_Quest' can be given now
I       QuestState.cpp[0904]08/10 00:43:09 Quest 'QuickFindBen' can be given now
I       QuestState.cpp[0904]08/10 00:43:09 Quest 'OpenMid_Quest' can be given now
I       QuestState.cpp[0904]08/10 00:43:09 Quest 'TalkBeforeDesert' can be given now
I       QuestState.cpp[0904]08/10 00:43:09 Quest 'ZashitaGotova' can be given now
I       QuestState.cpp[0904]08/10 00:43:09 Quest 'FakeQuest1' can be given now
I       QuestState.cpp[0904]08/10 00:43:09 Quest 'Chehly_Quest' can be given now
I       QuestState.cpp[0904]08/10 00:43:09 Quest 'WorkGiver_Quest1' can be given now
I       QuestState.cpp[0904]08/10 00:43:09 Quest 'd_PunishBandits_Quest' can be given now
I       QuestState.cpp[0904]08/10 00:43:09 Quest 'r1m1_Hospital_Quest' can be given now
I       QuestState.cpp[0904]08/10 00:43:09 Quest 'r1m1_Botanik_Quest' can be given now
I       QuestState.cpp[0904]08/10 00:43:09 Quest 'r1m1_FindBotanik_Quest' can be given now
I       QuestState.cpp[0904]08/10 00:43:09 Quest 'Buyer_Quest1' can be given now
I       QuestState.cpp[0904]08/10 00:43:09 Quest 'FirstTimePlay' can be given now
I       QuestState.cpp[0904]08/10 00:43:09 Quest 'TalkWithFather_Quest' can be given now
I       QuestState.cpp[0904]08/10 00:43:09 Quest 'LisaAtSouth' can be given now
I       QuestState.cpp[0904]08/10 00:43:09 Quest 'FindBen_Quest' can be given now
I       QuestState.cpp[0904]08/10 00:43:09 Quest 'FindBenAgain_Quest' can be given now
I       QuestState.cpp[0904]08/10 00:43:09 Quest 'd_SinFather_Quest' can be given now
I       QuestState.cpp[0904]08/10 00:43:09 Quest 'TalkToVasily' can be given now
I       QuestState.cpp[0904]08/10 00:43:09 Quest 'CheckTheEast' can be given now
I       QuestState.cpp[0904]08/10 00:43:09 Quest 'BenSouth_Quest' can be given now
I           server.cpp[0826]08/10 00:43:09 	AI: QuestStates loaded
I           server.cpp[0828]08/10 00:43:09 	AI: Loading DynamicScene
I     DynamicScene.cpp[1470]08/10 00:43:09 		 Scene loading begin
I     DynamicScene.cpp[1472]08/10 00:43:09 		 Scene loading end
I           server.cpp[0837]08/10 00:43:09 	AI: DynamicScene loaded
I           server.cpp[0852]08/10 00:43:09 	AI: Loading Triggers
E           server.cpp[1242]08/10 00:43:09 Error: cannot open data\maps\MainMenu\
I           server.cpp[0855]08/10 00:43:09 	AI: Triggers loaded
I           server.cpp[0857]08/10 00:43:09 	AI: Loading Object Names
E     ObjContainer.cpp[1104]08/10 00:43:09 Error: cannot open data\maps\MainMenu\object_names.xml
I           server.cpp[0868]08/10 00:43:09 	AI: Initing Player
I           server.cpp[0888]08/10 00:43:09 		Before first Update
I   TruxxUiManager.cpp[1422]08/10 00:43:09 Game mode changed. Old mode = 2, new mode = 1
I           server.cpp[0909]08/10 00:43:09 		After first Update
I           server.cpp[0911]08/10 00:43:09 AI: Finished Loading Server
I           view32.cpp[1106]08/10 00:43:09 Load server end
I        QuestInfo.cpp[0847]08/10 00:43:09 Quest infos were loaded successfully from file data\if\diz\QuestInfoGlobal.xml
I        QuestInfo.cpp[0783]08/10 00:43:09 QuestInfo manager was inited successfully
I       MsgManager.cpp[0391]08/10 00:43:09 Can't open file data\maps\MainMenu\strings.xml for read.
I    GameUiManager.cpp[0303]08/10 00:43:09 Interface: is initializing...
I    GameUiManager.cpp[0405]08/10 00:43:09 Interface: is clearing...
I    GameUiManager.cpp[0495]08/10 00:43:09 Interface: is cleared successfully
I    GameUiManager.cpp[0395]08/10 00:43:09 Interface: is inited successfully
I blockMusicManager.cpp[0199]08/10 00:43:09 BlockMusicManager: resetting
I      gameimpulse.cpp[0618]08/10 00:43:09 Key bindings: unbind all is done
I      gameimpulse.cpp[0618]08/10 00:43:09 Key bindings: unbind all is done
I      gameimpulse.cpp[0324]08/10 00:43:09 Key bindings: were loaded successfully from file data/profiles/riverzone\KeyBindings.lua
I      gameimpulse.cpp[1222]08/10 00:43:09 Key bindings: were loaded from profile
I        SplashWnd.cpp[0244]08/10 00:43:25 Start splashing 11
I   TruxxUiManager.cpp[1422]08/10 00:43:25 Game mode changed. Old mode = 1, new mode = 0
I    GameUiManager.cpp[0405]08/10 00:43:25 Interface: is clearing...
I    GameUiManager.cpp[0495]08/10 00:43:25 Interface: is cleared successfully
I           view32.cpp[1048]08/10 00:43:25 -- Loading Level: data\maps\r9m1.ssl --
I            world.cpp[0132]08/10 00:43:25 ----------------------- World Loading
F        landscape.cpp[1674]08/10 00:43:25  +- Enter function: Landscape::Load()
I        landscape.cpp[1911]08/10 00:43:25  |  ----------------------- Normal map loaded in: 24
I        landscape.cpp[1920]08/10 00:43:26  |  ----------------------- Tiles loaded in: 983
I        landscape.cpp[1944]08/10 00:43:26  |  ----------------------- ShoreLine loaded in: 0
F        landscape.cpp[1944]08/10 00:43:26  +- Exit function: Landscape::Load()
I            world.cpp[0169]08/10 00:43:26 ----------------------- Landscape loaded in: 1078
I       DataServer.cpp[0587]08/10 00:43:26 Loading Servers: data\maps\r9m1\servers.xml
I       DataServer.cpp[0594]08/10 00:43:26 Load servers: ReadXmlFile: Cannot open file data\maps\r9m1\servers.xml
I       DataServer.cpp[0587]08/10 00:43:26 Loading Servers: data\models\servers.xml
E        GamParser.cpp[0399]08/10 00:43:27 AnimatedModel::LoadGAM -- cannot open file data\models\objects\dweller_debik.gam
E        GamParser.cpp[0399]08/10 00:43:28 AnimatedModel::LoadGAM -- cannot open file data\models\Masks\Main\mask_debik.gam
E       DraftModel.cpp[1002]08/10 00:43:34 Error: Couldn't load texture data\models\vehicles\belaz\cab01_mt.dds for model cargov1.gam
E       DraftModel.cpp[1002]08/10 00:43:34 Error: Couldn't load texture data\models\vehicles\belaz\cab01_mt.dds for model cargov1.gam
E       DraftModel.cpp[1002]08/10 00:43:34 Error: Couldn't load texture data\models\vehicles\belaz\cab01_mt.dds for model cargov1.gam
E       DraftModel.cpp[1002]08/10 00:43:34 Error: Couldn't load texture data\models\vehicles\belaz\cab01_mt.dds for model cargov1.gam
E       DraftModel.cpp[1002]08/10 00:43:34 Error: Couldn't load texture data\models\vehicles\belaz\cab01_mt.dds for model cargov1.gam
E       DraftModel.cpp[1002]08/10 00:43:34 Error: Couldn't load texture data\models\vehicles\belaz\cab01_mt.dds for model cargov1.gam
E       DraftModel.cpp[1002]08/10 00:43:34 Error: Couldn't load texture data\models\vehicles\belaz\cab01_mt.dds for model cargov1.gam
E       DraftModel.cpp[1002]08/10 00:43:34 Error: Couldn't load texture data\models\vehicles\belaz\cab01_mt.dds for model cargov1.gam
E       DraftModel.cpp[1002]08/10 00:43:34 Error: Couldn't load texture data\models\vehicles\belaz\cab01_mt.dds for model cargov1.gam
E serverAnimatedModel.cpp[0627]08/10 00:43:41 ServerAnimatedModels: cannot read file: file:data\models\AnimModels.xml id = dweller_brodyaga
E serverAnimatedModel.cpp[0627]08/10 00:43:41 ServerAnimatedModels: cannot read file: file:data\models\AnimModels.xml id = mask_debik
E serverAnimatedModel.cpp[0627]08/10 00:43:41 ServerAnimatedModels: cannot read file: file:data\models\AnimModels.xml id = big_brock_wall
E serverAnimatedModel.cpp[0627]08/10 00:43:41 ServerAnimatedModels: cannot read file: file:data\models\AnimModels.xml id = dub1_r2
E serverAnimatedModel.cpp[0627]08/10 00:43:41 ServerAnimatedModels: cannot read file: file:data\models\AnimModels.xml id = boss_barrel
I serverAnimatedModel.cpp[0630]08/10 00:43:41 ### Total time: 14937, GAM time: 13783
I       DataServer.cpp[0587]08/10 00:43:41 Loading Servers: data\models\commonservers.xml
E      serverMusic.cpp[0216]08/10 00:43:42 MusicServer: cannot read file: data\music\music.xml id = 'LaBelleTown'
E      serverMusic.cpp[0216]08/10 00:43:42 MusicServer: cannot read file: data\music\music.xml id = 'block6_driving2'
I            world.cpp[0210]08/10 00:43:42 ----------------------- Servers loaded in: 15550
I            world.cpp[0338]08/10 00:43:42 LoadWorld begin...
I            world.cpp[0350]08/10 00:43:42 %%%% read/parse xml: 14
E    serialization.cpp[0205]08/10 00:43:42 ChildNodeFromXmlNode: node w/ same name already exists as a child: 'ET_S_RAIN', address = 2046631748
I            world.cpp[0362]08/10 00:43:42 %%%% read from xml: 4
I            world.cpp[0444]08/10 00:43:42 %%%% link nodes: 32
I            world.cpp[0220]08/10 00:43:42 ----------------------- Nodes loaded in: 51
I            world.cpp[0228]08/10 00:43:42 ----------------------- Prefabs loaded in: 1
I           m3dapp.cpp[1336]08/10 00:43:42 d3d: Cannot open data\weatherTexs\LoadMe.txt
I           m3dapp.cpp[1336]08/10 00:43:42 d3d: texmap failed to load: data\weatherTexs\LoadMe.txt
I            world.cpp[0247]08/10 00:43:42 ----------------------- World loaded in: 16809
E        GamParser.cpp[0399]08/10 00:43:42 AnimatedModel::LoadGAM -- cannot open file data\models\roads\road_small_highway\small_highway_end.gam-
I      roadManager.cpp[0139]08/10 00:43:42 RoadManager error( model not loaded ): data\models\roads\road_small_highway\small_highway_end.gam-
I            world.cpp[0278]08/10 00:43:42 ----------------------- Roads loaded in: 476
I           view32.cpp[1078]08/10 00:43:43 Load Server begin...
I            Reply.cpp[0415]08/10 00:43:43 Replies were loaded successfully from file data\if\diz\DialogsGlobal.xml
I            Reply.cpp[0415]08/10 00:43:43 Replies were loaded successfully from file data\if\diz\DynamicDialogsGlobal.xml
I            Reply.cpp[0343]08/10 00:43:43 RepliesManager was inited successfully
I    GameUiManager.cpp[1603]08/10 00:43:43 Interface: loading resources ...
I     ObjectsIcons.cpp[0198]08/10 00:43:44 ObjectsIcons::AddIcon warning - ico with id SpeedPointer already exists and wiil be replaced
I    GameUiManager.cpp[1603]08/10 00:43:46 Interface: loading resources ...
I   TruxxUiManager.cpp[0974]08/10 00:43:46 Interface: is loaded successfully
I           server.cpp[0789]08/10 00:43:46 AI: Loading Server...
I           server.cpp[0796]08/10 00:43:46 	AI: Loading Relationship
I     Relationship.cpp[0134]08/10 00:43:46 		 File readed
I           server.cpp[0801]08/10 00:43:46 	AI: Loading SoilProps
I           server.cpp[0804]08/10 00:43:46 	AI: Loading ExternalPaths
I           server.cpp[0807]08/10 00:43:46 	AI: Loading PlayerPassMap
I           server.cpp[0813]08/10 00:43:46 	AI: Loading GameObjects
I           server.cpp[0816]08/10 00:43:46 	AI: Initializing VehicleGeneratorInfoCache
I           server.cpp[0820]08/10 00:43:46 	AI: Refreshing GameObjects
E      VehiclePart.cpp[0138]08/10 00:43:46 Error: collision geom in vehicle part name = 'boss04station' is not BOX
E      VehiclePart.cpp[0138]08/10 00:43:46 Error: collision geom in vehicle part name = 'heavy_dot1' is not BOX
I           server.cpp[0824]08/10 00:43:46 	AI: Loading QuestStates
I       QuestState.cpp[0904]08/10 00:43:46 Quest 'Human1_Quest1' can be given now
I       QuestState.cpp[0904]08/10 00:43:46 Quest 'Human1_Quest2' can be given now
I       QuestState.cpp[0904]08/10 00:43:46 Quest 'BenGoodEnd' can be given now
I       QuestState.cpp[0904]08/10 00:43:46 Quest 'q_PlaceWithSign' can be given now
I       QuestState.cpp[0904]08/10 00:43:46 Quest 'r3m2_OracleMemory' can be given now
I       QuestState.cpp[0904]08/10 00:43:46 Quest 'r3m2_TalkWithLisa' can be given now
I       QuestState.cpp[0904]08/10 00:43:46 Quest 'r3m2_TalkWithBenAboutCarAfterOracul' can be given now
I       QuestState.cpp[0904]08/10 00:43:46 Quest 'r3m2_FindInfoAboutFather' can be given now
I       QuestState.cpp[0904]08/10 00:43:46 Quest 'r3m1_LureMainDriud' can be given now
I       QuestState.cpp[0904]08/10 00:43:46 Quest 'r3m1_ClearSanctuary' can be given now
I       QuestState.cpp[0904]08/10 00:43:46 Quest 'r3m1_KnowAboutUluk' can be given now
I       QuestState.cpp[0904]08/10 00:43:46 Quest 'r3m1_RescueUlukCivil' can be given now
I       QuestState.cpp[0904]08/10 00:43:46 Quest 'q_VisitDruid' can be given now
I       QuestState.cpp[0904]08/10 00:43:46 Quest 'r2m2_Znaki2_Quest' can be given now
I       QuestState.cpp[0904]08/10 00:43:46 Quest 'r2m2_HeadsHunterQuest' can be given now
I       QuestState.cpp[0904]08/10 00:43:46 Quest 'r2m2_OldDvigatel1_Quest' can be given now
I       QuestState.cpp[0904]08/10 00:43:46 Quest 'r2m2_OldDvigatel2_Quest' can be given now
I       QuestState.cpp[0904]08/10 00:43:46 Quest 'r2m2_FightFelix' can be given now
I       QuestState.cpp[0904]08/10 00:43:46 Quest 'r2m2_ReturnToMarecciaFromCastle' can be given now
I       QuestState.cpp[0904]08/10 00:43:46 Quest 'r2m2_FightWithAxelInArena_Quest' can be given now
I       QuestState.cpp[0904]08/10 00:43:46 Quest 'r2m2_FindLisAfterAxelAndFatherDie_Quest' can be given now
I       QuestState.cpp[0904]08/10 00:43:46 Quest 'r2m2_ToLisaToMonastir' can be given now
I       QuestState.cpp[0904]08/10 00:43:46 Quest 'r2m2_FightLisaToMonastir' can be given now
I       QuestState.cpp[0904]08/10 00:43:46 Quest 'r2m2_GiveDisk2ToOrakul' can be given now
I       QuestState.cpp[0904]08/10 00:43:46 Quest 'MrShlyapa3_Quest' can be given now
I       QuestState.cpp[0904]08/10 00:43:46 Quest 'r2m1_ArtAntipod_Quest' can be given now
I       QuestState.cpp[0904]08/10 00:43:46 Quest 'r2m1_TakeNarcotics_Quest' can be given now
I       QuestState.cpp[0904]08/10 00:43:46 Quest 'r2m1_KillGodFather_Quest' can be given now
I       QuestState.cpp[0904]08/10 00:43:46 Quest 'MrShlyapaSecret' can be given now
I       QuestState.cpp[0904]08/10 00:43:46 Quest 'd_GetSupportOneOfTheBands2_Quest' can be given now
I       QuestState.cpp[0904]08/10 00:43:46 Quest 'd_GetSupportOneOfTheBands1_Quest' can be given now
I       QuestState.cpp[0904]08/10 00:43:46 Quest 'd_FindVerbInAR_Quest' can be given now
I       QuestState.cpp[0904]08/10 00:43:46 Quest 'd_FindVerbInSNG_Quest' can be given now
I       QuestState.cpp[0904]08/10 00:43:46 Quest 'd_PatrulSideSNG_Quest' can be given now
I       QuestState.cpp[0904]08/10 00:43:46 Quest 'd_TakeGeneralOfBandits_Quest' can be given now
I       QuestState.cpp[0904]08/10 00:43:46 Quest 'r2m1_TW_AlienInShip' can be given now
I       QuestState.cpp[0904]08/10 00:43:46 Quest 'Podderzhka_Quest' can be given now
I       QuestState.cpp[0904]08/10 00:43:46 Quest 'Zashita_Quest' can be given now
I       QuestState.cpp[0904]08/10 00:43:46 Quest 'preEretik_Quest' can be given now
I       QuestState.cpp[0904]08/10 00:43:46 Quest 'ReturnQuest' can be given now
I       QuestState.cpp[0904]08/10 00:43:46 Quest 'd_FindVerbInAM_Quest' can be given now
I       QuestState.cpp[0904]08/10 00:43:46 Quest 'OdettIsDead_Quest' can be given now
I       QuestState.cpp[0904]08/10 00:43:46 Quest 'Disk2OrakulLisa' can be given now
I       QuestState.cpp[0904]08/10 00:43:46 Quest 'FindGomerB_Quest1' can be given now
I       QuestState.cpp[0904]08/10 00:43:46 Quest 'FreeExtremistLeader_Quest1' can be given now
I       QuestState.cpp[0904]08/10 00:43:46 Quest 'KillExtremist_Quest1' can be given now
I       QuestState.cpp[0904]08/10 00:43:46 Quest 'r1m4_TalkWithOldTraderAboutSecondDisk' can be given now
I       QuestState.cpp[0904]08/10 00:43:46 Quest 'q_FindHusbent' can be given now
I       QuestState.cpp[0904]08/10 00:43:46 Quest 'RybakToOlm_Quest' can be given now
I       QuestState.cpp[0904]08/10 00:43:46 Quest 'AnanagaTech_Quest' can be given now
I       QuestState.cpp[0904]08/10 00:43:46 Quest 'MrShlyapa2_Quest' can be given now
I       QuestState.cpp[0904]08/10 00:43:46 Quest 'ToCordanToTikhomir_Quest' can be given now
I       QuestState.cpp[0904]08/10 00:43:46 Quest 'r1m3_BonnyAndKlideQuest' can be given now
I       QuestState.cpp[0904]08/10 00:43:46 Quest 'r1m3_ArchHelp' can be given now
I       QuestState.cpp[0904]08/10 00:43:46 Quest 'r1m3_CrazyManQuest' can be given now
I       QuestState.cpp[0904]08/10 00:43:46 Quest 'r1m3_OldTownOutsiderCar2_Quest' can be given now
I       QuestState.cpp[0904]08/10 00:43:46 Quest 'FightForPesht' can be given now
I       QuestState.cpp[0904]08/10 00:43:46 Quest 'd_RideAcrossBase_Quest' can be given now
I       QuestState.cpp[0904]08/10 00:43:46 Quest 'd_GiveMoneyToBase_Quest' can be given now
I       QuestState.cpp[0904]08/10 00:43:46 Quest 'd_GetBomb_Quest' can be given now
I       QuestState.cpp[0904]08/10 00:43:46 Quest 'd_IntrigaOfMerMinin_Quest' can be given now
I       QuestState.cpp[0904]08/10 00:43:46 Quest 'd_MoveFreelancersToOilMine_Quest' can be given now
I       QuestState.cpp[0904]08/10 00:43:46 Quest 'd_MoveCanistraToMinin_Quest' can be given now
I       QuestState.cpp[0904]08/10 00:43:46 Quest 'd_OpenTunel_Quest' can be given now
I       QuestState.cpp[0904]08/10 00:43:46 Quest 'r1m3_TalkWithThiefFromFatherHouse' can be given now
I       QuestState.cpp[0904]08/10 00:43:46 Quest 'r1m3_MoveToOraculAfterThief' can be given now
I       QuestState.cpp[0904]08/10 00:43:46 Quest 'r1m3_ToLisaToAsgard' can be given now
I       QuestState.cpp[0904]08/10 00:43:46 Quest 'r1m3_TW_OralceAboutAlien' can be given now
I       QuestState.cpp[0904]08/10 00:43:46 Quest 'r1m3_DestroyRadiationSource' can be given now
I       QuestState.cpp[0904]08/10 00:43:46 Quest 'r2m1_DestroyAlienShip' can be given now
I       QuestState.cpp[0904]08/10 00:43:46 Quest 'd_PayWorkersMoney_Quest' can be given now
I       QuestState.cpp[0904]08/10 00:43:46 Quest 'r2m1_TW_SellsCivilian' can be given now
I       QuestState.cpp[0904]08/10 00:43:46 Quest 'MorskieVrata2_Quest' can be given now
I       QuestState.cpp[0904]08/10 00:43:46 Quest 'Zachisti1_Quest' can be given now
I       QuestState.cpp[0904]08/10 00:43:46 Quest 'LisaVPeshte' can be given now
I       QuestState.cpp[0904]08/10 00:43:46 Quest 'LisaUBena' can be given now
I       QuestState.cpp[0904]08/10 00:43:46 Quest 'WhereSigns_Quest' can be given now
I       QuestState.cpp[0904]08/10 00:43:46 Quest 'CombatInKollizey_Quest' can be given now
I       QuestState.cpp[0904]08/10 00:43:46 Quest 'BuyKollizey_Quest' can be given now
I       QuestState.cpp[0904]08/10 00:43:46 Quest 'Kollizey_Quest' can be given now
I       QuestState.cpp[0904]08/10 00:43:46 Quest 'HelpRuins_Quest' can be given now
I       QuestState.cpp[0904]08/10 00:43:46 Quest 'DestroyRuins_Quest' can be given now
I       QuestState.cpp[0904]08/10 00:43:46 Quest 'DestroyRuins2_Quest' can be given now
I       QuestState.cpp[0904]08/10 00:43:46 Quest 'Signs_Quest' can be given now
I       QuestState.cpp[0904]08/10 00:43:46 Quest 'MrShlyapa1_Quest' can be given now
I       QuestState.cpp[0904]08/10 00:43:46 Quest 'FindBen2_Quest' can be given now
I       QuestState.cpp[0904]08/10 00:43:46 Quest 'd_FindHouseOfBen_Quest' can be given now
I       QuestState.cpp[0904]08/10 00:43:46 Quest 'r1m2_TW_BanAboutAlien' can be given now
I       QuestState.cpp[0904]08/10 00:43:46 Quest 'r1m3_DestroyOracle' can be given now
I       QuestState.cpp[0904]08/10 00:43:46 Quest 'Pomiritsa_Quest' can be given now
I       QuestState.cpp[0904]08/10 00:43:46 Quest 'VYar_Quest' can be given now
I       QuestState.cpp[0904]08/10 00:43:46 Quest 'FindBenMZ_Quest' can be given now
I       QuestState.cpp[0904]08/10 00:43:46 Quest 'QuickFindBen' can be given now
I       QuestState.cpp[0904]08/10 00:43:46 Quest 'OpenMid_Quest' can be given now
I       QuestState.cpp[0904]08/10 00:43:46 Quest 'TalkBeforeDesert' can be given now
I       QuestState.cpp[0904]08/10 00:43:46 Quest 'ZashitaGotova' can be given now
I       QuestState.cpp[0904]08/10 00:43:46 Quest 'FakeQuest1' can be given now
I       QuestState.cpp[0904]08/10 00:43:46 Quest 'Chehly_Quest' can be given now
I       QuestState.cpp[0904]08/10 00:43:46 Quest 'WorkGiver_Quest1' can be given now
I       QuestState.cpp[0904]08/10 00:43:46 Quest 'd_PunishBandits_Quest' can be given now
I       QuestState.cpp[0904]08/10 00:43:46 Quest 'r1m1_Hospital_Quest' can be given now
I       QuestState.cpp[0904]08/10 00:43:46 Quest 'r1m1_Botanik_Quest' can be given now
I       QuestState.cpp[0904]08/10 00:43:46 Quest 'r1m1_FindBotanik_Quest' can be given now
I       QuestState.cpp[0904]08/10 00:43:46 Quest 'Buyer_Quest1' can be given now
I       QuestState.cpp[0904]08/10 00:43:46 Quest 'FirstTimePlay' can be given now
I       QuestState.cpp[0904]08/10 00:43:46 Quest 'TalkWithFather_Quest' can be given now
I       QuestState.cpp[0904]08/10 00:43:46 Quest 'LisaAtSouth' can be given now
I       QuestState.cpp[0904]08/10 00:43:46 Quest 'FindBen_Quest' can be given now
I       QuestState.cpp[0904]08/10 00:43:46 Quest 'FindBenAgain_Quest' can be given now
I       QuestState.cpp[0904]08/10 00:43:46 Quest 'd_SinFather_Quest' can be given now
I       QuestState.cpp[0904]08/10 00:43:46 Quest 'TalkToVasily' can be given now
I       QuestState.cpp[0904]08/10 00:43:46 Quest 'CheckTheEast' can be given now
I       QuestState.cpp[0904]08/10 00:43:46 Quest 'BenSouth_Quest' can be given now
I           server.cpp[0826]08/10 00:43:46 	AI: QuestStates loaded
I           server.cpp[0828]08/10 00:43:46 	AI: Loading DynamicScene
I     DynamicScene.cpp[1470]08/10 00:43:46 		 Scene loading begin
E              Gun.cpp[0866]08/10 00:43:46 Error: LoadPoint not found: LP_GUN for Mortar id = 436 prototype = 'omega01', modelName = omega01
E              Gun.cpp[0866]08/10 00:43:46 Error: LoadPoint not found: LP_GUN for Mortar id = 439 prototype = 'omega01', modelName = omega01
E              Gun.cpp[0866]08/10 00:43:46 Error: LoadPoint not found: LP_GUN for Mortar id = 442 prototype = 'omega01', modelName = omega01
E              Gun.cpp[0866]08/10 00:43:46 Error: LoadPoint not found: LP_GUN for Mortar id = 445 prototype = 'omega01', modelName = omega01
E              Gun.cpp[0866]08/10 00:43:46 Error: LoadPoint not found: LP_GUN for Mortar id = 448 prototype = 'omega01', modelName = omega01
E              Gun.cpp[0866]08/10 00:43:46 Error: LoadPoint not found: LP_GUN for Mortar id = 451 prototype = 'omega01', modelName = omega01
E              Gun.cpp[0866]08/10 00:43:46 Error: LoadPoint not found: LP_GUN for Mortar id = 454 prototype = 'omega01', modelName = omega01
E              Gun.cpp[0866]08/10 00:43:46 Error: LoadPoint not found: LP_GUN for Mortar id = 457 prototype = 'omega01', modelName = omega01
E              Gun.cpp[0866]08/10 00:43:46 Error: LoadPoint not found: LP_GUN for Mortar id = 460 prototype = 'omega01', modelName = omega01
E              Gun.cpp[0866]08/10 00:43:46 Error: LoadPoint not found: LP_GUN for Mortar id = 463 prototype = 'omega01', modelName = omega01
E              Gun.cpp[0866]08/10 00:43:46 Error: LoadPoint not found: LP_GUN for Mortar id = 466 prototype = 'omega01', modelName = omega01
E              Gun.cpp[0866]08/10 00:43:46 Error: LoadPoint not found: LP_GUN for Mortar id = 469 prototype = 'omega01', modelName = omega01
E              Gun.cpp[0866]08/10 00:43:46 Error: LoadPoint not found: LP_GUN for Mortar id = 472 prototype = 'omega01', modelName = omega01
E              Gun.cpp[0866]08/10 00:43:46 Error: LoadPoint not found: LP_GUN for Mortar id = 475 prototype = 'omega01', modelName = omega01
E              Gun.cpp[0866]08/10 00:43:46 Error: LoadPoint not found: LP_GUN for Mortar id = 478 prototype = 'omega01', modelName = omega01
E              Gun.cpp[0866]08/10 00:43:46 Error: LoadPoint not found: LP_GUN for Mortar id = 481 prototype = 'omega01', modelName = omega01
E              Gun.cpp[0866]08/10 00:43:46 Error: LoadPoint not found: LP_GUN for Mortar id = 484 prototype = 'omega01', modelName = omega01
E              Gun.cpp[0866]08/10 00:43:46 Error: LoadPoint not found: LP_GUN for Mortar id = 487 prototype = 'omega01', modelName = omega01
E              Gun.cpp[0866]08/10 00:43:46 Error: LoadPoint not found: LP_GUN for Mortar id = 490 prototype = 'omega01', modelName = omega01
E              Gun.cpp[0866]08/10 00:43:46 Error: LoadPoint not found: LP_GUN for Mortar id = 493 prototype = 'omega01', modelName = omega01
E              Gun.cpp[0866]08/10 00:43:46 Error: LoadPoint not found: LP_GUN for Mortar id = 496 prototype = 'omega01', modelName = omega01
E              Gun.cpp[0866]08/10 00:43:46 Error: LoadPoint not found: LP_GUN for Mortar id = 499 prototype = 'omega01', modelName = omega01
E              Gun.cpp[0866]08/10 00:43:46 Error: LoadPoint not found: LP_GUN for Mortar id = 502 prototype = 'omega01', modelName = omega01
E              Gun.cpp[0866]08/10 00:43:46 Error: LoadPoint not found: LP_GUN for Mortar id = 505 prototype = 'omega01', modelName = omega01
E              Gun.cpp[0866]08/10 00:43:46 Error: LoadPoint not found: LP_GUN for Mortar id = 508 prototype = 'omega01', modelName = omega01
E              Gun.cpp[0866]08/10 00:43:46 Error: LoadPoint not found: LP_GUN for Mortar id = 511 prototype = 'omega01', modelName = omega01
E              Gun.cpp[0866]08/10 00:43:46 Error: LoadPoint not found: LP_GUN for Mortar id = 514 prototype = 'omega01', modelName = omega01
E              Gun.cpp[0866]08/10 00:43:46 Error: LoadPoint not found: LP_GUN for Mortar id = 517 prototype = 'omega01', modelName = omega01
I     DynamicScene.cpp[1472]08/10 00:43:46 		 Scene loading end
I           server.cpp[0837]08/10 00:43:46 	AI: DynamicScene loaded
I           server.cpp[0852]08/10 00:43:46 	AI: Loading Triggers
I           server.cpp[0855]08/10 00:43:46 	AI: Triggers loaded
I           server.cpp[0857]08/10 00:43:46 	AI: Loading Object Names
I           server.cpp[0868]08/10 00:43:46 	AI: Initing Player
I           server.cpp[0888]08/10 00:43:46 		Before first Update
I           server.cpp[0909]08/10 00:43:46 		After first Update
I           server.cpp[0911]08/10 00:43:46 AI: Finished Loading Server
I           view32.cpp[1106]08/10 00:43:46 Load server end
I        QuestInfo.cpp[0847]08/10 00:43:46 Quest infos were loaded successfully from file data\if\diz\QuestInfoGlobal.xml
I        QuestInfo.cpp[0783]08/10 00:43:46 QuestInfo manager was inited successfully
I    GameUiManager.cpp[0303]08/10 00:43:46 Interface: is initializing...
I    GameUiManager.cpp[0395]08/10 00:43:46 Interface: is inited successfully
I     GlobalMapWnd.cpp[0157]08/10 00:43:46 Make control error: control mainmenu_ico is not found or incorrect type
I     GlobalMapWnd.cpp[0157]08/10 00:43:46 Make control error: control r1m8_ico is not found or incorrect type
I     GlobalMapWnd.cpp[0157]08/10 00:43:46 Make control error: control r1m7_ico is not found or incorrect type
I     GlobalMapWnd.cpp[0157]08/10 00:43:46 Make control error: control r4m0_ico is not found or incorrect type
I     GlobalMapWnd.cpp[0157]08/10 00:43:46 Make control error: control r9m1_ico is not found or incorrect type
I     GlobalMapWnd.cpp[0203]08/10 00:43:46 GlobalMapWnd: error - fail to init because of a bad resource
I blockMusicManager.cpp[0185]08/10 00:43:46 BlockMusicManager: start playing new music: blockNum = 18, musicType = 0, name = 'r11_1_driving'
I       console_string[0236]08/10 00:44:11 ---------------------- CHEAT WAS USED --------- ANTICHEAT -----------------
I        FadingMsg.cpp[0199]08/10 00:44:11 Fading message: '@FFFF1493Обнаружено использование чит-кодов. Система достижений @FFFF0000ЗАБЛОКИРОВАНА. @FFFF1493В техподдержке @FFFF0000ОТКАЗАНО.'
I        FadingMsg.cpp[0199]08/10 00:44:11 Fading message: '@FFFF1493Обнаружено использование чит-кодов. Система достижений @FFFF0000ЗАБЛОКИРОВАНА. @FFFF1493В техподдержке @FFFF0000ОТКАЗАНО.'
I             util.cpp[0423]08/10 00:44:18 Maximum joint count reached: 25
I           m3dapp.cpp[1336]08/10 00:45:32 d3d: Cannot open data\weatherTexs\LoadMe.txt
I           m3dapp.cpp[1336]08/10 00:45:32 d3d: texmap failed to load: data\weatherTexs\LoadMe.txt
I        SplashWnd.cpp[0244]08/10 00:50:36 Start splashing 11
I   TruxxUiManager.cpp[1422]08/10 00:50:36 Game mode changed. Old mode = 0, new mode = 0
I    GameUiManager.cpp[0405]08/10 00:50:36 Interface: is clearing...
I    GameUiManager.cpp[0495]08/10 00:50:36 Interface: is cleared successfully
I           view32.cpp[1048]08/10 00:50:37 -- Loading Level: data\maps\r8m1.ssl --
I            world.cpp[0132]08/10 00:50:37 ----------------------- World Loading
F        landscape.cpp[1674]08/10 00:50:37  +- Enter function: Landscape::Load()
I        landscape.cpp[1911]08/10 00:50:37  |  ----------------------- Normal map loaded in: 20
I        landscape.cpp[1920]08/10 00:50:38  |  ----------------------- Tiles loaded in: 990
I        landscape.cpp[1944]08/10 00:50:38  |  ----------------------- ShoreLine loaded in: 13
F        landscape.cpp[1944]08/10 00:50:38  +- Exit function: Landscape::Load()
I            world.cpp[0169]08/10 00:50:38 ----------------------- Landscape loaded in: 1212
I       DataServer.cpp[0587]08/10 00:50:38 Loading Servers: data\maps\r8m1\servers.xml
E serverAnimatedModel.cpp[0627]08/10 00:50:38 ServerAnimatedModels: cannot read file: file:data\models\AnimModels.xml id = exit
E serverAnimatedModel.cpp[0627]08/10 00:50:38 ServerAnimatedModels: cannot read file: file:data\models\AnimModels.xml id = dweller
E serverAnimatedModel.cpp[0627]08/10 00:50:38 ServerAnimatedModels: cannot read file: file:data\models\AnimModels.xml id = dweller2
E serverAnimatedModel.cpp[0627]08/10 00:50:38 ServerAnimatedModels: cannot read file: file:data\models\AnimModels.xml id = dweller3
E serverAnimatedModel.cpp[0627]08/10 00:50:38 ServerAnimatedModels: cannot read file: file:data\models\AnimModels.xml id = brick_debris1
E serverAnimatedModel.cpp[0627]08/10 00:50:38 ServerAnimatedModels: cannot read file: file:data\models\AnimModels.xml id = bottles
E serverAnimatedModel.cpp[0627]08/10 00:50:38 ServerAnimatedModels: cannot read file: file:data\models\AnimModels.xml id = kanistr
E serverAnimatedModel.cpp[0627]08/10 00:50:38 ServerAnimatedModels: cannot read file: file:data\models\AnimModels.xml id = dragon01
E serverAnimatedModel.cpp[0627]08/10 00:50:38 ServerAnimatedModels: cannot read file: file:data\models\AnimModels.xml id = dragon01gun
E serverAnimatedModel.cpp[0627]08/10 00:50:38 ServerAnimatedModels: cannot read file: file:data\models\AnimModels.xml id = octopus01
E serverAnimatedModel.cpp[0627]08/10 00:50:38 ServerAnimatedModels: cannot read file: file:data\models\AnimModels.xml id = octopus01gun
E serverAnimatedModel.cpp[0627]08/10 00:50:38 ServerAnimatedModels: cannot read file: file:data\models\AnimModels.xml id = kord01
E serverAnimatedModel.cpp[0627]08/10 00:50:38 ServerAnimatedModels: cannot read file: file:data\models\AnimModels.xml id = kord01gun
E serverAnimatedModel.cpp[0627]08/10 00:50:38 ServerAnimatedModels: cannot read file: file:data\models\AnimModels.xml id = vulcan01
E serverAnimatedModel.cpp[0627]08/10 00:50:38 ServerAnimatedModels: cannot read file: file:data\models\AnimModels.xml id = vulcan01gun
E serverAnimatedModel.cpp[0627]08/10 00:50:38 ServerAnimatedModels: cannot read file: file:data\models\AnimModels.xml id = rainmetal01
E serverAnimatedModel.cpp[0627]08/10 00:50:38 ServerAnimatedModels: cannot read file: file:data\models\AnimModels.xml id = rainmetal01gun
E serverAnimatedModel.cpp[0627]08/10 00:50:38 ServerAnimatedModels: cannot read file: file:data\models\AnimModels.xml id = kpvt01
E serverAnimatedModel.cpp[0627]08/10 00:50:38 ServerAnimatedModels: cannot read file: file:data\models\AnimModels.xml id = kpvt01gun
E serverAnimatedModel.cpp[0627]08/10 00:50:38 ServerAnimatedModels: cannot read file: file:data\models\AnimModels.xml id = hunterCab01
E serverAnimatedModel.cpp[0627]08/10 00:50:38 ServerAnimatedModels: cannot read file: file:data\models\AnimModels.xml id = hunterCab02
E serverAnimatedModel.cpp[0627]08/10 00:50:38 ServerAnimatedModels: cannot read file: file:data\models\AnimModels.xml id = hunterWheel01r
E serverAnimatedModel.cpp[0627]08/10 00:50:38 ServerAnimatedModels: cannot read file: file:data\models\AnimModels.xml id = heavy_dot_brocken1
E serverAnimatedModel.cpp[0627]08/10 00:50:38 ServerAnimatedModels: cannot read file: file:data\models\AnimModels.xml id = heavy_dot_brocken2
E serverAnimatedModel.cpp[0627]08/10 00:50:38 ServerAnimatedModels: cannot read file: file:data\models\AnimModels.xml id = heavy_dot_brocken3
E serverAnimatedModel.cpp[0627]08/10 00:50:38 ServerAnimatedModels: cannot read file: file:data\models\AnimModels.xml id = heavy_dot_brocken4
E serverAnimatedModel.cpp[0627]08/10 00:50:38 ServerAnimatedModels: cannot read file: file:data\models\AnimModels.xml id = brick_dots_brocken1
I serverAnimatedModel.cpp[0630]08/10 00:50:38 ### Total time: 140, GAM time: 0
I       DataServer.cpp[0587]08/10 00:50:41 Loading Servers: data\models\commonservers.xml
E      serverMusic.cpp[0216]08/10 00:50:41 MusicServer: cannot read file: data\music\music.xml id = 'LaBelleTown'
E      serverMusic.cpp[0216]08/10 00:50:41 MusicServer: cannot read file: data\music\music.xml id = 'block6_driving2'
I            world.cpp[0210]08/10 00:50:41 ----------------------- Servers loaded in: 3120
I            world.cpp[0338]08/10 00:50:41 LoadWorld begin...
I            world.cpp[0350]08/10 00:50:41 %%%% read/parse xml: 244
I            world.cpp[0362]08/10 00:50:42 %%%% read from xml: 221
I            world.cpp[0444]08/10 00:50:42 %%%% link nodes: 272
I            world.cpp[0220]08/10 00:50:42 ----------------------- Nodes loaded in: 741
I            world.cpp[0228]08/10 00:50:42 ----------------------- Prefabs loaded in: 1
I            world.cpp[0247]08/10 00:50:42 ----------------------- World loaded in: 5487
E        GamParser.cpp[0399]08/10 00:50:42 AnimatedModel::LoadGAM -- cannot open file data\models\roads\road_small_highway\small_highway_end.gam-
I      roadManager.cpp[0139]08/10 00:50:42 RoadManager error( model not loaded ): data\models\roads\road_small_highway\small_highway_end.gam-
I            world.cpp[0278]08/10 00:50:42 ----------------------- Roads loaded in: 394
I           view32.cpp[1078]08/10 00:50:42 Load Server begin...
I    GameUiManager.cpp[1603]08/10 00:50:42 Interface: loading resources ...
I   TruxxUiManager.cpp[0974]08/10 00:50:42 Interface: is loaded successfully
I           server.cpp[0789]08/10 00:50:42 AI: Loading Server...
I           server.cpp[0796]08/10 00:50:42 	AI: Loading Relationship
I     Relationship.cpp[0134]08/10 00:50:42 		 File readed
I           server.cpp[0801]08/10 00:50:42 	AI: Loading SoilProps
I           server.cpp[0804]08/10 00:50:42 	AI: Loading ExternalPaths
I           server.cpp[0807]08/10 00:50:42 	AI: Loading PlayerPassMap
I           server.cpp[0813]08/10 00:50:42 	AI: Loading GameObjects
I           server.cpp[0816]08/10 00:50:42 	AI: Initializing VehicleGeneratorInfoCache
I           server.cpp[0820]08/10 00:50:42 	AI: Refreshing GameObjects
E      VehiclePart.cpp[0138]08/10 00:50:43 Error: collision geom in vehicle part name = 'heavy_dot1' is not BOX
I           server.cpp[0824]08/10 00:50:43 	AI: Loading QuestStates
I       QuestState.cpp[0904]08/10 00:50:43 Quest 'Human1_Quest1' can be given now
I       QuestState.cpp[0904]08/10 00:50:43 Quest 'Human1_Quest2' can be given now
I       QuestState.cpp[0904]08/10 00:50:43 Quest 'BenGoodEnd' can be given now
I       QuestState.cpp[0904]08/10 00:50:43 Quest 'q_PlaceWithSign' can be given now
I       QuestState.cpp[0904]08/10 00:50:43 Quest 'r3m2_OracleMemory' can be given now
I       QuestState.cpp[0904]08/10 00:50:43 Quest 'r3m2_TalkWithLisa' can be given now
I       QuestState.cpp[0904]08/10 00:50:43 Quest 'r3m2_TalkWithBenAboutCarAfterOracul' can be given now
I       QuestState.cpp[0904]08/10 00:50:43 Quest 'r3m2_FindInfoAboutFather' can be given now
I       QuestState.cpp[0904]08/10 00:50:43 Quest 'r3m1_LureMainDriud' can be given now
I       QuestState.cpp[0904]08/10 00:50:43 Quest 'r3m1_ClearSanctuary' can be given now
I       QuestState.cpp[0904]08/10 00:50:43 Quest 'r3m1_KnowAboutUluk' can be given now
I       QuestState.cpp[0904]08/10 00:50:43 Quest 'r3m1_RescueUlukCivil' can be given now
I       QuestState.cpp[0904]08/10 00:50:43 Quest 'q_VisitDruid' can be given now
I       QuestState.cpp[0904]08/10 00:50:43 Quest 'r2m2_Znaki2_Quest' can be given now
I       QuestState.cpp[0904]08/10 00:50:43 Quest 'r2m2_HeadsHunterQuest' can be given now
I       QuestState.cpp[0904]08/10 00:50:43 Quest 'r2m2_OldDvigatel1_Quest' can be given now
I       QuestState.cpp[0904]08/10 00:50:43 Quest 'r2m2_OldDvigatel2_Quest' can be given now
I       QuestState.cpp[0904]08/10 00:50:43 Quest 'r2m2_FightFelix' can be given now
I       QuestState.cpp[0904]08/10 00:50:43 Quest 'r2m2_ReturnToMarecciaFromCastle' can be given now
I       QuestState.cpp[0904]08/10 00:50:43 Quest 'r2m2_FightWithAxelInArena_Quest' can be given now
I       QuestState.cpp[0904]08/10 00:50:43 Quest 'r2m2_FindLisAfterAxelAndFatherDie_Quest' can be given now
I       QuestState.cpp[0904]08/10 00:50:43 Quest 'r2m2_ToLisaToMonastir' can be given now
I       QuestState.cpp[0904]08/10 00:50:43 Quest 'r2m2_FightLisaToMonastir' can be given now
I       QuestState.cpp[0904]08/10 00:50:43 Quest 'r2m2_GiveDisk2ToOrakul' can be given now
I       QuestState.cpp[0904]08/10 00:50:43 Quest 'MrShlyapa3_Quest' can be given now
I       QuestState.cpp[0904]08/10 00:50:43 Quest 'r2m1_ArtAntipod_Quest' can be given now
I       QuestState.cpp[0904]08/10 00:50:43 Quest 'r2m1_TakeNarcotics_Quest' can be given now
I       QuestState.cpp[0904]08/10 00:50:43 Quest 'r2m1_KillGodFather_Quest' can be given now
I       QuestState.cpp[0904]08/10 00:50:43 Quest 'MrShlyapaSecret' can be given now
I       QuestState.cpp[0904]08/10 00:50:43 Quest 'd_GetSupportOneOfTheBands2_Quest' can be given now
I       QuestState.cpp[0904]08/10 00:50:43 Quest 'd_GetSupportOneOfTheBands1_Quest' can be given now
I       QuestState.cpp[0904]08/10 00:50:43 Quest 'd_FindVerbInAR_Quest' can be given now
I       QuestState.cpp[0904]08/10 00:50:43 Quest 'd_FindVerbInSNG_Quest' can be given now
I       QuestState.cpp[0904]08/10 00:50:43 Quest 'd_PatrulSideSNG_Quest' can be given now
I       QuestState.cpp[0904]08/10 00:50:43 Quest 'd_TakeGeneralOfBandits_Quest' can be given now
I       QuestState.cpp[0904]08/10 00:50:43 Quest 'r2m1_TW_AlienInShip' can be given now
I       QuestState.cpp[0904]08/10 00:50:43 Quest 'Podderzhka_Quest' can be given now
I       QuestState.cpp[0904]08/10 00:50:43 Quest 'Zashita_Quest' can be given now
I       QuestState.cpp[0904]08/10 00:50:43 Quest 'preEretik_Quest' can be given now
I       QuestState.cpp[0904]08/10 00:50:43 Quest 'ReturnQuest' can be given now
I       QuestState.cpp[0904]08/10 00:50:43 Quest 'd_FindVerbInAM_Quest' can be given now
I       QuestState.cpp[0904]08/10 00:50:43 Quest 'OdettIsDead_Quest' can be given now
I       QuestState.cpp[0904]08/10 00:50:43 Quest 'Disk2OrakulLisa' can be given now
I       QuestState.cpp[0904]08/10 00:50:43 Quest 'FindGomerB_Quest1' can be given now
I       QuestState.cpp[0904]08/10 00:50:43 Quest 'FreeExtremistLeader_Quest1' can be given now
I       QuestState.cpp[0904]08/10 00:50:43 Quest 'KillExtremist_Quest1' can be given now
I       QuestState.cpp[0904]08/10 00:50:43 Quest 'r1m4_TalkWithOldTraderAboutSecondDisk' can be given now
I       QuestState.cpp[0904]08/10 00:50:43 Quest 'q_FindHusbent' can be given now
I       QuestState.cpp[0904]08/10 00:50:43 Quest 'RybakToOlm_Quest' can be given now
I       QuestState.cpp[0904]08/10 00:50:43 Quest 'AnanagaTech_Quest' can be given now
I       QuestState.cpp[0904]08/10 00:50:43 Quest 'MrShlyapa2_Quest' can be given now
I       QuestState.cpp[0904]08/10 00:50:43 Quest 'ToCordanToTikhomir_Quest' can be given now
I       QuestState.cpp[0904]08/10 00:50:43 Quest 'r1m3_BonnyAndKlideQuest' can be given now
I       QuestState.cpp[0904]08/10 00:50:43 Quest 'r1m3_ArchHelp' can be given now
I       QuestState.cpp[0904]08/10 00:50:43 Quest 'r1m3_CrazyManQuest' can be given now
I       QuestState.cpp[0904]08/10 00:50:43 Quest 'r1m3_OldTownOutsiderCar2_Quest' can be given now
I       QuestState.cpp[0904]08/10 00:50:43 Quest 'FightForPesht' can be given now
I       QuestState.cpp[0904]08/10 00:50:43 Quest 'd_RideAcrossBase_Quest' can be given now
I       QuestState.cpp[0904]08/10 00:50:43 Quest 'd_GiveMoneyToBase_Quest' can be given now
I       QuestState.cpp[0904]08/10 00:50:43 Quest 'd_GetBomb_Quest' can be given now
I       QuestState.cpp[0904]08/10 00:50:43 Quest 'd_IntrigaOfMerMinin_Quest' can be given now
I       QuestState.cpp[0904]08/10 00:50:43 Quest 'd_MoveFreelancersToOilMine_Quest' can be given now
I       QuestState.cpp[0904]08/10 00:50:43 Quest 'd_MoveCanistraToMinin_Quest' can be given now
I       QuestState.cpp[0904]08/10 00:50:43 Quest 'd_OpenTunel_Quest' can be given now
I       QuestState.cpp[0904]08/10 00:50:43 Quest 'r1m3_TalkWithThiefFromFatherHouse' can be given now
I       QuestState.cpp[0904]08/10 00:50:43 Quest 'r1m3_MoveToOraculAfterThief' can be given now
I       QuestState.cpp[0904]08/10 00:50:43 Quest 'r1m3_ToLisaToAsgard' can be given now
I       QuestState.cpp[0904]08/10 00:50:43 Quest 'r1m3_TW_OralceAboutAlien' can be given now
I       QuestState.cpp[0904]08/10 00:50:43 Quest 'r1m3_DestroyRadiationSource' can be given now
I       QuestState.cpp[0904]08/10 00:50:43 Quest 'r2m1_DestroyAlienShip' can be given now
I       QuestState.cpp[0904]08/10 00:50:43 Quest 'd_PayWorkersMoney_Quest' can be given now
I       QuestState.cpp[0904]08/10 00:50:43 Quest 'r2m1_TW_SellsCivilian' can be given now
I       QuestState.cpp[0904]08/10 00:50:43 Quest 'MorskieVrata2_Quest' can be given now
I       QuestState.cpp[0904]08/10 00:50:43 Quest 'Zachisti1_Quest' can be given now
I       QuestState.cpp[0904]08/10 00:50:43 Quest 'LisaVPeshte' can be given now
I       QuestState.cpp[0904]08/10 00:50:43 Quest 'LisaUBena' can be given now
I       QuestState.cpp[0904]08/10 00:50:43 Quest 'WhereSigns_Quest' can be given now
I       QuestState.cpp[0904]08/10 00:50:43 Quest 'CombatInKollizey_Quest' can be given now
I       QuestState.cpp[0904]08/10 00:50:43 Quest 'BuyKollizey_Quest' can be given now
I       QuestState.cpp[0904]08/10 00:50:43 Quest 'Kollizey_Quest' can be given now
I       QuestState.cpp[0904]08/10 00:50:43 Quest 'HelpRuins_Quest' can be given now
I       QuestState.cpp[0904]08/10 00:50:43 Quest 'DestroyRuins_Quest' can be given now
I       QuestState.cpp[0904]08/10 00:50:43 Quest 'DestroyRuins2_Quest' can be given now
I       QuestState.cpp[0904]08/10 00:50:43 Quest 'Signs_Quest' can be given now
I       QuestState.cpp[0904]08/10 00:50:43 Quest 'MrShlyapa1_Quest' can be given now
I       QuestState.cpp[0904]08/10 00:50:43 Quest 'FindBen2_Quest' can be given now
I       QuestState.cpp[0904]08/10 00:50:43 Quest 'd_FindHouseOfBen_Quest' can be given now
I       QuestState.cpp[0904]08/10 00:50:43 Quest 'r1m2_TW_BanAboutAlien' can be given now
I       QuestState.cpp[0904]08/10 00:50:43 Quest 'r1m3_DestroyOracle' can be given now
I       QuestState.cpp[0904]08/10 00:50:43 Quest 'Pomiritsa_Quest' can be given now
I       QuestState.cpp[0904]08/10 00:50:43 Quest 'VYar_Quest' can be given now
I       QuestState.cpp[0904]08/10 00:50:43 Quest 'FindBenMZ_Quest' can be given now
I       QuestState.cpp[0904]08/10 00:50:43 Quest 'QuickFindBen' can be given now
I       QuestState.cpp[0904]08/10 00:50:43 Quest 'OpenMid_Quest' can be given now
I       QuestState.cpp[0904]08/10 00:50:43 Quest 'TalkBeforeDesert' can be given now
I       QuestState.cpp[0904]08/10 00:50:43 Quest 'ZashitaGotova' can be given now
I       QuestState.cpp[0904]08/10 00:50:43 Quest 'FakeQuest1' can be given now
I       QuestState.cpp[0904]08/10 00:50:43 Quest 'Chehly_Quest' can be given now
I       QuestState.cpp[0904]08/10 00:50:43 Quest 'WorkGiver_Quest1' can be given now
I       QuestState.cpp[0904]08/10 00:50:43 Quest 'd_PunishBandits_Quest' can be given now
I       QuestState.cpp[0904]08/10 00:50:43 Quest 'r1m1_Hospital_Quest' can be given now
I       QuestState.cpp[0904]08/10 00:50:43 Quest 'r1m1_Botanik_Quest' can be given now
I       QuestState.cpp[0904]08/10 00:50:43 Quest 'r1m1_FindBotanik_Quest' can be given now
I       QuestState.cpp[0904]08/10 00:50:43 Quest 'Buyer_Quest1' can be given now
I       QuestState.cpp[0904]08/10 00:50:43 Quest 'FirstTimePlay' can be given now
I       QuestState.cpp[0904]08/10 00:50:43 Quest 'TalkWithFather_Quest' can be given now
I       QuestState.cpp[0904]08/10 00:50:43 Quest 'LisaAtSouth' can be given now
I       QuestState.cpp[0904]08/10 00:50:43 Quest 'FindBen_Quest' can be given now
I       QuestState.cpp[0904]08/10 00:50:43 Quest 'FindBenAgain_Quest' can be given now
I       QuestState.cpp[0904]08/10 00:50:43 Quest 'd_SinFather_Quest' can be given now
I       QuestState.cpp[0904]08/10 00:50:43 Quest 'TalkToVasily' can be given now
I       QuestState.cpp[0904]08/10 00:50:43 Quest 'CheckTheEast' can be given now
I       QuestState.cpp[0904]08/10 00:50:43 Quest 'BenSouth_Quest' can be given now
I           server.cpp[0826]08/10 00:50:43 	AI: QuestStates loaded
I           server.cpp[0828]08/10 00:50:43 	AI: Loading DynamicScene
I     DynamicScene.cpp[1470]08/10 00:50:43 		 Scene loading begin
E     DynamicScene.cpp[1589]08/10 00:50:43 Attempting to load object Mariupol_Workshop of prototype workshop, but an object with this name already exists!
I     DynamicScene.cpp[1472]08/10 00:50:43 		 Scene loading end
I           server.cpp[0837]08/10 00:50:43 	AI: DynamicScene loaded
I           server.cpp[0852]08/10 00:50:43 	AI: Loading Triggers
I           server.cpp[0855]08/10 00:50:43 	AI: Triggers loaded
I           server.cpp[0857]08/10 00:50:43 	AI: Loading Object Names
I           server.cpp[0868]08/10 00:50:43 	AI: Initing Player
I           server.cpp[0888]08/10 00:50:43 		Before first Update
E              Gun.cpp[0866]08/10 00:50:43 Error: LoadPoint not found: LP_GUN for TurboAccelerationPusher id = 12868 prototype = 'someTurboAccelerationPusher', modelName = Turboakselerator
E              Gun.cpp[0866]08/10 00:50:43 Error: LoadPoint not found: LP_GUN for TurboAccelerationPusher id = 12869 prototype = 'someTurboAccelerationPusher', modelName = Turboakselerator
E              Gun.cpp[0866]08/10 00:50:43 Error: LoadPoint not found: LP_GUN for MinePusher id = 12874 prototype = 'minePusher', modelName = minoYkladchiK
E              Gun.cpp[0866]08/10 00:50:43 Error: LoadPoint not found: LP_GUN for MinePusher id = 12875 prototype = 'minePusher', modelName = minoYkladchiK
E              Gun.cpp[0866]08/10 00:50:43 Error: LoadPoint not found: LP_GUN for MinePusher id = 12876 prototype = 'minePusher', modelName = minoYkladchiK
E              Gun.cpp[0866]08/10 00:50:43 Error: LoadPoint not found: LP_GUN for MinePusher id = 12877 prototype = 'minePusher', modelName = minoYkladchiK
E              Gun.cpp[0866]08/10 00:50:43 Error: LoadPoint not found: LP_GUN for MinePusher id = 12878 prototype = 'minePusher', modelName = minoYkladchiK
E              Gun.cpp[0866]08/10 00:50:43 Error: LoadPoint not found: LP_GUN for MinePusher id = 12879 prototype = 'minePusher', modelName = minoYkladchiK
E              Gun.cpp[0866]08/10 00:50:43 Error: LoadPoint not found: LP_GUN for MinePusher id = 12880 prototype = 'minePusher', modelName = minoYkladchiK
E              Gun.cpp[0866]08/10 00:50:43 Error: LoadPoint not found: LP_GUN for MinePusher id = 12881 prototype = 'minePusher', modelName = minoYkladchiK
E              Gun.cpp[0866]08/10 00:50:43 Error: LoadPoint not found: LP_GUN for MinePusher id = 12882 prototype = 'minePusher', modelName = minoYkladchiK
E              Gun.cpp[0866]08/10 00:50:43 Error: LoadPoint not found: LP_GUN for MinePusher id = 12883 prototype = 'minePusher', modelName = minoYkladchiK
E              Gun.cpp[0866]08/10 00:50:43 Error: LoadPoint not found: LP_GUN for MinePusher id = 12884 prototype = 'minePusher', modelName = minoYkladchiK
E              Gun.cpp[0866]08/10 00:50:43 Error: LoadPoint not found: LP_GUN for MinePusher id = 12885 prototype = 'minePusher', modelName = minoYkladchiK
I DynamicQuestManager.cpp[0089]08/10 00:50:43 DynamicQuestReach id = 12886 prototype = 'dynamicQuestReach' created
I DynamicQuestManager.cpp[0090]08/10 00:50:43 targetName = 'Mariupol_Village', hirerName = 'Makedonovka_Village', reward = 250
E              Gun.cpp[0866]08/10 00:50:43 Error: LoadPoint not found: LP_GUN for MinePusher id = 12887 prototype = 'minePusher', modelName = minoYkladchiK
E              Gun.cpp[0866]08/10 00:50:43 Error: LoadPoint not found: LP_GUN for MinePusher id = 12888 prototype = 'minePusher', modelName = minoYkladchiK
E              Gun.cpp[0866]08/10 00:50:43 Error: LoadPoint not found: LP_GUN for MinePusher id = 12889 prototype = 'minePusher', modelName = minoYkladchiK
E              Gun.cpp[0866]08/10 00:50:43 Error: LoadPoint not found: LP_GUN for MinePusher id = 12890 prototype = 'minePusher', modelName = minoYkladchiK
E              Gun.cpp[0866]08/10 00:50:43 Error: LoadPoint not found: LP_GUN for MinePusher id = 12891 prototype = 'minePusher', modelName = minoYkladchiK
E              Gun.cpp[0866]08/10 00:50:43 Error: LoadPoint not found: LP_GUN for MinePusher id = 12892 prototype = 'minePusher', modelName = minoYkladchiK
E              Gun.cpp[0866]08/10 00:50:43 Error: LoadPoint not found: LP_GUN for MinePusher id = 12893 prototype = 'minePusher', modelName = minoYkladchiK
E              Gun.cpp[0866]08/10 00:50:43 Error: LoadPoint not found: LP_GUN for MinePusher id = 12894 prototype = 'minePusher', modelName = minoYkladchiK
E              Gun.cpp[0866]08/10 00:50:43 Error: LoadPoint not found: LP_GUN for MinePusher id = 12895 prototype = 'minePusher', modelName = minoYkladchiK
E              Gun.cpp[0866]08/10 00:50:43 Error: LoadPoint not found: LP_GUN for MinePusher id = 12896 prototype = 'minePusher', modelName = minoYkladchiK
E              Gun.cpp[0866]08/10 00:50:43 Error: LoadPoint not found: LP_GUN for MinePusher id = 12897 prototype = 'minePusher', modelName = minoYkladchiK
E              Gun.cpp[0866]08/10 00:50:43 Error: LoadPoint not found: LP_GUN for MinePusher id = 12898 prototype = 'minePusher', modelName = minoYkladchiK
I DynamicQuestManager.cpp[0089]08/10 00:50:43 DynamicQuestReach id = 12899 prototype = 'dynamicQuestReach' created
I DynamicQuestManager.cpp[0090]08/10 00:50:43 targetName = 'Mariupol_Village', hirerName = 'Berdanskoe_Village', reward = 250
E              Gun.cpp[0866]08/10 00:50:43 Error: LoadPoint not found: LP_GUN for MinePusher id = 12900 prototype = 'minePusher', modelName = minoYkladchiK
E              Gun.cpp[0866]08/10 00:50:43 Error: LoadPoint not found: LP_GUN for MinePusher id = 12901 prototype = 'minePusher', modelName = minoYkladchiK
E              Gun.cpp[0866]08/10 00:50:43 Error: LoadPoint not found: LP_GUN for MinePusher id = 12902 prototype = 'minePusher', modelName = minoYkladchiK
E              Gun.cpp[0866]08/10 00:50:43 Error: LoadPoint not found: LP_GUN for MinePusher id = 12903 prototype = 'minePusher', modelName = minoYkladchiK
E              Gun.cpp[0866]08/10 00:50:43 Error: LoadPoint not found: LP_GUN for MinePusher id = 12904 prototype = 'minePusher', modelName = minoYkladchiK
E              Gun.cpp[0866]08/10 00:50:43 Error: LoadPoint not found: LP_GUN for MinePusher id = 12905 prototype = 'minePusher', modelName = minoYkladchiK
E              Gun.cpp[0866]08/10 00:50:43 Error: LoadPoint not found: LP_GUN for MinePusher id = 12906 prototype = 'minePusher', modelName = minoYkladchiK
E              Gun.cpp[0866]08/10 00:50:43 Error: LoadPoint not found: LP_GUN for MinePusher id = 12907 prototype = 'minePusher', modelName = minoYkladchiK
E              Gun.cpp[0866]08/10 00:50:43 Error: LoadPoint not found: LP_GUN for MinePusher id = 12908 prototype = 'minePusher', modelName = minoYkladchiK
E              Gun.cpp[0866]08/10 00:50:43 Error: LoadPoint not found: LP_GUN for MinePusher id = 12909 prototype = 'minePusher', modelName = minoYkladchiK
E              Gun.cpp[0866]08/10 00:50:43 Error: LoadPoint not found: LP_GUN for MinePusher id = 12910 prototype = 'minePusher', modelName = minoYkladchiK
E              Gun.cpp[0866]08/10 00:50:43 Error: LoadPoint not found: LP_GUN for MinePusher id = 12911 prototype = 'minePusher', modelName = minoYkladchiK
E              Gun.cpp[0866]08/10 00:50:43 Error: LoadPoint not found: LP_GUN for MinePusher id = 12912 prototype = 'minePusher', modelName = minoYkladchiK
E              Gun.cpp[0866]08/10 00:50:43 Error: LoadPoint not found: LP_GUN for MinePusher id = 12913 prototype = 'minePusher', modelName = minoYkladchiK
E              Gun.cpp[0866]08/10 00:50:43 Error: LoadPoint not found: LP_GUN for MinePusher id = 12914 prototype = 'minePusher', modelName = minoYkladchiK
E              Gun.cpp[0866]08/10 00:50:43 Error: LoadPoint not found: LP_GUN for MinePusher id = 12915 prototype = 'minePusher', modelName = minoYkladchiK
E              Gun.cpp[0866]08/10 00:50:43 Error: LoadPoint not found: LP_GUN for MinePusher id = 12916 prototype = 'minePusher', modelName = minoYkladchiK
E              Gun.cpp[0866]08/10 00:50:43 Error: LoadPoint not found: LP_GUN for MinePusher id = 12917 prototype = 'minePusher', modelName = minoYkladchiK
E              Gun.cpp[0866]08/10 00:50:43 Error: LoadPoint not found: LP_GUN for MinePusher id = 12918 prototype = 'minePusher', modelName = minoYkladchiK
E              Gun.cpp[0866]08/10 00:50:43 Error: LoadPoint not found: LP_GUN for MinePusher id = 12919 prototype = 'minePusher', modelName = minoYkladchiK
E              Gun.cpp[0866]08/10 00:50:43 Error: LoadPoint not found: LP_GUN for MinePusher id = 12920 prototype = 'minePusher', modelName = minoYkladchiK
E              Gun.cpp[0866]08/10 00:50:43 Error: LoadPoint not found: LP_GUN for MinePusher id = 12921 prototype = 'minePusher', modelName = minoYkladchiK
E              Gun.cpp[0866]08/10 00:50:43 Error: LoadPoint not found: LP_GUN for MinePusher id = 12922 prototype = 'minePusher', modelName = minoYkladchiK
E              Gun.cpp[0866]08/10 00:50:43 Error: LoadPoint not found: LP_GUN for MinePusher id = 12923 prototype = 'minePusher', modelName = minoYkladchiK
I DynamicQuestManager.cpp[0089]08/10 00:50:43 DynamicQuestReach id = 12924 prototype = 'dynamicQuestReach' created
I DynamicQuestManager.cpp[0090]08/10 00:50:43 targetName = 'PetrolStationTown6302', hirerName = 'Topolinoe_Village', reward = 250
E              Gun.cpp[0866]08/10 00:50:43 Error: LoadPoint not found: LP_GUN for MinePusher id = 12925 prototype = 'minePusher', modelName = minoYkladchiK
E              Gun.cpp[0866]08/10 00:50:43 Error: LoadPoint not found: LP_GUN for MinePusher id = 12926 prototype = 'minePusher', modelName = minoYkladchiK
E              Gun.cpp[0866]08/10 00:50:43 Error: LoadPoint not found: LP_GUN for MinePusher id = 12927 prototype = 'minePusher', modelName = minoYkladchiK
E              Gun.cpp[0866]08/10 00:50:43 Error: LoadPoint not found: LP_GUN for MinePusher id = 12928 prototype = 'minePusher', modelName = minoYkladchiK
E              Gun.cpp[0866]08/10 00:50:43 Error: LoadPoint not found: LP_GUN for MinePusher id = 12929 prototype = 'minePusher', modelName = minoYkladchiK
E              Gun.cpp[0866]08/10 00:50:43 Error: LoadPoint not found: LP_GUN for MinePusher id = 12930 prototype = 'minePusher', modelName = minoYkladchiK
E              Gun.cpp[0866]08/10 00:50:43 Error: LoadPoint not found: LP_GUN for MinePusher id = 12931 prototype = 'minePusher', modelName = minoYkladchiK
E              Gun.cpp[0866]08/10 00:50:43 Error: LoadPoint not found: LP_GUN for MinePusher id = 12932 prototype = 'minePusher', modelName = minoYkladchiK
E              Gun.cpp[0866]08/10 00:50:43 Error: LoadPoint not found: LP_GUN for MinePusher id = 12933 prototype = 'minePusher', modelName = minoYkladchiK
E              Gun.cpp[0866]08/10 00:50:43 Error: LoadPoint not found: LP_GUN for MinePusher id = 12934 prototype = 'minePusher', modelName = minoYkladchiK
E              Gun.cpp[0866]08/10 00:50:43 Error: LoadPoint not found: LP_GUN for MinePusher id = 12935 prototype = 'minePusher', modelName = minoYkladchiK
E              Gun.cpp[0866]08/10 00:50:43 Error: LoadPoint not found: LP_GUN for MinePusher id = 12936 prototype = 'minePusher', modelName = minoYkladchiK
I           server.cpp[0909]08/10 00:50:43 		After first Update
I           server.cpp[0911]08/10 00:50:43 AI: Finished Loading Server
I           view32.cpp[1106]08/10 00:50:43 Load server end
I        QuestInfo.cpp[0847]08/10 00:50:43 Quest infos were loaded successfully from file data\if\diz\QuestInfoGlobal.xml
I        QuestInfo.cpp[0783]08/10 00:50:43 QuestInfo manager was inited successfully
I    GameUiManager.cpp[0303]08/10 00:50:43 Interface: is initializing...
I    GameUiManager.cpp[0395]08/10 00:50:43 Interface: is inited successfully
I blockMusicManager.cpp[0199]08/10 00:50:43 BlockMusicManager: resetting
I blockMusicManager.cpp[0185]08/10 00:50:43 BlockMusicManager: start playing new music: blockNum = 15, musicType = 0, name = 'r8_1_driving'
I           m3dapp.cpp[1288]08/10 00:52:04 Screen shot
I        SplashWnd.cpp[0244]08/10 00:52:07 Start splashing 11
I   TruxxUiManager.cpp[1422]08/10 00:52:07 Game mode changed. Old mode = 0, new mode = 0
I    GameUiManager.cpp[0405]08/10 00:52:07 Interface: is clearing...
I    GameUiManager.cpp[0495]08/10 00:52:07 Interface: is cleared successfully
I           view32.cpp[1048]08/10 00:52:07 -- Loading Level: data\maps\r4m0.ssl --
I            world.cpp[0132]08/10 00:52:07 ----------------------- World Loading
F        landscape.cpp[1674]08/10 00:52:07  +- Enter function: Landscape::Load()
I        landscape.cpp[1911]08/10 00:52:07  |  ----------------------- Normal map loaded in: 19
I        landscape.cpp[1920]08/10 00:52:08  |  ----------------------- Tiles loaded in: 943
I        landscape.cpp[1944]08/10 00:52:08  |  ----------------------- ShoreLine loaded in: 0
F        landscape.cpp[1944]08/10 00:52:08  +- Exit function: Landscape::Load()
I            world.cpp[0169]08/10 00:52:08 ----------------------- Landscape loaded in: 1032
I       DataServer.cpp[0587]08/10 00:52:08 Loading Servers: data\maps\r4m0\servers.xml
E serverAnimatedModel.cpp[0627]08/10 00:52:08 ServerAnimatedModels: cannot read file: file:data\models\AnimModels.xml id = well_col
I serverAnimatedModel.cpp[0630]08/10 00:52:08 ### Total time: 281, GAM time: 31
I       DataServer.cpp[0587]08/10 00:52:08 Loading Servers: data\models\commonservers.xml
E      serverMusic.cpp[0216]08/10 00:52:09 MusicServer: cannot read file: data\music\music.xml id = 'LaBelleTown'
E      serverMusic.cpp[0216]08/10 00:52:09 MusicServer: cannot read file: data\music\music.xml id = 'block6_driving2'
I            world.cpp[0210]08/10 00:52:09 ----------------------- Servers loaded in: 661
I            world.cpp[0338]08/10 00:52:09 LoadWorld begin...
I            world.cpp[0350]08/10 00:52:09 %%%% read/parse xml: 16
I    serialization.cpp[0374]08/10 00:52:09 ReadFromXmlNode: GetItemByName for name = metal_tube1 failed for node Object76483153. Taking a 0 model.
I    serialization.cpp[0374]08/10 00:52:09 ReadFromXmlNode: GetItemByName for name = long_vertical_tube failed for node Object76483178. Taking a 0 model.
I    serialization.cpp[0374]08/10 00:52:09 ReadFromXmlNode: GetItemByName for name = r3_junglebush1 failed for node Object76483218. Taking a 0 model.
I            world.cpp[0362]08/10 00:52:09 %%%% read from xml: 1
I            world.cpp[0444]08/10 00:52:09 %%%% link nodes: 25
I            world.cpp[0220]08/10 00:52:09 ----------------------- Nodes loaded in: 44
I            world.cpp[0228]08/10 00:52:09 ----------------------- Prefabs loaded in: 1
I            world.cpp[0247]08/10 00:52:09 ----------------------- World loaded in: 1954
E        GamParser.cpp[0399]08/10 00:52:09 AnimatedModel::LoadGAM -- cannot open file data\models\roads\road_small_highway\small_highway_end.gam-
I      roadManager.cpp[0139]08/10 00:52:09 RoadManager error( model not loaded ): data\models\roads\road_small_highway\small_highway_end.gam-
I            world.cpp[0278]08/10 00:52:09 ----------------------- Roads loaded in: 114
I           view32.cpp[1078]08/10 00:52:09 Load Server begin...
I    GameUiManager.cpp[1603]08/10 00:52:09 Interface: loading resources ...
I   TruxxUiManager.cpp[0974]08/10 00:52:09 Interface: is loaded successfully
I           server.cpp[0789]08/10 00:52:09 AI: Loading Server...
I           server.cpp[0796]08/10 00:52:09 	AI: Loading Relationship
I     Relationship.cpp[0134]08/10 00:52:09 		 File readed
I           server.cpp[0801]08/10 00:52:09 	AI: Loading SoilProps
I           server.cpp[0804]08/10 00:52:09 	AI: Loading ExternalPaths
I           server.cpp[0807]08/10 00:52:09 	AI: Loading PlayerPassMap
I           server.cpp[0813]08/10 00:52:09 	AI: Loading GameObjects
I           server.cpp[0816]08/10 00:52:09 	AI: Initializing VehicleGeneratorInfoCache
I           server.cpp[0820]08/10 00:52:09 	AI: Refreshing GameObjects
E      VehiclePart.cpp[0138]08/10 00:52:09 Error: collision geom in vehicle part name = 'heavy_dot1' is not BOX
I           server.cpp[0824]08/10 00:52:09 	AI: Loading QuestStates
I       QuestState.cpp[0904]08/10 00:52:09 Quest 'Human1_Quest1' can be given now
I       QuestState.cpp[0904]08/10 00:52:09 Quest 'Human1_Quest2' can be given now
I       QuestState.cpp[0904]08/10 00:52:09 Quest 'BenGoodEnd' can be given now
I       QuestState.cpp[0904]08/10 00:52:09 Quest 'q_PlaceWithSign' can be given now
I       QuestState.cpp[0904]08/10 00:52:09 Quest 'r3m2_OracleMemory' can be given now
I       QuestState.cpp[0904]08/10 00:52:09 Quest 'r3m2_TalkWithLisa' can be given now
I       QuestState.cpp[0904]08/10 00:52:09 Quest 'r3m2_TalkWithBenAboutCarAfterOracul' can be given now
I       QuestState.cpp[0904]08/10 00:52:09 Quest 'r3m2_FindInfoAboutFather' can be given now
I       QuestState.cpp[0904]08/10 00:52:09 Quest 'r3m1_LureMainDriud' can be given now
I       QuestState.cpp[0904]08/10 00:52:09 Quest 'r3m1_ClearSanctuary' can be given now
I       QuestState.cpp[0904]08/10 00:52:09 Quest 'r3m1_KnowAboutUluk' can be given now
I       QuestState.cpp[0904]08/10 00:52:09 Quest 'r3m1_RescueUlukCivil' can be given now
I       QuestState.cpp[0904]08/10 00:52:09 Quest 'q_VisitDruid' can be given now
I       QuestState.cpp[0904]08/10 00:52:09 Quest 'r2m2_Znaki2_Quest' can be given now
I       QuestState.cpp[0904]08/10 00:52:09 Quest 'r2m2_HeadsHunterQuest' can be given now
I       QuestState.cpp[0904]08/10 00:52:09 Quest 'r2m2_OldDvigatel1_Quest' can be given now
I       QuestState.cpp[0904]08/10 00:52:09 Quest 'r2m2_OldDvigatel2_Quest' can be given now
I       QuestState.cpp[0904]08/10 00:52:09 Quest 'r2m2_FightFelix' can be given now
I       QuestState.cpp[0904]08/10 00:52:09 Quest 'r2m2_ReturnToMarecciaFromCastle' can be given now
I       QuestState.cpp[0904]08/10 00:52:09 Quest 'r2m2_FightWithAxelInArena_Quest' can be given now
I       QuestState.cpp[0904]08/10 00:52:09 Quest 'r2m2_FindLisAfterAxelAndFatherDie_Quest' can be given now
I       QuestState.cpp[0904]08/10 00:52:09 Quest 'r2m2_ToLisaToMonastir' can be given now
I       QuestState.cpp[0904]08/10 00:52:09 Quest 'r2m2_FightLisaToMonastir' can be given now
I       QuestState.cpp[0904]08/10 00:52:09 Quest 'r2m2_GiveDisk2ToOrakul' can be given now
I       QuestState.cpp[0904]08/10 00:52:09 Quest 'MrShlyapa3_Quest' can be given now
I       QuestState.cpp[0904]08/10 00:52:09 Quest 'r2m1_ArtAntipod_Quest' can be given now
I       QuestState.cpp[0904]08/10 00:52:09 Quest 'r2m1_TakeNarcotics_Quest' can be given now
I       QuestState.cpp[0904]08/10 00:52:09 Quest 'r2m1_KillGodFather_Quest' can be given now
I       QuestState.cpp[0904]08/10 00:52:09 Quest 'MrShlyapaSecret' can be given now
I       QuestState.cpp[0904]08/10 00:52:09 Quest 'd_GetSupportOneOfTheBands2_Quest' can be given now
I       QuestState.cpp[0904]08/10 00:52:09 Quest 'd_GetSupportOneOfTheBands1_Quest' can be given now
I       QuestState.cpp[0904]08/10 00:52:09 Quest 'd_FindVerbInAR_Quest' can be given now
I       QuestState.cpp[0904]08/10 00:52:09 Quest 'd_FindVerbInSNG_Quest' can be given now
I       QuestState.cpp[0904]08/10 00:52:09 Quest 'd_PatrulSideSNG_Quest' can be given now
I       QuestState.cpp[0904]08/10 00:52:09 Quest 'd_TakeGeneralOfBandits_Quest' can be given now
I       QuestState.cpp[0904]08/10 00:52:09 Quest 'r2m1_TW_AlienInShip' can be given now
I       QuestState.cpp[0904]08/10 00:52:09 Quest 'Podderzhka_Quest' can be given now
I       QuestState.cpp[0904]08/10 00:52:09 Quest 'Zashita_Quest' can be given now
I       QuestState.cpp[0904]08/10 00:52:09 Quest 'preEretik_Quest' can be given now
I       QuestState.cpp[0904]08/10 00:52:09 Quest 'ReturnQuest' can be given now
I       QuestState.cpp[0904]08/10 00:52:09 Quest 'd_FindVerbInAM_Quest' can be given now
I       QuestState.cpp[0904]08/10 00:52:09 Quest 'OdettIsDead_Quest' can be given now
I       QuestState.cpp[0904]08/10 00:52:09 Quest 'Disk2OrakulLisa' can be given now
I       QuestState.cpp[0904]08/10 00:52:09 Quest 'FindGomerB_Quest1' can be given now
I       QuestState.cpp[0904]08/10 00:52:09 Quest 'FreeExtremistLeader_Quest1' can be given now
I       QuestState.cpp[0904]08/10 00:52:09 Quest 'KillExtremist_Quest1' can be given now
I       QuestState.cpp[0904]08/10 00:52:09 Quest 'r1m4_TalkWithOldTraderAboutSecondDisk' can be given now
I       QuestState.cpp[0904]08/10 00:52:09 Quest 'q_FindHusbent' can be given now
I       QuestState.cpp[0904]08/10 00:52:09 Quest 'RybakToOlm_Quest' can be given now
I       QuestState.cpp[0904]08/10 00:52:09 Quest 'AnanagaTech_Quest' can be given now
I       QuestState.cpp[0904]08/10 00:52:09 Quest 'MrShlyapa2_Quest' can be given now
I       QuestState.cpp[0904]08/10 00:52:09 Quest 'ToCordanToTikhomir_Quest' can be given now
I       QuestState.cpp[0904]08/10 00:52:09 Quest 'r1m3_BonnyAndKlideQuest' can be given now
I       QuestState.cpp[0904]08/10 00:52:09 Quest 'r1m3_ArchHelp' can be given now
I       QuestState.cpp[0904]08/10 00:52:09 Quest 'r1m3_CrazyManQuest' can be given now
I       QuestState.cpp[0904]08/10 00:52:09 Quest 'r1m3_OldTownOutsiderCar2_Quest' can be given now
I       QuestState.cpp[0904]08/10 00:52:09 Quest 'FightForPesht' can be given now
I       QuestState.cpp[0904]08/10 00:52:09 Quest 'd_RideAcrossBase_Quest' can be given now
I       QuestState.cpp[0904]08/10 00:52:09 Quest 'd_GiveMoneyToBase_Quest' can be given now
I       QuestState.cpp[0904]08/10 00:52:09 Quest 'd_GetBomb_Quest' can be given now
I       QuestState.cpp[0904]08/10 00:52:09 Quest 'd_IntrigaOfMerMinin_Quest' can be given now
I       QuestState.cpp[0904]08/10 00:52:09 Quest 'd_MoveFreelancersToOilMine_Quest' can be given now
I       QuestState.cpp[0904]08/10 00:52:09 Quest 'd_MoveCanistraToMinin_Quest' can be given now
I       QuestState.cpp[0904]08/10 00:52:09 Quest 'd_OpenTunel_Quest' can be given now
I       QuestState.cpp[0904]08/10 00:52:09 Quest 'r1m3_TalkWithThiefFromFatherHouse' can be given now
I       QuestState.cpp[0904]08/10 00:52:09 Quest 'r1m3_MoveToOraculAfterThief' can be given now
I       QuestState.cpp[0904]08/10 00:52:09 Quest 'r1m3_ToLisaToAsgard' can be given now
I       QuestState.cpp[0904]08/10 00:52:09 Quest 'r1m3_TW_OralceAboutAlien' can be given now
I       QuestState.cpp[0904]08/10 00:52:09 Quest 'r1m3_DestroyRadiationSource' can be given now
I       QuestState.cpp[0904]08/10 00:52:09 Quest 'r2m1_DestroyAlienShip' can be given now
I       QuestState.cpp[0904]08/10 00:52:09 Quest 'd_PayWorkersMoney_Quest' can be given now
I       QuestState.cpp[0904]08/10 00:52:09 Quest 'r2m1_TW_SellsCivilian' can be given now
I       QuestState.cpp[0904]08/10 00:52:09 Quest 'MorskieVrata2_Quest' can be given now
I       QuestState.cpp[0904]08/10 00:52:09 Quest 'Zachisti1_Quest' can be given now
I       QuestState.cpp[0904]08/10 00:52:09 Quest 'LisaVPeshte' can be given now
I       QuestState.cpp[0904]08/10 00:52:09 Quest 'LisaUBena' can be given now
I       QuestState.cpp[0904]08/10 00:52:09 Quest 'WhereSigns_Quest' can be given now
I       QuestState.cpp[0904]08/10 00:52:09 Quest 'CombatInKollizey_Quest' can be given now
I       QuestState.cpp[0904]08/10 00:52:09 Quest 'BuyKollizey_Quest' can be given now
I       QuestState.cpp[0904]08/10 00:52:09 Quest 'Kollizey_Quest' can be given now
I       QuestState.cpp[0904]08/10 00:52:09 Quest 'HelpRuins_Quest' can be given now
I       QuestState.cpp[0904]08/10 00:52:09 Quest 'DestroyRuins_Quest' can be given now
I       QuestState.cpp[0904]08/10 00:52:09 Quest 'DestroyRuins2_Quest' can be given now
I       QuestState.cpp[0904]08/10 00:52:09 Quest 'Signs_Quest' can be given now
I       QuestState.cpp[0904]08/10 00:52:09 Quest 'MrShlyapa1_Quest' can be given now
I       QuestState.cpp[0904]08/10 00:52:09 Quest 'FindBen2_Quest' can be given now
I       QuestState.cpp[0904]08/10 00:52:09 Quest 'd_FindHouseOfBen_Quest' can be given now
I       QuestState.cpp[0904]08/10 00:52:09 Quest 'r1m2_TW_BanAboutAlien' can be given now
I       QuestState.cpp[0904]08/10 00:52:09 Quest 'r1m3_DestroyOracle' can be given now
I       QuestState.cpp[0904]08/10 00:52:09 Quest 'Pomiritsa_Quest' can be given now
I       QuestState.cpp[0904]08/10 00:52:09 Quest 'VYar_Quest' can be given now
I       QuestState.cpp[0904]08/10 00:52:09 Quest 'FindBenMZ_Quest' can be given now
I       QuestState.cpp[0904]08/10 00:52:09 Quest 'QuickFindBen' can be given now
I       QuestState.cpp[0904]08/10 00:52:09 Quest 'OpenMid_Quest' can be given now
I       QuestState.cpp[0904]08/10 00:52:09 Quest 'TalkBeforeDesert' can be given now
I       QuestState.cpp[0904]08/10 00:52:09 Quest 'ZashitaGotova' can be given now
I       QuestState.cpp[0904]08/10 00:52:09 Quest 'FakeQuest1' can be given now
I       QuestState.cpp[0904]08/10 00:52:09 Quest 'Chehly_Quest' can be given now
I       QuestState.cpp[0904]08/10 00:52:09 Quest 'WorkGiver_Quest1' can be given now
I       QuestState.cpp[0904]08/10 00:52:09 Quest 'd_PunishBandits_Quest' can be given now
I       QuestState.cpp[0904]08/10 00:52:09 Quest 'r1m1_Hospital_Quest' can be given now
I       QuestState.cpp[0904]08/10 00:52:09 Quest 'r1m1_Botanik_Quest' can be given now
I       QuestState.cpp[0904]08/10 00:52:09 Quest 'r1m1_FindBotanik_Quest' can be given now
I       QuestState.cpp[0904]08/10 00:52:09 Quest 'Buyer_Quest1' can be given now
I       QuestState.cpp[0904]08/10 00:52:09 Quest 'FirstTimePlay' can be given now
I       QuestState.cpp[0904]08/10 00:52:09 Quest 'TalkWithFather_Quest' can be given now
I       QuestState.cpp[0904]08/10 00:52:09 Quest 'LisaAtSouth' can be given now
I       QuestState.cpp[0904]08/10 00:52:09 Quest 'FindBen_Quest' can be given now
I       QuestState.cpp[0904]08/10 00:52:09 Quest 'FindBenAgain_Quest' can be given now
I       QuestState.cpp[0904]08/10 00:52:09 Quest 'd_SinFather_Quest' can be given now
I       QuestState.cpp[0904]08/10 00:52:09 Quest 'TalkToVasily' can be given now
I       QuestState.cpp[0904]08/10 00:52:09 Quest 'CheckTheEast' can be given now
I       QuestState.cpp[0904]08/10 00:52:09 Quest 'BenSouth_Quest' can be given now
I           server.cpp[0826]08/10 00:52:09 	AI: QuestStates loaded
I           server.cpp[0828]08/10 00:52:09 	AI: Loading DynamicScene
I     DynamicScene.cpp[1470]08/10 00:52:09 		 Scene loading begin
I     DynamicScene.cpp[1472]08/10 00:52:09 		 Scene loading end
I           server.cpp[0837]08/10 00:52:09 	AI: DynamicScene loaded
I           server.cpp[0852]08/10 00:52:09 	AI: Loading Triggers
I           server.cpp[0855]08/10 00:52:09 	AI: Triggers loaded
I           server.cpp[0857]08/10 00:52:09 	AI: Loading Object Names
I           server.cpp[0868]08/10 00:52:09 	AI: Initing Player
I           server.cpp[0888]08/10 00:52:09 		Before first Update
E              Gun.cpp[0866]08/10 00:52:09 Error: LoadPoint not found: LP_GUN for MinePusher id = 121 prototype = 'minePusher', modelName = minoYkladchiK
E              Gun.cpp[0866]08/10 00:52:09 Error: LoadPoint not found: LP_GUN for MinePusher id = 122 prototype = 'minePusher', modelName = minoYkladchiK
E              Gun.cpp[0866]08/10 00:52:09 Error: LoadPoint not found: LP_GUN for MinePusher id = 123 prototype = 'minePusher', modelName = minoYkladchiK
E              Gun.cpp[0866]08/10 00:52:09 Error: LoadPoint not found: LP_GUN for MinePusher id = 124 prototype = 'minePusher', modelName = minoYkladchiK
E              Gun.cpp[0866]08/10 00:52:09 Error: LoadPoint not found: LP_GUN for MinePusher id = 125 prototype = 'minePusher', modelName = minoYkladchiK
E              Gun.cpp[0866]08/10 00:52:09 Error: LoadPoint not found: LP_GUN for MinePusher id = 126 prototype = 'minePusher', modelName = minoYkladchiK
E              Gun.cpp[0866]08/10 00:52:09 Error: LoadPoint not found: LP_GUN for MinePusher id = 127 prototype = 'minePusher', modelName = minoYkladchiK
E              Gun.cpp[0866]08/10 00:52:09 Error: LoadPoint not found: LP_GUN for MinePusher id = 128 prototype = 'minePusher', modelName = minoYkladchiK
E              Gun.cpp[0866]08/10 00:52:09 Error: LoadPoint not found: LP_GUN for MinePusher id = 129 prototype = 'minePusher', modelName = minoYkladchiK
E              Gun.cpp[0866]08/10 00:52:09 Error: LoadPoint not found: LP_GUN for MinePusher id = 130 prototype = 'minePusher', modelName = minoYkladchiK
E              Gun.cpp[0866]08/10 00:52:09 Error: LoadPoint not found: LP_GUN for MinePusher id = 131 prototype = 'minePusher', modelName = minoYkladchiK
E              Gun.cpp[0866]08/10 00:52:09 Error: LoadPoint not found: LP_GUN for MinePusher id = 132 prototype = 'minePusher', modelName = minoYkladchiK
I           server.cpp[0909]08/10 00:52:09 		After first Update
I           server.cpp[0911]08/10 00:52:09 AI: Finished Loading Server
I           view32.cpp[1106]08/10 00:52:09 Load server end
I        QuestInfo.cpp[0847]08/10 00:52:09 Quest infos were loaded successfully from file data\if\diz\QuestInfoGlobal.xml
I        QuestInfo.cpp[0783]08/10 00:52:09 QuestInfo manager was inited successfully
I    GameUiManager.cpp[0303]08/10 00:52:09 Interface: is initializing...
I    GameUiManager.cpp[0395]08/10 00:52:09 Interface: is inited successfully
I blockMusicManager.cpp[0199]08/10 00:52:09 BlockMusicManager: resetting
I blockMusicManager.cpp[0185]08/10 00:52:09 BlockMusicManager: start playing new music: blockNum = 9, musicType = 0, name = 'r4_0_driving'
I       console_string[0236]08/10 00:52:28 ---------------------- CHEAT WAS USED --------- ANTICHEAT -----------------
I        FadingMsg.cpp[0199]08/10 00:52:28 Fading message: '@FFFF1493Обнаружено использование чит-кодов. Система достижений @FFFF0000ЗАБЛОКИРОВАНА. @FFFF1493В техподдержке @FFFF0000ОТКАЗАНО.'
I        FadingMsg.cpp[0199]08/10 00:52:28 Fading message: '@FFFF1493Обнаружено использование чит-кодов. Система достижений @FFFF0000ЗАБЛОКИРОВАНА. @FFFF1493В техподдержке @FFFF0000ОТКАЗАНО.'
E          Vehicle.cpp[5160]08/10 00:53:11 Error: LoadPoint not found: LP_SSP03L for model 'dozerChassis'
E ComplexPhysicObj.cpp[1428]08/10 00:53:11 Error: LoadPoint not found! Model = 'hunterCab01', lp = LP_BIG01 for Vehicle id = 218 prototype = 'Hunter02'
E ComplexPhysicObj.cpp[1428]08/10 00:53:11 Error: LoadPoint not found! Model = 'hunterCab01', lp = LP_SML01 for Vehicle id = 218 prototype = 'Hunter02'
E ComplexPhysicObj.cpp[1428]08/10 00:53:11 Error: LoadPoint not found! Model = 'hunterCab01', lp = LP_SML01 for Vehicle id = 218 prototype = 'Hunter02'
E            Affix.cpp[0075]08/10 00:53:11 Error: attempt to apply affix 'useless_gun' for property 'Accuracy' of RocketLauncher id = 230 prototype = 'hunterLauncher'
E ComplexPhysicObj.cpp[1428]08/10 00:53:11 Error: LoadPoint not found! Model = 'hunterCab01', lp = LP_BIG01 for Vehicle id = 232 prototype = 'Hunter02'
E ComplexPhysicObj.cpp[1428]08/10 00:53:11 Error: LoadPoint not found! Model = 'hunterCab01', lp = LP_SML01 for Vehicle id = 232 prototype = 'Hunter02'
E ComplexPhysicObj.cpp[1428]08/10 00:53:11 Error: LoadPoint not found! Model = 'hunterCab01', lp = LP_SML01 for Vehicle id = 232 prototype = 'Hunter02'
E            Affix.cpp[0075]08/10 00:53:11 Error: attempt to apply affix 'useless_gun' for property 'Accuracy' of RocketLauncher id = 244 prototype = 'hunterLauncher'
E ComplexPhysicObj.cpp[1428]08/10 00:53:11 Error: LoadPoint not found! Model = 'uralCab01', lp = LP_BIG01 for Vehicle id = 311 prototype = 'Ural02'
E ComplexPhysicObj.cpp[1428]08/10 00:53:11 Error: LoadPoint not found! Model = 'uralCab01', lp = LP_BIG02 for Vehicle id = 311 prototype = 'Ural02'
E ComplexPhysicObj.cpp[1428]08/10 00:53:11 Error: LoadPoint not found! Model = 'uralCab01', lp = LP_BIG02 for Vehicle id = 311 prototype = 'Ural02'
E ComplexPhysicObj.cpp[1428]08/10 00:53:11 Error: LoadPoint not found! Model = 'molokovozCab01', lp = LP_SML01 for Vehicle id = 341 prototype = 'Molokovoz02'
E ComplexPhysicObj.cpp[1428]08/10 00:53:11 Error: LoadPoint not found! Model = 'molokovozCargo01', lp = LP_BIG01 for Vehicle id = 341 prototype = 'Molokovoz02'
E ComplexPhysicObj.cpp[1428]08/10 00:53:11 Error: LoadPoint not found! Model = 'molokovozCab01', lp = LP_SML01 for Vehicle id = 368 prototype = 'Molokovoz02'
E ComplexPhysicObj.cpp[1428]08/10 00:53:11 Error: LoadPoint not found! Model = 'molokovozCargo01', lp = LP_BIG01 for Vehicle id = 368 prototype = 'Molokovoz02'
E ComplexPhysicObj.cpp[1428]08/10 00:53:11 Error: LoadPoint not found! Model = 'molokovozCab01', lp = LP_SML01 for Vehicle id = 382 prototype = 'Molokovoz02'
E ComplexPhysicObj.cpp[1428]08/10 00:53:11 Error: LoadPoint not found! Model = 'molokovozCargo01', lp = LP_BIG01 for Vehicle id = 382 prototype = 'Molokovoz02'
E ComplexPhysicObj.cpp[1428]08/10 00:53:11 Error: LoadPoint not found! Model = 'hunterCab01', lp = LP_BIG01 for Vehicle id = 396 prototype = 'Hunter02'
E ComplexPhysicObj.cpp[1428]08/10 00:53:11 Error: LoadPoint not found! Model = 'hunterCab01', lp = LP_SML01 for Vehicle id = 396 prototype = 'Hunter02'
E ComplexPhysicObj.cpp[1428]08/10 00:53:11 Error: LoadPoint not found! Model = 'hunterCab01', lp = LP_SML01 for Vehicle id = 396 prototype = 'Hunter02'
E            Affix.cpp[0075]08/10 00:53:11 Error: attempt to apply affix 'useless_gun' for property 'Accuracy' of RocketLauncher id = 408 prototype = 'hunterLauncher'
E            Affix.cpp[0075]08/10 00:53:11 Error: attempt to apply affix 'without_sight_gun' for property 'Accuracy' of RocketLauncher id = 408 prototype = 'hunterLauncher'
E ComplexPhysicObj.cpp[1428]08/10 00:53:11 Error: LoadPoint not found! Model = 'belazCab05', lp = LP_SML01 for Vehicle id = 410 prototype = 'Belaz01'
E            Affix.cpp[0075]08/10 00:53:11 Error: attempt to apply affix 'without_sight_gun' for property 'Accuracy' of RocketLauncher id = 423 prototype = 'hunterLauncher'
E            Affix.cpp[0075]08/10 00:53:11 Error: attempt to apply affix 'rusty_gun' for property 'Accuracy' of RocketLauncher id = 423 prototype = 'hunterLauncher'
E ComplexPhysicObj.cpp[1428]08/10 00:53:11 Error: LoadPoint not found! Model = 'belazCab05', lp = LP_SML01 for Vehicle id = 426 prototype = 'Belaz01'
E            Affix.cpp[0075]08/10 00:53:11 Error: attempt to apply affix 'rusty_gun' for property 'Accuracy' of RocketLauncher id = 438 prototype = 'hunterLauncher'
E ComplexPhysicObj.cpp[1428]08/10 00:53:11 Error: LoadPoint not found! Model = 'hunterCab01', lp = LP_BIG01 for Vehicle id = 442 prototype = 'Hunter02'
E ComplexPhysicObj.cpp[1428]08/10 00:53:11 Error: LoadPoint not found! Model = 'hunterCab01', lp = LP_SML01 for Vehicle id = 442 prototype = 'Hunter02'
E ComplexPhysicObj.cpp[1428]08/10 00:53:11 Error: LoadPoint not found! Model = 'hunterCab01', lp = LP_SML01 for Vehicle id = 442 prototype = 'Hunter02'
I        FadingMsg.cpp[0199]08/10 00:53:36 Fading message: 'И снова в бой.'
I blockMusicManager.cpp[0185]08/10 00:53:36 BlockMusicManager: start playing new music: blockNum = 9, musicType = 1, name = 'r4_1_alarm'
I        FadingMsg.cpp[0199]08/10 00:53:46 Fading message: 'Не впервой! Выживем!'
I blockMusicManager.cpp[0185]08/10 00:53:46 BlockMusicManager: start playing new music: blockNum = 9, musicType = 2, name = 'r4_1_battle'
I        FadingMsg.cpp[0199]08/10 00:53:50 Fading message: 'Я бессмертен! Бессмер...'
I blockMusicManager.cpp[0199]08/10 00:53:55 BlockMusicManager: resetting
I blockMusicManager.cpp[0185]08/10 00:53:55 BlockMusicManager: start playing new music: blockNum = 9, musicType = 0, name = 'r4_0_driving'
E ComplexPhysicObj.cpp[1428]08/10 00:54:26 Error: LoadPoint not found! Model = 'fighterCab01', lp = LP_BIG01 for Vehicle id = 49300 prototype = 'Fighter02'
E            Affix.cpp[0075]08/10 00:54:26 Error: attempt to apply affix 'with_laser_sight_gun' for property 'Accuracy' of RocketLauncher id = 16860 prototype = 'hunterLauncher'
E            Affix.cpp[0075]08/10 00:54:26 Error: attempt to apply affix 'rusty_gun' for property 'Accuracy' of RocketLauncher id = 16860 prototype = 'hunterLauncher'
E            Affix.cpp[0075]08/10 00:54:26 Error: attempt to apply affix 'excellent_gun' for property 'Accuracy' of RocketLauncher id = 16860 prototype = 'hunterLauncher'
E ComplexPhysicObj.cpp[1428]08/10 00:54:26 Error: LoadPoint not found! Model = 'hunterCab01', lp = LP_BIG01 for Vehicle id = 16857 prototype = 'Hunter02'
E ComplexPhysicObj.cpp[1428]08/10 00:54:26 Error: LoadPoint not found! Model = 'hunterCab01', lp = LP_SML01 for Vehicle id = 16857 prototype = 'Hunter02'
E ComplexPhysicObj.cpp[1428]08/10 00:54:26 Error: LoadPoint not found! Model = 'hunterCab01', lp = LP_SML01 for Vehicle id = 16857 prototype = 'Hunter02'
E          Vehicle.cpp[5160]08/10 00:54:26 Error: LoadPoint not found: LP_SSP03L for model 'dozerChassis'
E ComplexPhysicObj.cpp[1428]08/10 00:54:26 Error: LoadPoint not found! Model = 'uralCab01', lp = LP_BIG01 for Vehicle id = 33016 prototype = 'Ural01'
E ComplexPhysicObj.cpp[1428]08/10 00:54:26 Error: LoadPoint not found! Model = 'molokovozCab01', lp = LP_SML01 for Vehicle id = 32923 prototype = 'Molokovoz02'
E ComplexPhysicObj.cpp[1428]08/10 00:54:26 Error: LoadPoint not found! Model = 'molokovozCargo01', lp = LP_BIG01 for Vehicle id = 32923 prototype = 'Molokovoz02'
E ComplexPhysicObj.cpp[1428]08/10 00:54:26 Error: LoadPoint not found! Model = 'fighterCab01', lp = LP_BIG01 for Vehicle id = 32942 prototype = 'Fighter02'
E ComplexPhysicObj.cpp[1428]08/10 00:54:26 Error: LoadPoint not found! Model = 'hunterCab01', lp = LP_BIG01 for Vehicle id = 32940 prototype = 'Hunter02'
E ComplexPhysicObj.cpp[1428]08/10 00:54:26 Error: LoadPoint not found! Model = 'hunterCab01', lp = LP_SML01 for Vehicle id = 32940 prototype = 'Hunter02'
E ComplexPhysicObj.cpp[1428]08/10 00:54:26 Error: LoadPoint not found! Model = 'hunterCab01', lp = LP_SML01 for Vehicle id = 32940 prototype = 'Hunter02'
E            Affix.cpp[0075]08/10 00:54:26 Error: attempt to apply affix 'without_sight_gun' for property 'Accuracy' of RocketLauncher id = 32956 prototype = 'hunterLauncher'
E ComplexPhysicObj.cpp[1428]08/10 00:54:26 Error: LoadPoint not found! Model = 'molokovozCab01', lp = LP_SML01 for Vehicle id = 32958 prototype = 'Molokovoz02'
E ComplexPhysicObj.cpp[1428]08/10 00:54:26 Error: LoadPoint not found! Model = 'molokovozCargo01', lp = LP_BIG01 for Vehicle id = 32958 prototype = 'Molokovoz02'
E ComplexPhysicObj.cpp[1428]08/10 00:54:26 Error: LoadPoint not found! Model = 'hunterCab01', lp = LP_BIG01 for Vehicle id = 33021 prototype = 'Hunter02'
E ComplexPhysicObj.cpp[1428]08/10 00:54:26 Error: LoadPoint not found! Model = 'hunterCab01', lp = LP_SML01 for Vehicle id = 33021 prototype = 'Hunter02'
E ComplexPhysicObj.cpp[1428]08/10 00:54:26 Error: LoadPoint not found! Model = 'hunterCab01', lp = LP_SML01 for Vehicle id = 33021 prototype = 'Hunter02'
E            Affix.cpp[0075]08/10 00:54:26 Error: attempt to apply affix 'without_sight_gun' for property 'Accuracy' of RocketLauncher id = 33037 prototype = 'hunterLauncher'
E ComplexPhysicObj.cpp[1428]08/10 00:54:26 Error: LoadPoint not found! Model = 'belazCab05', lp = LP_SML01 for Vehicle id = 33038 prototype = 'Belaz01'
E ComplexPhysicObj.cpp[1428]08/10 00:54:46 Error: LoadPoint not found! Model = 'fighterCab01', lp = LP_BIG01 for Vehicle id = 115125 prototype = 'Fighter02'
E            Affix.cpp[0075]08/10 00:54:46 Error: attempt to apply affix 'rusty_gun' for property 'Accuracy' of RocketLauncher id = 33011 prototype = 'hunterLauncher'
E ComplexPhysicObj.cpp[1428]08/10 00:54:46 Error: LoadPoint not found! Model = 'hunterCab01', lp = LP_BIG01 for Vehicle id = 33006 prototype = 'Hunter02'
E ComplexPhysicObj.cpp[1428]08/10 00:54:46 Error: LoadPoint not found! Model = 'hunterCab01', lp = LP_SML01 for Vehicle id = 33006 prototype = 'Hunter02'
E ComplexPhysicObj.cpp[1428]08/10 00:54:46 Error: LoadPoint not found! Model = 'hunterCab01', lp = LP_SML01 for Vehicle id = 33006 prototype = 'Hunter02'
E            Affix.cpp[0075]08/10 00:54:46 Error: attempt to apply affix 'useless_gun' for property 'Accuracy' of RocketLauncher id = 65830 prototype = 'hunterLauncher'
E ComplexPhysicObj.cpp[1428]08/10 00:54:46 Error: LoadPoint not found! Model = 'hunterCab01', lp = LP_BIG01 for Vehicle id = 65825 prototype = 'Hunter02'
E ComplexPhysicObj.cpp[1428]08/10 00:54:46 Error: LoadPoint not found! Model = 'hunterCab01', lp = LP_SML01 for Vehicle id = 65825 prototype = 'Hunter02'
E ComplexPhysicObj.cpp[1428]08/10 00:54:46 Error: LoadPoint not found! Model = 'hunterCab01', lp = LP_SML01 for Vehicle id = 65825 prototype = 'Hunter02'
E ComplexPhysicObj.cpp[1428]08/10 00:54:46 Error: LoadPoint not found! Model = 'uralCab01', lp = LP_BIG01 for Vehicle id = 49461 prototype = 'Ural01'
E            Affix.cpp[0075]08/10 00:54:46 Error: attempt to apply affix 'rusty_gun' for property 'Accuracy' of RocketLauncher id = 49324 prototype = 'hunterLauncher'
E ComplexPhysicObj.cpp[1428]08/10 00:54:46 Error: LoadPoint not found! Model = 'fighterCab01', lp = LP_BIG01 for Vehicle id = 49595 prototype = 'Fighter02'
E ComplexPhysicObj.cpp[1428]08/10 00:54:46 Error: LoadPoint not found! Model = 'molokovozCab01', lp = LP_SML01 for Vehicle id = 49492 prototype = 'Molokovoz02'
E ComplexPhysicObj.cpp[1428]08/10 00:54:46 Error: LoadPoint not found! Model = 'molokovozCargo01', lp = LP_BIG01 for Vehicle id = 49492 prototype = 'Molokovoz02'
E ComplexPhysicObj.cpp[1428]08/10 00:54:46 Error: LoadPoint not found! Model = 'belazCab05', lp = LP_SML01 for Vehicle id = 49374 prototype = 'Belaz01'
E            Affix.cpp[0075]08/10 00:54:46 Error: attempt to apply affix 'without_sight_gun' for property 'Accuracy' of RocketLauncher id = 49343 prototype = 'hunterLauncher'
E ComplexPhysicObj.cpp[1428]08/10 00:54:46 Error: LoadPoint not found! Model = 'hunterCab01', lp = LP_BIG01 for Vehicle id = 49341 prototype = 'Hunter02'
E ComplexPhysicObj.cpp[1428]08/10 00:54:46 Error: LoadPoint not found! Model = 'hunterCab01', lp = LP_SML01 for Vehicle id = 49341 prototype = 'Hunter02'
E ComplexPhysicObj.cpp[1428]08/10 00:54:46 Error: LoadPoint not found! Model = 'hunterCab01', lp = LP_SML01 for Vehicle id = 49341 prototype = 'Hunter02'
I       console_string[0236]08/10 00:56:09 ---------------------- CHEAT WAS USED --------- ANTICHEAT -----------------
I        FadingMsg.cpp[0199]08/10 00:56:09 Fading message: '@FFFF1493Обнаружено использование чит-кодов. Система достижений @FFFF0000ЗАБЛОКИРОВАНА. @FFFF1493В техподдержке @FFFF0000ОТКАЗАНО.'
I        FadingMsg.cpp[0199]08/10 00:56:09 Fading message: '@FFFF1493Обнаружено использование чит-кодов. Система достижений @FFFF0000ЗАБЛОКИРОВАНА. @FFFF1493В техподдержке @FFFF0000ОТКАЗАНО.'
E              Gun.cpp[0866]08/10 00:56:09 Error: LoadPoint not found: LP_GUN for ThunderboltLauncher id = 16611 prototype = 'zeus01L' name = 'BASKET_SIDE_GUN_L', modelName = zeus01L
E              Gun.cpp[0866]08/10 00:56:09 Error: LoadPoint not found: LP_GUN for ThunderboltLauncher id = 16610 prototype = 'zeus01R' name = 'BASKET_SIDE_GUN_R', modelName = zeus01R
E ComplexPhysicObj.cpp[1428]08/10 00:56:13 Error: LoadPoint not found! Model = 'fighterCab01', lp = LP_BIG01 for Vehicle id = 82265 prototype = 'Fighter02'
E ComplexPhysicObj.cpp[1428]08/10 00:56:13 Error: LoadPoint not found! Model = 'fighterCab01', lp = LP_BIG01 for Vehicle id = 65693 prototype = 'Fighter02'
E ComplexPhysicObj.cpp[1428]08/10 00:56:13 Error: LoadPoint not found! Model = 'hunterCab01', lp = LP_BIG01 for Vehicle id = 49625 prototype = 'Hunter02'
E ComplexPhysicObj.cpp[1428]08/10 00:56:13 Error: LoadPoint not found! Model = 'hunterCab01', lp = LP_SML01 for Vehicle id = 49625 prototype = 'Hunter02'
E ComplexPhysicObj.cpp[1428]08/10 00:56:13 Error: LoadPoint not found! Model = 'hunterCab01', lp = LP_SML01 for Vehicle id = 49625 prototype = 'Hunter02'
E            Affix.cpp[0075]08/10 00:56:13 Error: attempt to apply affix 'without_sight_gun' for property 'Accuracy' of RocketLauncher id = 65770 prototype = 'hunterLauncher'
E ComplexPhysicObj.cpp[1428]08/10 00:56:13 Error: LoadPoint not found! Model = 'hunterCab01', lp = LP_BIG01 for Vehicle id = 65769 prototype = 'Hunter02'
E ComplexPhysicObj.cpp[1428]08/10 00:56:13 Error: LoadPoint not found! Model = 'hunterCab01', lp = LP_SML01 for Vehicle id = 65769 prototype = 'Hunter02'
E ComplexPhysicObj.cpp[1428]08/10 00:56:13 Error: LoadPoint not found! Model = 'hunterCab01', lp = LP_SML01 for Vehicle id = 65769 prototype = 'Hunter02'
E            Affix.cpp[0075]08/10 00:56:13 Error: attempt to apply affix 'without_sight_gun' for property 'Accuracy' of RocketLauncher id = 65892 prototype = 'hunterLauncher'
E            Affix.cpp[0075]08/10 00:56:13 Error: attempt to apply affix 'useless_gun' for property 'Accuracy' of RocketLauncher id = 65892 prototype = 'hunterLauncher'
E            Affix.cpp[0075]08/10 00:56:13 Error: attempt to apply affix 'rusty_gun' for property 'Accuracy' of RocketLauncher id = 65689 prototype = 'hunterLauncher'
E ComplexPhysicObj.cpp[1428]08/10 00:56:13 Error: LoadPoint not found! Model = 'uralCab01', lp = LP_BIG01 for Vehicle id = 65977 prototype = 'Ural01'
E ComplexPhysicObj.cpp[1428]08/10 00:56:13 Error: LoadPoint not found! Model = 'uralCab01', lp = LP_BIG01 for Vehicle id = 65805 prototype = 'Ural02'
E ComplexPhysicObj.cpp[1428]08/10 00:56:13 Error: LoadPoint not found! Model = 'uralCab01', lp = LP_BIG02 for Vehicle id = 65805 prototype = 'Ural02'
E ComplexPhysicObj.cpp[1428]08/10 00:56:13 Error: LoadPoint not found! Model = 'uralCab01', lp = LP_BIG02 for Vehicle id = 65805 prototype = 'Ural02'
E ComplexPhysicObj.cpp[1428]08/10 00:56:13 Error: LoadPoint not found! Model = 'fighterCab01', lp = LP_BIG01 for Vehicle id = 82213 prototype = 'Fighter02'
E ComplexPhysicObj.cpp[1428]08/10 00:56:13 Error: LoadPoint not found! Model = 'fighterCab01', lp = LP_BIG01 for Vehicle id = 65798 prototype = 'Fighter02'
E ComplexPhysicObj.cpp[1428]08/10 00:56:13 Error: LoadPoint not found! Model = 'belazCab05', lp = LP_SML01 for Vehicle id = 49367 prototype = 'Belaz01'
E ComplexPhysicObj.cpp[1428]08/10 00:56:13 Error: LoadPoint not found! Model = 'hunterCab01', lp = LP_BIG01 for Vehicle id = 49410 prototype = 'Hunter02'
E ComplexPhysicObj.cpp[1428]08/10 00:56:13 Error: LoadPoint not found! Model = 'hunterCab01', lp = LP_SML01 for Vehicle id = 49410 prototype = 'Hunter02'
E ComplexPhysicObj.cpp[1428]08/10 00:56:13 Error: LoadPoint not found! Model = 'hunterCab01', lp = LP_SML01 for Vehicle id = 49410 prototype = 'Hunter02'
E            Affix.cpp[0075]08/10 00:56:13 Error: attempt to apply affix 'without_sight_gun' for property 'Accuracy' of RocketLauncher id = 33242 prototype = 'hunterLauncher'
I        FadingMsg.cpp[0199]08/10 00:56:41 Fading message: 'Нажмите гудок (%1m) для въезда в город'
E ComplexPhysicObj.cpp[1428]08/10 00:56:48 Error: LoadPoint not found! Model = 'fighterCab01', lp = LP_BIG01 for Vehicle id = 16518 prototype = 'Fighter02'
E ComplexPhysicObj.cpp[1428]08/10 00:56:48 Error: LoadPoint not found! Model = 'fighterCab01', lp = LP_BIG01 for Vehicle id = 98458 prototype = 'Fighter02'
E          Vehicle.cpp[5160]08/10 00:56:48 Error: LoadPoint not found: LP_SSP03L for model 'dozerChassis'
E          Vehicle.cpp[5160]08/10 00:56:48 Error: LoadPoint not found: LP_SSP03L for model 'dozerChassis'
E ComplexPhysicObj.cpp[1428]08/10 00:56:48 Error: LoadPoint not found! Model = 'uralCab01', lp = LP_BIG01 for Vehicle id = 98610 prototype = 'Ural01'
E ComplexPhysicObj.cpp[1428]08/10 00:56:48 Error: LoadPoint not found! Model = 'fighterCab01', lp = LP_BIG01 for Vehicle id = 82219 prototype = 'Fighter02'
E ComplexPhysicObj.cpp[1428]08/10 00:56:48 Error: LoadPoint not found! Model = 'uralCab01', lp = LP_BIG01 for Vehicle id = 82102 prototype = 'Ural02'
E ComplexPhysicObj.cpp[1428]08/10 00:56:48 Error: LoadPoint not found! Model = 'uralCab01', lp = LP_BIG02 for Vehicle id = 82102 prototype = 'Ural02'
E ComplexPhysicObj.cpp[1428]08/10 00:56:48 Error: LoadPoint not found! Model = 'uralCab01', lp = LP_BIG02 for Vehicle id = 82102 prototype = 'Ural02'
E ComplexPhysicObj.cpp[1428]08/10 00:56:48 Error: LoadPoint not found! Model = 'hunterCab01', lp = LP_BIG01 for Vehicle id = 82331 prototype = 'Hunter02'
E ComplexPhysicObj.cpp[1428]08/10 00:56:48 Error: LoadPoint not found! Model = 'hunterCab01', lp = LP_SML01 for Vehicle id = 82331 prototype = 'Hunter02'
E ComplexPhysicObj.cpp[1428]08/10 00:56:48 Error: LoadPoint not found! Model = 'hunterCab01', lp = LP_SML01 for Vehicle id = 82331 prototype = 'Hunter02'
E ComplexPhysicObj.cpp[1428]08/10 00:56:48 Error: LoadPoint not found! Model = 'molokovozCab01', lp = LP_SML01 for Vehicle id = 66009 prototype = 'Molokovoz02'
E ComplexPhysicObj.cpp[1428]08/10 00:56:48 Error: LoadPoint not found! Model = 'molokovozCargo01', lp = LP_BIG01 for Vehicle id = 66009 prototype = 'Molokovoz02'
E ComplexPhysicObj.cpp[1428]08/10 00:56:48 Error: LoadPoint not found! Model = 'belazCab05', lp = LP_SML01 for Vehicle id = 98553 prototype = 'Belaz01'
E ComplexPhysicObj.cpp[1428]08/10 00:56:48 Error: LoadPoint not found! Model = 'hunterCab01', lp = LP_BIG01 for Vehicle id = 98452 prototype = 'Hunter02'
E ComplexPhysicObj.cpp[1428]08/10 00:56:48 Error: LoadPoint not found! Model = 'hunterCab01', lp = LP_SML01 for Vehicle id = 98452 prototype = 'Hunter02'
E ComplexPhysicObj.cpp[1428]08/10 00:56:48 Error: LoadPoint not found! Model = 'hunterCab01', lp = LP_SML01 for Vehicle id = 98452 prototype = 'Hunter02'
E            Affix.cpp[0075]08/10 00:57:25 Error: attempt to apply affix 'excellent_gun' for property 'Accuracy' of RocketLauncher id = 65748 prototype = 'hunterLauncher'
E            Affix.cpp[0075]08/10 00:57:25 Error: attempt to apply affix 'with_laser_sight_gun' for property 'Accuracy' of RocketLauncher id = 65748 prototype = 'hunterLauncher'
E            Affix.cpp[0075]08/10 00:57:25 Error: attempt to apply affix 'rusty_gun' for property 'Accuracy' of RocketLauncher id = 65748 prototype = 'hunterLauncher'
E          Vehicle.cpp[5160]08/10 00:57:25 Error: LoadPoint not found: LP_SSP03L for model 'dozerChassis'
E          Vehicle.cpp[5160]08/10 00:57:25 Error: LoadPoint not found: LP_SSP03L for model 'dozerChassis'
E          Vehicle.cpp[5160]08/10 00:57:25 Error: LoadPoint not found: LP_SSP03L for model 'dozerChassis'
E ComplexPhysicObj.cpp[1428]08/10 00:57:25 Error: LoadPoint not found! Model = 'uralCab01', lp = LP_BIG01 for Vehicle id = 115073 prototype = 'Ural02'
E ComplexPhysicObj.cpp[1428]08/10 00:57:25 Error: LoadPoint not found! Model = 'uralCab01', lp = LP_BIG02 for Vehicle id = 115073 prototype = 'Ural02'
E ComplexPhysicObj.cpp[1428]08/10 00:57:25 Error: LoadPoint not found! Model = 'uralCab01', lp = LP_BIG02 for Vehicle id = 115073 prototype = 'Ural02'
E ComplexPhysicObj.cpp[1428]08/10 00:57:25 Error: LoadPoint not found! Model = 'uralCab01', lp = LP_BIG01 for Vehicle id = 115033 prototype = 'Ural02'
E ComplexPhysicObj.cpp[1428]08/10 00:57:25 Error: LoadPoint not found! Model = 'uralCab01', lp = LP_BIG02 for Vehicle id = 115033 prototype = 'Ural02'
E ComplexPhysicObj.cpp[1428]08/10 00:57:25 Error: LoadPoint not found! Model = 'uralCab01', lp = LP_BIG02 for Vehicle id = 115033 prototype = 'Ural02'
E ComplexPhysicObj.cpp[1428]08/10 00:57:25 Error: LoadPoint not found! Model = 'fighterCab01', lp = LP_BIG01 for Vehicle id = 98501 prototype = 'Fighter02'
E ComplexPhysicObj.cpp[1428]08/10 00:57:25 Error: LoadPoint not found! Model = 'molokovozCab01', lp = LP_SML01 for Vehicle id = 98491 prototype = 'Molokovoz02'
E ComplexPhysicObj.cpp[1428]08/10 00:57:25 Error: LoadPoint not found! Model = 'molokovozCargo01', lp = LP_BIG01 for Vehicle id = 98491 prototype = 'Molokovoz02'
E ComplexPhysicObj.cpp[1428]08/10 00:57:25 Error: LoadPoint not found! Model = 'fighterCab01', lp = LP_BIG01 for Vehicle id = 98785 prototype = 'Fighter02'
E ComplexPhysicObj.cpp[1428]08/10 00:57:25 Error: LoadPoint not found! Model = 'fighterCab01', lp = LP_BIG01 for Vehicle id = 82108 prototype = 'Fighter02'
E ComplexPhysicObj.cpp[1428]08/10 00:57:25 Error: LoadPoint not found! Model = 'hunterCab01', lp = LP_BIG01 for Vehicle id = 33100 prototype = 'Hunter02'
E ComplexPhysicObj.cpp[1428]08/10 00:57:25 Error: LoadPoint not found! Model = 'hunterCab01', lp = LP_SML01 for Vehicle id = 33100 prototype = 'Hunter02'
E ComplexPhysicObj.cpp[1428]08/10 00:57:25 Error: LoadPoint not found! Model = 'hunterCab01', lp = LP_SML01 for Vehicle id = 33100 prototype = 'Hunter02'
E ComplexPhysicObj.cpp[1428]08/10 00:57:25 Error: LoadPoint not found! Model = 'hunterCab01', lp = LP_BIG01 for Vehicle id = 33123 prototype = 'Hunter02'
E ComplexPhysicObj.cpp[1428]08/10 00:57:25 Error: LoadPoint not found! Model = 'hunterCab01', lp = LP_SML01 for Vehicle id = 33123 prototype = 'Hunter02'
E ComplexPhysicObj.cpp[1428]08/10 00:57:25 Error: LoadPoint not found! Model = 'hunterCab01', lp = LP_SML01 for Vehicle id = 33123 prototype = 'Hunter02'
E ComplexPhysicObj.cpp[1428]08/10 00:57:25 Error: LoadPoint not found! Model = 'belazCab05', lp = LP_SML01 for Vehicle id = 33156 prototype = 'Belaz01'
I        SplashWnd.cpp[0244]08/10 01:00:42 Start splashing 11
I   TruxxUiManager.cpp[1422]08/10 01:00:42 Game mode changed. Old mode = 0, new mode = 0
I    GameUiManager.cpp[0405]08/10 01:00:42 Interface: is clearing...
I    GameUiManager.cpp[0495]08/10 01:00:42 Interface: is cleared successfully
I           view32.cpp[1048]08/10 01:00:42 -- Loading Level: data\maps\r1m9.ssl --
I            world.cpp[0132]08/10 01:00:42 ----------------------- World Loading
F        landscape.cpp[1674]08/10 01:00:42  +- Enter function: Landscape::Load()
I        landscape.cpp[1911]08/10 01:00:42  |  ----------------------- Normal map loaded in: 18
I        landscape.cpp[1920]08/10 01:00:43  |  ----------------------- Tiles loaded in: 955
I        landscape.cpp[1944]08/10 01:00:43  |  ----------------------- ShoreLine loaded in: 2
F        landscape.cpp[1944]08/10 01:00:43  +- Exit function: Landscape::Load()
I            world.cpp[0169]08/10 01:00:43 ----------------------- Landscape loaded in: 1080
I       DataServer.cpp[0587]08/10 01:00:43 Loading Servers: data\maps\r1m9\servers.xml
E       DraftModel.cpp[1002]08/10 01:00:43 Error: Couldn't load texture data\models\vehicles\belaz\cab01_mt.dds for model cargov1.gam
E       DraftModel.cpp[1002]08/10 01:00:43 Error: Couldn't load texture data\models\vehicles\belaz\cab01_mt.dds for model cargov1.gam
E       DraftModel.cpp[1002]08/10 01:00:43 Error: Couldn't load texture data\models\vehicles\belaz\cab01_mt.dds for model cargov1.gam
E       DraftModel.cpp[1002]08/10 01:00:43 Error: Couldn't load texture data\models\vehicles\belaz\cab01_mt.dds for model cargov1.gam
I           Kernel.cpp[0280]08/10 01:00:43 EffectImpl: failed to load fx file 'data/shaders/diffuse_detail.fx' with: No D3DX error message.
I           Kernel.cpp[0280]08/10 01:00:44 EffectImpl: failed to load fx file 'data/shaders/tree_nolights.fx' with: No D3DX error message.
I           Kernel.cpp[0280]08/10 01:00:44 EffectImpl: failed to load fx file 'data/shaders/tree_nolights.fx' with: No D3DX error message.
I           Kernel.cpp[0280]08/10 01:00:44 EffectImpl: failed to load fx file 'data/shaders/tree_nolights.fx' with: No D3DX error message.
I           Kernel.cpp[0280]08/10 01:00:44 EffectImpl: failed to load fx file 'data/shaders/tree_nolights.fx' with: No D3DX error message.
E serverAnimatedModel.cpp[0627]08/10 01:00:44 ServerAnimatedModels: cannot read file: file:data\models\AnimModels.xml id = brick_debris1
E serverAnimatedModel.cpp[0627]08/10 01:00:44 ServerAnimatedModels: cannot read file: file:data\models\AnimModels.xml id = back_exp
E serverAnimatedModel.cpp[0627]08/10 01:00:44 ServerAnimatedModels: cannot read file: file:data\models\AnimModels.xml id = kanistr
E serverAnimatedModel.cpp[0627]08/10 01:00:44 ServerAnimatedModels: cannot read file: file:data\models\AnimModels.xml id = koroldrov
E serverAnimatedModel.cpp[0627]08/10 01:00:44 ServerAnimatedModels: cannot read file: file:data\models\AnimModels.xml id = lom
E serverAnimatedModel.cpp[0627]08/10 01:00:44 ServerAnimatedModels: cannot read file: file:data\models\AnimModels.xml id = rabochee_oborudovanie
E serverAnimatedModel.cpp[0627]08/10 01:00:44 ServerAnimatedModels: cannot read file: file:data\models\AnimModels.xml id = tobacco
E serverAnimatedModel.cpp[0627]08/10 01:00:44 ServerAnimatedModels: cannot read file: file:data\models\AnimModels.xml id = octopus01
E serverAnimatedModel.cpp[0627]08/10 01:00:44 ServerAnimatedModels: cannot read file: file:data\models\AnimModels.xml id = octopus01gun
E serverAnimatedModel.cpp[0627]08/10 01:00:44 ServerAnimatedModels: cannot read file: file:data\models\AnimModels.xml id = big_swingfire01
E serverAnimatedModel.cpp[0627]08/10 01:00:44 ServerAnimatedModels: cannot read file: file:data\models\AnimModels.xml id = big_swingfire01gun
E serverAnimatedModel.cpp[0627]08/10 01:00:44 ServerAnimatedModels: cannot read file: file:data\models\AnimModels.xml id = vulcan01
E serverAnimatedModel.cpp[0627]08/10 01:00:44 ServerAnimatedModels: cannot read file: file:data\models\AnimModels.xml id = vulcan01gun
E serverAnimatedModel.cpp[0627]08/10 01:00:44 ServerAnimatedModels: cannot read file: file:data\models\AnimModels.xml id = rainmetal01
E serverAnimatedModel.cpp[0627]08/10 01:00:44 ServerAnimatedModels: cannot read file: file:data\models\AnimModels.xml id = rainmetal01gun
E serverAnimatedModel.cpp[0627]08/10 01:00:44 ServerAnimatedModels: cannot read file: file:data\models\AnimModels.xml id = rapier01
E serverAnimatedModel.cpp[0627]08/10 01:00:44 ServerAnimatedModels: cannot read file: file:data\models\AnimModels.xml id = rapier01gun
E serverAnimatedModel.cpp[0627]08/10 01:00:44 ServerAnimatedModels: cannot read file: file:data\models\AnimModels.xml id = giant_hurricane01
E serverAnimatedModel.cpp[0627]08/10 01:00:44 ServerAnimatedModels: cannot read file: file:data\models\AnimModels.xml id = giant_hurricane01gun
E serverAnimatedModel.cpp[0627]08/10 01:00:44 ServerAnimatedModels: cannot read file: file:data\models\AnimModels.xml id = meXaNizm
E serverAnimatedModel.cpp[0627]08/10 01:00:44 ServerAnimatedModels: cannot read file: file:data\models\AnimModels.xml id = sml1Susp01
E serverAnimatedModel.cpp[0627]08/10 01:00:44 ServerAnimatedModels: cannot read file: file:data\models\AnimModels.xml id = heavy_dot_brocken2
E serverAnimatedModel.cpp[0627]08/10 01:00:44 ServerAnimatedModels: cannot read file: file:data\models\AnimModels.xml id = heavy_dot_brocken3
E serverAnimatedModel.cpp[0627]08/10 01:00:44 ServerAnimatedModels: cannot read file: file:data\models\AnimModels.xml id = heavy_dot_brocken4
E serverAnimatedModel.cpp[0627]08/10 01:00:44 ServerAnimatedModels: cannot read file: file:data\models\AnimModels.xml id = sack_dot_brocken1
I serverAnimatedModel.cpp[0630]08/10 01:00:44 ### Total time: 1234, GAM time: 686
I       DataServer.cpp[0587]08/10 01:00:44 Loading Servers: data\models\commonservers.xml
E      serverMusic.cpp[0216]08/10 01:00:45 MusicServer: cannot read file: data\music\music.xml id = 'LaBelleTown'
E      serverMusic.cpp[0216]08/10 01:00:45 MusicServer: cannot read file: data\music\music.xml id = 'block6_driving2'
I            world.cpp[0210]08/10 01:00:45 ----------------------- Servers loaded in: 1593
I            world.cpp[0338]08/10 01:00:45 LoadWorld begin...
I            world.cpp[0350]08/10 01:00:45 %%%% read/parse xml: 92
I            world.cpp[0362]08/10 01:00:45 %%%% read from xml: 72
I            world.cpp[0444]08/10 01:00:45 %%%% link nodes: 55
I            world.cpp[0220]08/10 01:00:45 ----------------------- Nodes loaded in: 223
I            world.cpp[0228]08/10 01:00:45 ----------------------- Prefabs loaded in: 1
I            world.cpp[0247]08/10 01:00:45 ----------------------- World loaded in: 3349
I           Kernel.cpp[0280]08/10 01:00:45 EffectImpl: failed to load fx file 'data/shaders/road.fx' with: No D3DX error message.
I           Kernel.cpp[0280]08/10 01:00:45 EffectImpl: failed to load fx file 'data/shaders/road.fx' with: No D3DX error message.
I           Kernel.cpp[0280]08/10 01:00:45 EffectImpl: failed to load fx file 'data/shaders/road.fx' with: No D3DX error message.
I           Kernel.cpp[0280]08/10 01:00:45 EffectImpl: failed to load fx file 'data/shaders/road.fx' with: No D3DX error message.
I           Kernel.cpp[0280]08/10 01:00:45 EffectImpl: failed to load fx file 'data/shaders/road.fx' with: No D3DX error message.
I           Kernel.cpp[0280]08/10 01:00:45 EffectImpl: failed to load fx file 'data/shaders/road.fx' with: No D3DX error message.
I           Kernel.cpp[0280]08/10 01:00:45 EffectImpl: failed to load fx file 'data/shaders/road.fx' with: No D3DX error message.
I           Kernel.cpp[0280]08/10 01:00:45 EffectImpl: failed to load fx file 'data/shaders/road.fx' with: No D3DX error message.
I           Kernel.cpp[0280]08/10 01:00:45 EffectImpl: failed to load fx file 'data/shaders/road.fx' with: No D3DX error message.
I           Kernel.cpp[0280]08/10 01:00:45 EffectImpl: failed to load fx file 'data/shaders/road.fx' with: No D3DX error message.
I           Kernel.cpp[0280]08/10 01:00:45 EffectImpl: failed to load fx file 'data/shaders/road.fx' with: No D3DX error message.
I           Kernel.cpp[0280]08/10 01:00:45 EffectImpl: failed to load fx file 'data/shaders/road.fx' with: No D3DX error message.
I           Kernel.cpp[0280]08/10 01:00:45 EffectImpl: failed to load fx file 'data/shaders/road.fx' with: No D3DX error message.
I           Kernel.cpp[0280]08/10 01:00:45 EffectImpl: failed to load fx file 'data/shaders/road.fx' with: No D3DX error message.
I           Kernel.cpp[0280]08/10 01:00:45 EffectImpl: failed to load fx file 'data/shaders/road.fx' with: No D3DX error message.
I           Kernel.cpp[0280]08/10 01:00:45 EffectImpl: failed to load fx file 'data/shaders/road.fx' with: No D3DX error message.
